source,target,weight,sources
a-rodar,desde-afuera,1,mention
a-rodar,falso-contacto,1,mention
a-rodar,furia-genetica,1,mention
a-rodar,santa-esquina,1,mention
a-rodar,los-teddy-boys,1,mention
a-rodar,volador-g,1,mention
a-tirador-laser,221,1,bio
a-tirador-laser,2600,1,bio
a-tirador-laser,944,1,bio
a-tirador-laser,lucas-marti,2,bio
a-tirador-laser,migue-garcia,2,bio
a-tirador-laser,fernando-samalea,2,"bio,mention"
a-tirador-laser,fernando-kabusacki,1,mention
a-tirador-laser,montecarlo-jazz-ensamble,1,mention
a-tirador-laser,nico-cota,1,mention
a-tirador-laser,capri,1,mention
a-tirador-laser,daniel-melero,1,mention
animal,actitud-maria-marta,2,"bio,mention"
animal,andres-gimenez,2,bio
animal,attaque-77,2,bio
animal,botafogo,1,bio
animal,carajo,1,bio
animal,d-mente,2,bio
animal,de-la-tierra,2,bio
animal,divididos,2,bio
animal,la-renga,2,"bio,mention"
animal,las-pelotas,2,bio
animal,leon-gieco,2,bio
animal,los-piojos,1,bio
animal,los-violadores,2,"bio,mention"
animal,power-of-soul,1,bio
animal,todos-tus-muertos,2,bio
animal,cabezones,1,bio
animal,d-i-o-n-i-s-i-o-s,1,bio
animal,headroom,1,bio
animal,newgarden,1,bio
animal,raiz,1,bio
animal,rey-momo,1,bio
animal,sumo,1,bio
animal,lito-vitale,1,mention
animal,pedro-aznar,1,mention
animal,abeydon,1,mention
animal,dum,1,mention
animal,exodo,1,mention
animal,imperio,1,mention
animal,infierno-18,1,mention
animal,kapanga,1,mention
animal,loquero,1,mention
animal,open-your-kantos,1,mention
animal,proyecto-esencial,1,mention
a1,charly-garcia,1,bio
a1,maria-gabriela-epumer,2,bio
abaxial,soda-stereo,1,bio
abed-nego,pablo-molina,2,bio
abed-nego,todos-tus-muertos,1,bio
abeja-reina,heroicos-sobrevivientes,1,mention
abejorros,duna,1,bio
abejorros,nito-mestre,1,bio
abejorros,sui-generis,1,bio
abejorros,rinaldo-rafanelli,1,mention
abelardos,el-soldado,1,mention
abelardos,esas-cosas,1,mention
abelardos,las-pastillas-del-abuelo,1,mention
abelardos,las-pelotas,1,mention
abeydon,las-sombras,1,mention
abisales,humo-del-cairo,1,bio
abimsla,oscar-kreimer,1,mention
abrelatas,raul-porchetto,1,bio
abril-a-mil,soda-stereo,1,mention
abril-a-mil,zeta-bosio,1,mention
abuela-coca,ruben-rada,1,bio
abuela-coca,dale-roska,1,mention
abylon,el-otro-yo,1,mention
acapella,el-mendigo,1,mention
acapella,miguel-mateos,1,mention
acida,alina-gandini,1,bio
acida,fito-paez,1,bio
acida,tweety-gonzalez,2,bio
acido-mc,entre-rios,1,mention
acolitos-anonimos,entre-rios,1,mention
acolitos-anonimos,fernando-blanco,1,mention
acolitos-anonimos,la-mississippi,1,mention
acorazado-potemkin,don-cornelio-y-la-zona,1,bio
acorazado-potemkin,los-visitantes,1,bio
acorazado-potemkin,me-daras-mil-hijos,1,bio
acorazado-potemkin,motorama,2,"bio,mention"
acorazado-potemkin,pequena-orquesta-reincidentes,1,bio
acorazado-potemkin,valle-de-munecas,1,bio
acorralados,1-segundo-es-demasiado,1,mention
acorralados,el-bordo,1,mention
acorralados,trabajo-sucio,1,mention
acostadetodo,mariano-acosta,1,mention
actitud-maria-marta,fito-paez,1,bio
actitud-maria-marta,alika,1,bio
actitud-maria-marta,attaque-77,1,bio
actitud-maria-marta,carmina-burana,1,bio
actitud-maria-marta,chake,1,bio
actitud-maria-marta,divididos,1,bio
actitud-maria-marta,leon-gieco,2,"bio,mention"
actitud-maria-marta,las-pelotas,2,"bio,mention"
actitud-maria-marta,todos-tus-muertos,2,"bio,mention"
actitud-maria-marta,la-renga,1,mention
actitud-maria-marta,los-piojos,1,mention
actitud-maria-marta,charlie-desidney,1,mention
actitud-maria-marta,kapanga,1,mention
actitud-maria-marta,quebrantahuesos,1,mention
actitud-maria-marta,tintoreros,1,mention
actitud-sospechosa,los-piojos,1,bio
actitud-sospechosa,sumo,1,bio
actitud-sospechosa,luca-prodan,1,mention
adicta,audioperu,2,bio
adicta,fanfarron,2,bio
adicta,los-brujos,1,bio
adicta,toto,1,bio
adicta,tweety-gonzalez,1,bio
adicta,virus,1,bio
adicta,celeste-carballo,1,mention
adicta,increibles-ciudadanos-vivientes,1,mention
adicta,los-brujos-mandioca,1,mention
adicta,proyecto-verona,1,mention
adn,divididos,1,bio
adn,el-regreso,1,mention
adrian-abonizio,juan-carlos-baglietto,2,bio
adrian-abonizio,lalo-de-los-santos,1,bio
adrian-abonizio,jorge-fandermole,1,bio
adrian-abonizio,rosarinos,1,bio
adrian-abonizio,ruben-goldin,1,mention
adrian-abonizio,cristobal-repetto,1,mention
adrian-abonizio,vudu,1,mention
aeroblus,alejandro-medina,2,bio
aeroblus,pappo,2,bio
aeroblus,pappos-blues,2,bio
aeroblus,riff,1,bio
aeroplanos,cymbaline,1,bio
africana,los-autenticos-decadentes,1,bio
africana,los-fabulosos-cadillacs,1,bio
africana,los-pericos,1,bio
after-datta,sergio-chotsourian,1,mention
agente-naranja,claudio-oconnor,1,mention
agente-naranja,los-automedikados,1,mention
agosto,charly-garcia,1,bio
agosto,leon-gieco,1,bio
agosto-2,fito-paez,1,mention
agosto-2,soda-stereo,1,mention
agosto-2,tweety-gonzalez,1,mention
agrupacion-mamanis,las-manos-de-filippi,1,mention
agrupacion-musical-ayrton-senna,jaime-sin-tierra,1,bio
aguirre,gustavo-cerati,1,bio
aguirre,marcelo-moura,1,bio
aguirre,tweety-gonzalez,1,bio
aguirre,virus,1,bio
aguirre,soda-stereo,1,bio
ahlma-rock,la-mancha-de-rolando,1,mention
ainda,jorge-drexler,1,mention
airbag,el-regreso,1,mention
airbag,la-usina,1,mention
airbag,los-enanitos-verdes,1,mention
aire-reggae,los-autenticos-decadentes,1,mention
aire-reggae,los-cafres,1,mention
aires-bajos,blues-motel,1,mention
aires-bajos,de-cerca,1,mention
ajna,catupecu-machu,1,mention
ajna,las-pelotas,1,mention
akropolis-rock,luis-robinson,1,mention
al-palo,bersuit-vergarabat,1,mention
al-palo,vamos-de-vuelta,1,mention
al-palo,yocasta,1,mention
al-queen,cobra-sarli,1,mention
aladelta,dios-los-cria,1,mention
alai,jai-alai,1,bio
alakran,la-torre,1,bio
alakran,mario-ian,2,bio
alakran,devenir,1,bio
alakran,escocia,1,bio
alakran,gasolina,1,bio
alakran,hermetica,1,bio
alakran,gady-pampillon,1,bio
alakran,rata-blanca,1,bio
alambre-y-la-doble-nelson,claudia-puyo,1,bio
alambre-y-la-doble-nelson,daniel-alambre-gonzalez,2,bio
alas,alma-y-vida,2,bio
alas,pedro-aznar,2,bio
alas,diga-33,1,bio
alas,tia-newton,1,bio
alejandro-alaci,los-brujos,2,"bio,mention"
alejandro-alaci,electron,1,bio
alejandro-alaci,los-brujos-mandioca,1,mention
alejandro-alaci,klemm,1,mention
alem,luzbel,1,bio
aleman-grup,el-aleman,1,mention
aleman-grup,fernando-goin,1,mention
aleman-grup,julieta-rada,1,mention
aleman-grup,karma-sudaca,1,mention
aleman-grup,leon-gieco,1,mention
aleman-grup,luis-salinas,1,mention
alerta-roja,los-helicopteros,1,mention
alerta-roja,luca-prodan,1,mention
alerta-roja,expulsados,1,mention
alfajores-de-la-pampa-seca,juan-carlos-baglietto,1,bio
alfajores-de-la-pampa-seca,los-ratones-paranoicos,1,bio
alfajores-de-la-pampa-seca,memphis-la-blusera,1,bio
alfajores-de-la-pampa-seca,pappo,1,bio
alfiler-de-gancho,el-regreso,1,mention
alfiler-de-gancho,julio-y-agosto,1,mention
alfiler-de-gancho,katarro-vandaliko,1,mention
alfiler-de-gancho,la-gente,1,mention
alfiler-de-gancho,matt-buzz,1,mention
alfonso-el-pintor,juan-stewart,1,mention
alfonso-el-pintor,marcelo-ezquiaga,1,mention
alfonso-el-pintor,russ,1,mention
algo-mejor,antagonistas,1,mention
algo-mejor,fabiana-cantilo,1,mention
alianza,adrian-barilari,1,bio
alianza,hugo-bistolfi,2,bio
alika,el-natty-combo,1,bio
alimana,el-muro,1,mention
all-the-hats,eterna-inocencia,1,mention
all-the-hats,jordan,1,mention
all-the-hats,mustang-sally,1,mention
alma-y-vida,arco-iris,1,bio
alma-y-vida,bernardo-baraj,2,bio
alma-y-vida,carlos-mellino,2,bio
alma-y-vida,manal,1,bio
alma-y-vida,vox-dei,1,bio
alma-y-vida,jose-alberto-iglesias-tanguito,1,bio
almafuerte,claudio-marciello,2,bio
almafuerte,flavio-cianciarulo,1,bio
almafuerte,hermetica,2,bio
almafuerte,iorio-flavio,1,bio
almafuerte,los-fabulosos-cadillacs,1,bio
almafuerte,ricardo-iorio,2,bio
almafuerte,v8,1,bio
almafuerte,carlos-garcia-lopez,1,bio
almafuerte,leon-gieco,1,bio
almafuerte,iorio-cianciarulo,1,bio
almafuerte,malon,1,bio
almafuerte,pez,1,bio
almendra,75,1,bio
almendra,edelmiro-molinari,2,bio
almendra,emilio-del-guercio,2,bio
almendra,los-gatos,1,bio
almendra,luis-alberto-spinetta,2,bio
almendra,manal,2,bio
almendra,aquelarre,1,bio
almendra,juan-carlos-baglietto,1,bio
almendra,la-barraca,1,bio
almendra,color-humano,1,bio
almendra,lalo-de-los-santos,1,bio
almendra,la-electrica-rioplatense,1,bio
almendra,david-lebon,1,bio
almendra,medellin,1,bio
almendra,oscar-moro,1,bio
almendra,pescado-rabioso,1,bio
almendra,ricardo-soule,1,bio
almendra,spinetta-jade,1,bio
almendra,tantor,1,bio
almendra,vox-dei,1,bio
almendra,la-linea,1,mention
alphonso-sentrega,rinaldo-rafanelli,2,bio
alphonso-sentrega,los-romeos,1,mention
alter-ego,drelo,1,mention
alter-ego,ionico,1,mention
alter-ego,kobra-key,1,mention
alto-guiso,hugo-lobo,1,mention
altocamet,gustavo-cerati,1,mention
alucinado,2909,1,bio
alucinaria,los-gatos,1,bio
alumbra,juana-la-loca,1,mention
alunacy,francisco-bochaton,1,mention
alunacy,peligrosos-gorriones,1,mention
alunar,cabezones,1,bio
alvy-singer,juliana-gattas,1,mention
alvy-singer,maria-ezquiaga,1,mention
alvy-singer,pablo-dacal,1,mention
amarillo,arbol,1,bio
amarillo,los-pericos,1,bio
amarillo,miranda,1,bio
amarillo,nuca,1,bio
amarillo,panza,1,bio
amarillo,mariana-bianchini,1,mention
amarillo,nicolas-martin,1,mention
amarillo-urbano,sebastian-defranchesco,1,mention
ambassador,deborah-dixon,1,mention
ambassador,diego-frenkel,1,mention
ambassador,francisco-bochaton,1,mention
ambassador,gustavo-cerati,1,mention
ambassador,la-portuaria,1,mention
ambassador,leo-garcia,1,mention
amberes,riel,1,bio
amerikan-mystic,el-natty-combo,1,mention
amerikan-mystic,la-conexion,1,mention
amerikan-mystic,patricia-sosa,1,mention
amerikan-mystic,reggae-rockers,1,mention
amor-elefante,el-sur,1,mention
amor-en-la-isla,sol-marianela,1,bio
amor-en-la-isla,buenos-aires-karma,1,mention
amor-en-la-isla,los-brujos-mandioca,1,mention
amperia,catupecu-machu,1,mention
amperia,las-pelotas,1,mention
ana-sol-y-la-candela,gaspar-om,1,mention
ana-sol-y-la-candela,los-umbanda,1,mention
ana-sol-y-la-candela,pablo-molina,1,mention
anacrusa,el-regreso,1,mention
analia-y-los-accesorios,el-secreto,1,mention
andando-descalzo,catupecu-machu,1,bio
andando-descalzo,karamelo-santo,1,bio
andando-descalzo,las-manos-de-filippi,1,bio
andando-descalzo,arde-roma,1,bio
andando-descalzo,palo-pandolfo,1,mention
andando-descalzo,d-cima,1,mention
andando-descalzo,locos-de-turno,1,mention
andando-descalzo,se-va-el-camello,1,mention
anden-sur,11478,1,bio
anden-sur,javier-garcia,2,mention
andrea-alvarez,attaque-77,1,bio
andrea-alvarez,charly-garcia,1,bio
andrea-alvarez,divididos,1,bio
andrea-alvarez,erica-garcia,1,bio
andrea-alvarez,gustavo-cerati,1,bio
andrea-alvarez,lito-vitale,1,bio
andrea-alvarez,soda-stereo,2,"bio,mention"
andrea-alvarez,viuda-e-hijas-de-roque-enrol,1,bio
andrea-alvarez,rouge,1,bio
andrea-alvarez,richard-coleman,1,mention
andrea-alvarez,zeta-bosio,1,mention
andrea-alvarez,bittrox,1,mention
andrea-alvarez,kevin-johansen,1,mention
andrea-alvarez,miss-bolivia,1,mention
andrea-alvarez,nativo,1,mention
andrea-alvarez,pampas-electricas,1,mention
andrea-alvarez,super-yo,1,mention
andrea-alvarez,los-tonicos,1,mention
andrea-alvarez,thc,1,mention
anetol-delmonte,las-pelotas,1,bio
angela-tullida,chillan-las-bestias,1,mention
angela-tullida,noches-florentinas,1,mention
angeles-clandestinos,jovenes-pordioseros,1,mention
anima-triple,catupecu-machu,1,mention
anima-triple,los-piojos,1,mention
antagonistas,5ta-del-lobo,1,mention
antagonistas,viejo-empedrado,1,mention
antu,yenifer-y-su-auto-magico,1,bio
apatia,lucila-cueva,1,mention
apatia,proceso-a-ricutti,1,mention
aqm,4045,1,bio
aqm,4776,1,bio
aqm,david-bolzoni,1,bio
aqm,antonio-birabent,1,mention
aqm,kevin-johansen,1,mention
aqm,la-portuaria,1,mention
aquelarre,emilio-del-guercio,2,bio
aquelarre,la-electrica-rioplatense,1,bio
aquelarre,tantor,1,bio
aquelarre,tia-newton,1,bio
aquelarre,carlos-cutaia,1,mention
aquelarre,hector-starc,1,mention
aquilae,litto-nebbia,1,bio
ararat,fin-del-mundo,1,mention
ararat,sergio-chotsourian,1,mention
arbol,attaque-77,1,bio
arbol,bersuit-vergarabat,1,bio
arbol,eduardo-schmidt,2,bio
arbol,gustavo-santaolalla,1,bio
arbol,los-caballeros-de-la-quema,1,bio
arbol,matias-chavez-mendez,2,bio
arbol,desierto-y-agua,1,bio
arbol,flor,1,bio
arbol,guillermina,1,bio
arbol,josefina-pretende,1,bio
arbol,nuca,1,bio
arbol,rey-momo,1,bio
arbol,sancamaleon,1,bio
arbol,sr-valdez,1,bio
arbol,los-tipitos,2,"bio,mention"
arbol,fernando-ruiz-diaz,1,mention
arbolito,gran-martell,1,mention
arbolito,jorge-pinchevsky,1,mention
arbolito,la-renga,1,mention
arbolito,leon-gieco,1,mention
arbolito,liliana-herrero,1,mention
arco-iris,gustavo-santaolalla,2,"bio,mention"
arco-iris,contraluz,1,bio
arco-iris,leon-gieco,1,bio
arco-iris,miguel-krochik,1,bio
arco-iris,soluna,1,bio
arco-iris,yabor,1,mention
arde-roma,josefita,1,bio
area-oceano,charly-garcia,1,mention
area-oceano,fabiana-cantilo,1,mention
argies,attaque-77,1,bio
argies,todos-tus-muertos,1,bio
ariadna-project,las-sombras,1,mention
ariadna-project,rata-blanca,1,mention
ariadna-project,eterna-hard-rock,1,mention
arkadia,dios-los-cria,1,mention
arkadia,rata-blanca,1,mention
armando-flores,la-traktora,1,mention
armant,pescado-rabioso,1,mention
arpeghy,adrian-barilari,1,mention
arpeghy,parte-del-asunto,1,mention
arpeghy,rata-blanca,1,mention
arpeghy,saul-blanch,1,mention
arsis,el-regreso,1,mention
arsis,litto-nebbia,1,mention
arsis,ricardo-soule,1,mention
arsis,vox-dei,1,mention
artesanales,los-tipitos,1,mention
artico,la-mississippi,1,bio
as,falsos-profetas,1,mention
as-y-la-masa-atomica,lautaro-barcelo,1,mention
ascensor,los-enanitos-verdes,1,bio
ases-muertos,la-chusma,1,mention
ases-muertos,las-pastillas-del-abuelo,1,mention
asesinos-cereales,2-minutos,1,mention
asesinos-cereales,attaque-77,1,mention
asesinos-cereales,cadena-perpetua,1,mention
asesinos-cereales,ciro-pertusi,1,mention
asesinos-cereales,las-manos-de-filippi,1,mention
asesinos-cereales,los-autenticos-decadentes,1,mention
asesinos-cereales,diagonal-18,1,mention
asesinos-cereales,las-plantas-no-pecan,1,mention
asesinos-cereales,piquete-de-ojos,1,mention
astenia,3937,1,bio
astenia,las-pelotas,1,bio
astro-bonzo,emilio-del-guercio,1,mention
astro-bonzo,la-cruda,1,mention
astro-bonzo,la-movida,1,mention
astro-bonzo,litto-nebbia,1,mention
astro-bonzo,los-gatos,1,mention
astroblues,la-mississippi,1,bio
astroboy,los-mockers,1,bio
astroboy,martin-rivero,1,bio
astropolo,fernando-kabusacki,1,mention
astropolo,tweety-gonzalez,1,mention
astropolo,ulises-butron,1,mention
atentado-arrabalero-2,ioja,1,bio
atlante,3866,1,bio
atlante,fito-paez,1,mention
atlante,juana-la-loca,1,mention
atlante,panico-ramirez,1,mention
atlante,proyecto-verona,1,mention
atlante,rosario-blefari,1,mention
atlanticus,gustavo-cerati,1,bio
atlantida,divididos,1,bio
atlantida,la-renga,1,bio
atomico-ser,abril-sosa,1,mention
atomico-ser,catupecu-machu,1,mention
atomico-ser,cuentos-borgeanos,1,mention
atomico-ser,el-corte,1,mention
atras-hay-truenos,das-shutter-pal,1,mention
atropello-carregal,eruca-sativa,1,mention
attaque-77,ciro-pertusi,2,bio
attaque-77,divididos,2,bio
attaque-77,el-otro-yo,2,bio
attaque-77,la-renga,1,bio
attaque-77,las-pelotas,2,bio
attaque-77,leon-gieco,2,bio
attaque-77,los-piojos,1,bio
attaque-77,los-siete-delfines,1,bio
attaque-77,luca-prodan,1,bio
attaque-77,pez,2,bio
attaque-77,todos-tus-muertos,2,bio
attaque-77,los-autenticos-decadentes,1,bio
attaque-77,bien-desocupados,1,bio
attaque-77,boas-teitas,1,bio
attaque-77,los-bastarddos,1,bio
attaque-77,fabiana-cantilo,1,bio
attaque-77,d-i-o-n-i-s-i-o-s,1,bio
attaque-77,de-romanticistas-shaolins,1,bio
attaque-77,extremo-03,1,bio
attaque-77,erica-garcia,1,bio
attaque-77,jauria,1,bio
attaque-77,katarro-vandaliko,1,bio
attaque-77,mamporro,1,bio
attaque-77,otra-vez-sopa,1,bio
attaque-77,rata-blanca,1,bio
attaque-77,suite-19,1,bio
attaque-77,sumo,1,bio
attaque-77,villanos,1,bio
attaque-77,virus,1,bio
attaque-77,2-minutos,1,bio
attaque-77,alfredo-casero,1,mention
attaque-77,ariel-minimal,1,mention
attaque-77,gustavo-cordera,1,mention
attaque-77,michel-peyronel,1,mention
attaque-77,mimi-maura,1,mention
attaque-77,bodishadwa,1,mention
attaque-77,buffer,1,mention
attaque-77,contragolpe,1,mention
attaque-77,coverheads,1,mention
attaque-77,sonia-chammah,1,mention
attaque-77,sonia-chammah-2,1,mention
attaque-77,doble-fuerza,1,mention
attaque-77,embajada-boliviana,1,mention
attaque-77,expulsados,1,mention
attaque-77,flema,1,mention
attaque-77,el-hombre,1,mention
attaque-77,hyperstatic,1,mention
attaque-77,las-morochas,1,mention
attaque-77,mal-momento,1,mention
attaque-77,mal-pasar,1,mention
attaque-77,melian,1,mention
attaque-77,mil-hormigas,1,mention
attaque-77,murcielagos,1,mention
attaque-77,mysense,1,mention
attaque-77,nativo,1,mention
attaque-77,ocaso-2012,1,mention
attaque-77,orquest,1,mention
attaque-77,los-pericos,1,mention
attaque-77,superlasciva,1,mention
attaque-77,the-johns,1,mention
attaque-77,wdk,1,mention
attaque-77,13-vellocet,1,mention
attaque-77,250-centavos,1,mention
attomo,emmanuel-horvilleur,1,mention
attomo,leo-garcia,1,mention
atzmus,jorge-drexler,1,mention
aucan,leon-gieco,1,bio
aucan,miguel-y-eugenio,1,bio
audiopark,gaspar-benegas,1,bio
audiopark,gran-martell,1,mention
audiopark,las-pelotas,1,mention
audiopark,nicolas-sorin,1,mention
audioperu,daniel-melero,1,mention
audioperu,tweety-gonzalez,1,mention
audire,juan-pollo-raffo,1,mention
audire,mariano-otero,1,mention
auditores,alejandro-lerner,1,bio
auditores,cero-absoluto,1,mention
auge,daniel-melero,1,bio
auge,los-siete-delfines,1,bio
auge,lucho-cervi,2,bio
austria,el-sur,1,mention
autobus,380,1,bio
autobus,los-shakers,1,bio
autobus,los-rancheros,1,bio
autobus,schanzenbach,1,bio
autobus,david-lebon,1,mention
autobus,hugo-fattoruso,1,mention
automatica,mundo-kronhela,1,bio
autonautas-2,sin-nombre,1,mention
autopista-61,black-amaya,1,mention
autopista-61,blues-motel,1,mention
autopista-61,la-mississippi,1,mention
autopista-61,pescado-rabioso,1,mention
avant-press,daniel-melero,1,bio
avant-press,gustavo-cerati,1,bio
avant-press,leo-garcia,2,bio
avant-press,soda-stereo,1,bio
avant-press,bristol,1,bio
avant-press,el-otro-yo,1,bio
avant-press,los-gatos,1,mention
avant-press,lujuria,1,mention
avanti-esperanza,che-sudaka,1,mention
avanti-esperanza,dancing-mood,1,mention
avanti-esperanza,hugo-lobo,1,mention
avanti-esperanza,karamelo-santo,1,mention
avanti-esperanza,la-gestacion,1,mention
ave,tweety-gonzalez,1,bio
ave-cesar,la-renga,1,mention
ave-cesar,memphis-la-blusera,1,mention
ave-negra,diabla-la,1,mention
ave-negra,los-ratones-paranoicos,1,mention
ave-rock,daddy-antogna-y-los-de-helio,1,mention
avernal,jesus-martyr,1,mention
azafata,miranda,1,bio
azafata,soda-stereo,1,bio
azafata,emmanuel-horvilleur,1,mention
azafata,zeta-bosio,1,mention
aznar-lebon,david-lebon,1,bio
aznar-lebon,pedro-aznar,1,bio
aznar-lebon,seru-giran,1,bio
aztecas-tupro,catupecu-machu,1,bio
aztecas-tupro,karamelo-santo,1,bio
aztecas-tupro,fernando-ruiz-diaz,1,mention
aztecas-tupro,la-chancha-muda,1,mention
aztecas-tupro,espiral,1,mention
aztecas-tupro,intimuru,1,mention
aztecas-tupro,sr-valdez,1,mention
black-amaya,138,1,bio
black-amaya,242,1,bio
black-amaya,alejandro-medina,1,bio
black-amaya,hector-starc,1,bio
black-amaya,juanse,1,bio
black-amaya,la-pesada-del-rocanrol,1,bio
black-amaya,las-blacanblus,1,bio
black-amaya,los-robertones,2,bio
black-amaya,luis-alberto-spinetta,2,bio
black-amaya,pappos-blues,2,bio
black-amaya,pescado-rabioso,2,"bio,mention"
black-amaya,black-amaya-quinteto,1,bio
black-amaya,la-banda-del-paraiso,2,"bio,mention"
black-amaya,engranaje,1,bio
black-amaya,pappo,1,bio
black-amaya,david-lebon,2,mention
black-amaya,jorge-pinchevsky,1,mention
black-amaya,kubero-diaz,1,mention
black-amaya,machy-madco,2,mention
black-amaya,jorge-capello,1,mention
black-amaya,osvaldo-bocon-frascino,1,mention
black-amaya,hilda-lizarazu,1,mention
black-amaya,mad,1,mention
black-amaya,parte-del-asunto,1,mention
black-amaya,pegaso,1,mention
black-amaya,pier,1,mention
black-amaya,viniloss-blues,1,mention
carina-alfie,lunaticas,1,mention
daniel-alambre-gonzalez,mam,1,bio
daniel-alambre-gonzalez,claudia-puyo,1,mention
daniel-alambre-gonzalez,super-yo-yo,1,mention
el-adoquin,gady-pampillon,2,"bio,mention"
el-adoquin,rinaldo-rafanelli,1,bio
el-ahujero,ocaso-2012,1,mention
el-ajenjo,sikarios,1,mention
el-aleman,los-acetones,1,mention
el-aleman,fierro-y-cruz,1,mention
el-atolon-de-funafuti,el-soldado,1,mention
el-atolon-de-funafuti,entre-rios,1,mention
el-atolon-de-funafuti,las-morochas,1,mention
el-atolon-de-funafuti,las-pastillas-del-abuelo,1,mention
federico-arroyo,4968,1,bio
federico-arroyo,bersuit-vergarabat,1,bio
federico-arroyo,caballito-el-16,2,mention
florencia-andrada,ciro-fogliatta,2,mention
florencia-andrada,easy-babies,1,mention
florencia-andrada,gabriel-gratzer,1,mention
florencia-andrada,tamesis,1,mention
gabriel-ardanaz,bauer,1,bio
gabriel-ardanaz,juan-stewart,1,mention
gonzalo-aloras,fito-paez,2,"bio,mention"
gonzalo-aloras,mortadela-rancia,2,bio
gonzalo-aloras,charly-garcia,1,mention
gonzalo-aloras,deborah-de-corral,1,mention
gonzalo-aloras,guillermo-vadala,1,mention
gonzalo-aloras,intrepidos-navegantes,1,mention
gonzalo-aloras,javier-malosetti,1,mention
gonzalo-aloras,juan-ingaramo,2,mention
gonzalo-aloras,lito-vitale,1,mention
gonzalo-aloras,litto-nebbia,1,mention
gonzalo-aloras,los-ratones-paranoicos,1,mention
gonzalo-aloras,luis-alberto-spinetta,1,mention
gonzalo-aloras,coki-y-the-killer-burritos,1,mention
gonzalo-aloras,francisca-y-les-exploradores,1,mention
gonzalo-aloras,infierno-18,1,mention
gonzalo-aloras,la-nave-de-carton,1,mention
gonzalo-aloras,nicolas-pauls,1,mention
ignacio-arigos,leandro-kalen,1,mention
ignacio-arigos,la-nave-de-carton,1,mention
jorge-araujo,d-cima,1,mention
jorge-araujo,decima,1,mention
jorge-araujo,divididos,1,mention
jorge-araujo,gran-martell,1,mention
jorge-araujo,ovejas,1,mention
jorge-araujo,renacer,1,mention
juan-absatz,fito-paez,1,mention
juan-absatz,javier-calamaro,1,mention
juan-absatz,jorge-serrano,1,mention
juan-absatz,los-twist,1,mention
juan-absatz,mariano-otero,1,mention
juan-absatz,don-adams,1,mention
juan-absatz,santiago-gonella,1,mention
juan-absatz,leandro-rostein,1,mention
la-armada-cosmica,juanse,1,bio
la-asociacion,los-siete-delfines,1,bio
la-asociacion,demonios-de-tasmania,1,mention
la-asociacion,walter-giardino,1,mention
la-asociacion,medula,1,mention
la-asociacion,narcoiris,1,mention
la-asociacion,sebastian-zanetto-grupo,1,mention
la-asociacion,julian-venegas,1,mention
la-asociacion,verteramo-trio,1,mention
las-armas,las-armas-bs-as,1,mention
las-armas,negusa-reggae,1,mention
las-armas-bs-as,el-perrodiablo,1,mention
leandro-aput,cabezones,2,bio
leandro-aput,karamelo-santo,1,bio
lisandro-aristimuno,mariana-baraj,2,"bio,mention"
lisandro-aristimuno,boom-boom-kid,1,mention
lisandro-aristimuno,cristobal-repetto,2,mention
lisandro-aristimuno,fabiana-cantilo,1,mention
lisandro-aristimuno,hilda-lizarazu,2,mention
lisandro-aristimuno,kevin-johansen,1,mention
lisandro-aristimuno,la-experiencia,1,mention
lisandro-aristimuno,liliana-herrero,1,mention
lisandro-aristimuno,me-daras-mil-hijos,1,mention
lisandro-aristimuno,alfonso-barbieri,1,mention
lisandro-aristimuno,infusion-kamachui,1,mention
lisandro-aristimuno,fernando-kabusacki,1,mention
lisandro-aristimuno,la-mono,1,mention
lisandro-aristimuno,palo-pandolfo,1,mention
lisandro-aristimuno,rosal,1,mention
lisandro-aristimuno,lucia-tacchetti,1,mention
lorena-astudillo,sebastian-zanetto-grupo,1,mention
los-abuelos-de-la-nada,andres-calamaro,2,bio
los-abuelos-de-la-nada,cachorro-lopez,2,bio
los-abuelos-de-la-nada,charly-garcia,2,bio
los-abuelos-de-la-nada,claudio-gabis,2,bio
los-abuelos-de-la-nada,daniel-melingo,2,bio
los-abuelos-de-la-nada,gringui-herrera,2,"bio,mention"
los-abuelos-de-la-nada,gustavo-bazterrica,2,bio
los-abuelos-de-la-nada,kubero-diaz,2,bio
los-abuelos-de-la-nada,luis-alberto-spinetta,1,bio
los-abuelos-de-la-nada,miguel-abuelo,2,bio
los-abuelos-de-la-nada,pappo,2,bio
los-abuelos-de-la-nada,sueter,2,bio
los-abuelos-de-la-nada,bunnder,1,bio
los-abuelos-de-la-nada,willy-crook,1,bio
los-abuelos-de-la-nada,desague-varela,1,bio
los-abuelos-de-la-nada,los-fabulosos-cadillacs,1,bio
los-abuelos-de-la-nada,hector-pomo-lorenzo,1,bio
los-abuelos-de-la-nada,lhgs,1,bio
los-abuelos-de-la-nada,los-maxilares-de-peron,1,bio
los-abuelos-de-la-nada,manal,1,bio
los-abuelos-de-la-nada,fito-paez,2,"bio,mention"
los-abuelos-de-la-nada,patricio-rey-y-sus-redonditos-de-ricota,1,bio
los-abuelos-de-la-nada,los-rodriguez,1,bio
los-abuelos-de-la-nada,septima-ola,1,bio
los-abuelos-de-la-nada,jorge-capello,1,mention
los-abuelos-de-la-nada,cristobal-repetto,1,mention
los-abuelos-de-la-nada,telexx,1,mention
los-aggrotones,mimi-maura,1,bio
los-alamos,laydown,1,mention
los-andes,boas-teitas,1,mention
los-andes,jimena-lopez-chaplin,1,mention
los-andes,los-campos-magneticos,1,mention
los-andes,los-peyotes,1,mention
los-andes,nacho-rodriguez,1,mention
los-andes,pablo-krantz,1,mention
los-andes,cualquier-limon,1,mention
los-andes,das-shutter-pal,1,mention
los-andes,eravolta,1,mention
los-andes,raul-rulo-fernandez,1,mention
los-andes,hormigas-negras,1,mention
los-andes,la-legion-mejia,1,mention
los-andes,sumo,1,mention
los-andes,y-edward-platt-como-el-jefe,1,mention
los-animales,los-animales-superforros,1,mention
los-animalitos,andres-calamaro,1,bio
los-animalitos,los-autenticos-decadentes,1,bio
los-animalitos,cuino,1,mention
los-animalitos,jorge-serrano,1,mention
los-animalitos,la-murga,1,mention
los-antiguos,hysteria-lunar,1,mention
los-arcontes,marcelo-roascio,1,bio
los-arcontes,laura-goldar,1,mention
los-arcontes,padre,1,mention
los-argentinos,gigio,1,mention
los-asteroids,la-movida,1,mention
los-autenticos-decadentes,babasonicos,1,bio
los-autenticos-decadentes,daniel-melero,1,bio
los-autenticos-decadentes,javier-calamaro,2,"bio,mention"
los-autenticos-decadentes,jorge-serrano,2,bio
los-autenticos-decadentes,los-pericos,1,bio
los-autenticos-decadentes,todos-tus-muertos,1,bio
los-autenticos-decadentes,turf,1,bio
los-autenticos-decadentes,los-cafres,2,"bio,mention"
los-autenticos-decadentes,braulio-daguirre,1,bio
los-autenticos-decadentes,los-fabulosos-cadillacs,1,bio
los-autenticos-decadentes,klub,1,bio
los-autenticos-decadentes,la-mancha-de-rolando,1,bio
los-autenticos-decadentes,no-te-va-gustar,1,bio
los-autenticos-decadentes,sponsors,1,bio
los-autenticos-decadentes,sumo,1,bio
los-autenticos-decadentes,andrea-prodan,1,mention
los-autenticos-decadentes,catupecu-machu,1,mention
los-autenticos-decadentes,celeste-carballo,1,mention
los-autenticos-decadentes,daniel-melingo,1,mention
los-autenticos-decadentes,diego-cebolla-demarco,1,mention
los-autenticos-decadentes,dread-mar-i,1,mention
los-autenticos-decadentes,emmanuel-horvilleur,1,mention
los-autenticos-decadentes,joaquin-levinton,1,mention
los-autenticos-decadentes,leon-gieco,1,mention
los-autenticos-decadentes,los-caligaris,2,mention
los-autenticos-decadentes,los-de-fuego,1,mention
los-autenticos-decadentes,pablo-molina,1,mention
los-autenticos-decadentes,la-bomba-de-tiempo,1,mention
los-autenticos-decadentes,cinerama-2,1,mention
los-autenticos-decadentes,los-cuerpos,1,mention
los-autenticos-decadentes,el-dorado,1,mention
los-autenticos-decadentes,jimena-lopez-chaplin,1,mention
los-autenticos-decadentes,lo-bruno,1,mention
los-autenticos-decadentes,lo-bruno-2,1,mention
los-autenticos-decadentes,el-magnifico-sonido-91bis,1,mention
los-autenticos-decadentes,novafenix,1,mention
los-autenticos-decadentes,perro-ciego,1,mention
los-autenticos-decadentes,pezones-cardozo,1,mention
los-autenticos-decadentes,la-skandalosa-tripulacion,1,mention
los-autenticos-decadentes,los-super-ratones,1,mention
los-autenticos-decadentes,talvgtal,1,mention
los-autenticos-decadentes,tango-party,1,mention
los-autenticos-decadentes,terrapio,1,mention
los-autenticos-decadentes,todo-aparenta-normal,1,mention
los-autenticos-decadentes,vento,1,mention
los-automedikados,cadena-perpetua,1,mention
los-automedikados,doble-gota-2,1,mention
los-automedikados,la-nave,1,mention
los-automedikados,las-manos-de-filippi,1,mention
los-automedikados,ni-idea,1,mention
los-automedikados,restos-fosiles,1,mention
los-automedikados,satan-dealers,1,mention
los-automedikados,she-devils,1,mention
los-automedikados,todos-tus-muertos,1,mention
los-autos-locos,peligrosos-gorriones,1,bio
maria-eva-albistur,charly-garcia,1,mention
maria-eva-albistur,daniel-melingo,1,mention
maria-eva-albistur,fernando-kabusacki,1,mention
maria-eva-albistur,fernando-samalea,1,mention
maria-eva-albistur,javier-malosetti,1,mention
maria-eva-albistur,lucas-marti,1,mention
maria-eva-albistur,santiago-vazquez,1,mention
maria-fernanda-aldana,el-otro-yo,2,"bio,mention"
maria-fernanda-aldana,charlie3,1,mention
maria-fernanda-aldana,la-ola-que-queria-ser-chau,1,mention
mariano-acosta,fantasmagoria,1,bio
mariano-acosta,el-regreso,1,mention
martin-ameconi,sergio-dawi,1,mention
martin-ameconi,las-mil-de-zafiro,1,mention
miguel-abuelo,andres-calamaro,2,"bio,mention"
miguel-abuelo,cachorro-lopez,1,bio
miguel-abuelo,daniel-melingo,1,bio
miguel-abuelo,gustavo-bazterrica,1,bio
miguel-abuelo,javier-martinez,1,bio
miguel-abuelo,litto-nebbia,1,bio
miguel-abuelo,moris,1,bio
miguel-abuelo,tanguito,1,bio
miguel-abuelo,carlos-cutaia,1,bio
miguel-abuelo,la-cofradia-de-la-flor-solar,1,bio
miguel-abuelo,willy-crook,1,bio
miguel-abuelo,kubero-diaz,1,bio
miguel-abuelo,nito-mestre,1,bio
miguel-abuelo,jose-alberto-iglesias-tanguito,1,bio
miguel-abuelo,virus,1,bio
miguel-abuelo,bicicletas,1,mention
miguel-abuelo,bigote,1,mention
miguel-abuelo,cuatro-payasos-muertos,1,mention
miguel-abuelo,el-huevo,1,mention
miguel-abuelo,jose-miel,1,mention
miguel-abuelo,hector-pomo-lorenzo,1,mention
miguel-abuelo,malos-aires,1,mention
miguel-abuelo,nerdkids,1,mention
miguel-abuelo,noches-florentinas,1,mention
miguel-abuelo,placard,1,mention
miguel-abuelo,beto-satragni,1,mention
miguel-abuelo,telepod,1,mention
nicolas-ammi,celeste-carballo,1,mention
nicolas-ammi,el-ojo-de-shiva,1,mention
nicolas-ammi,fito-paez,1,mention
nicolas-ammi,pedro-aznar,1,mention
pedro-aznar,charly-garcia,5,"bio,disco"
pedro-aznar,david-lebon,2,bio
pedro-aznar,emilio-del-guercio,1,bio
pedro-aznar,gustavo-cerati,1,bio
pedro-aznar,leon-gieco,1,bio
pedro-aznar,luis-alberto-spinetta,1,bio
pedro-aznar,madre-atomica,2,bio
pedro-aznar,pastoral,2,bio
pedro-aznar,raul-porchetto,1,bio
pedro-aznar,seru-giran,2,bio
pedro-aznar,soda-stereo,1,bio
pedro-aznar,bienes-raices,1,bio
pedro-aznar,billy-bond,1,bio
pedro-aznar,ulises-butron,1,bio
pedro-aznar,andres-calamaro,1,bio
pedro-aznar,fabiana-cantilo,1,bio
pedro-aznar,lito-epumer,1,bio
pedro-aznar,juan-carlos-mono-fontana,1,bio
pedro-aznar,los-musicos-del-centro,1,bio
pedro-aznar,metropoli,1,bio
pedro-aznar,oscar-moro,2,"bio,mention"
pedro-aznar,los-pinguinos,1,bio
pedro-aznar,tin-roig,1,bio
pedro-aznar,sandro,1,bio
pedro-aznar,seleste,1,bio
pedro-aznar,spinetta-jade,1,bio
pedro-aznar,sueter,1,bio
pedro-aznar,sumo,1,bio
pedro-aznar,miguel-cantilo,1,mention
pedro-aznar,eloy-rock-and-roll,1,mention
pedro-aznar,epumer-machi-judurcha,1,mention
pedro-aznar,esencia-vudu,1,mention
pedro-aznar,gabriela,1,mention
pedro-aznar,hijos-de-babel,1,mention
pedro-aznar,hector-pomo-lorenzo,1,mention
pedro-aznar,maldita-ramona,1,mention
pedro-aznar,mar-de-java,1,mention
pedro-aznar,victoria-maurette,1,mention
pedro-aznar,nohh,1,mention
pedro-aznar,gady-pampillon,1,mention
pedro-aznar,cristobal-repetto,1,mention
pedro-aznar,laura-ros,1,mention
pedro-aznar,rey-por-un-dia,1,mention
pedro-aznar,sandra-y-celeste,1,mention
pedro-aznar,simon-basta,1,mention
sergio-alvarez,cam-beszkin,1,mention
sergio-alvarez,mariana-bianchini,1,mention
sergio-alvarez,la-condena-de-cain,1,mention
sergio-alvarez,electroalvarez,1,mention
sergio-alvarez,gabo-ferro,1,mention
sergio-alvarez,panza,1,mention
sergio-alvarez,porco,1,mention
sergio-alvarez,esteban-sehinkman,1,mention
tomas-amante,vento,1,bio
tomas-amante,luis-alberto-spinetta,1,mention
tomas-amante,oveja-negra,2,mention
victor-astorga,poker-de-ases,1,mention
adrian-barilari,rata-blanca,2,"bio,mention"
adrian-barilari,hugo-bistolfi,2,mention
adrian-barilari,la-murga,1,mention
adrian-barilari,walter-giardino,2,mention
adrian-barilari,misson,1,mention
adrian-barilari,patricia-sosa,1,mention
adrian-berra,nito-mestre,1,mention
adrian-berra,tomi-lebrero,1,mention
adriana-beltran,andres-calamaro,1,mention
adriana-beltran,bersuit-vergarabat,1,mention
adriana-beltran,juan-subira,1,mention
alejandra-burgos,las-beladies,1,bio
alejandra-burgos,gabriel-gratzer,1,mention
alejandra-burgos,the-beladies,1,mention
alejandro-brena,david-lebon,1,bio
alfonso-barbieri,15487,1,bio
alfonso-barbieri,7787,1,bio
alfonso-barbieri,los-cocineros,2,"bio,mention"
alfonso-barbieri,viajantes,1,bio
alfonso-barbieri,hilda-lizarazu,1,mention
alfonso-barbieri,juan-jacinto,1,mention
alfonso-barbieri,kevin-johansen,1,mention
alfonso-barbieri,lucas-marti,1,mention
alfonso-barbieri,onda-vaga,1,mention
alfonso-barbieri,pablo-dacal,2,mention
alfonso-barbieri,palo-pandolfo,1,mention
alfonso-barbieri,sol-pereyra,2,mention
alfonso-barbieri,los-campos-magneticos,1,mention
antonio-birabent,860,1,bio
antonio-birabent,andres-calamaro,1,bio
antonio-birabent,cachorro-lopez,1,bio
antonio-birabent,fito-paez,1,bio
antonio-birabent,leon-gieco,1,bio
antonio-birabent,litto-nebbia,1,bio
antonio-birabent,los-gatos,1,bio
antonio-birabent,moris,2,bio
antonio-birabent,sumo,1,bio
antonio-birabent,charly-garcia,1,bio
antonio-birabent,claudio-gabis,1,mention
antonio-birabent,deborah-de-corral,1,mention
antonio-birabent,gustavo-cerati,1,mention
antonio-birabent,nahuel-briones,1,mention
antonio-birabent,murcielagos,1,mention
b-b-munoz,david-lebon,1,mention
b-b-munoz,hector-starc,1,mention
b-b-munoz,marilina-ross,1,mention
b-b-munoz,miguel-cantilo,1,mention
babasonicos,159,1,bio
babasonicos,carca,2,bio
babasonicos,daniel-melero,1,bio
babasonicos,gustavo-cerati,1,bio
babasonicos,juana-la-loca,2,bio
babasonicos,peligrosos-gorriones,2,bio
babasonicos,soda-stereo,1,bio
babasonicos,los-brujos,1,bio
babasonicos,los-caballeros-de-pedro-juan,1,bio
babasonicos,luchi-camorra,1,bio
babasonicos,demonios-de-tasmania,1,bio
babasonicos,estilo-zero,1,bio
babasonicos,juani-favre,1,bio
babasonicos,guasones,1,bio
babasonicos,juan-ingaramo,1,bio
babasonicos,johnosoyyoko,1,bio
babasonicos,lenoise,1,bio
babasonicos,martes-menta,1,bio
babasonicos,massacre,1,bio
babasonicos,muerte-al-tio-cosa,1,bio
babasonicos,polaris,1,bio
babasonicos,tabule,1,bio
babasonicos,usted-senalemelo,1,bio
babasonicos,las-vacas-sagradas,1,bio
babasonicos,victoria-mil,1,bio
babasonicos,villanos,1,bio
babasonicos,virus,1,bio
babasonicos,volador-g,1,bio
babel-orkesta,guilo-villar,2,"bio,mention"
baccarat,christian-basso,1,mention
bacospunk,sin-nombre,1,mention
baglietto-garre,juan-carlos-baglietto,1,bio
baglietto-garre,silvina-garre,1,bio
baglietto-vitale,juan-carlos-baglietto,2,bio
baglietto-vitale,lito-vitale,1,bio
baglietto-vitale,fito-paez,1,mention
baglietto-vitale,mas-de-lo-mismo,1,mention
bahiano,los-pericos,2,bio
bahiano,soda-stereo,1,bio
bahiano,klub,1,bio
bajo-cero,osamenta,1,mention
bajo-presion,la-renga,1,mention
bajo-presion,media-vuelta,1,mention
bajofondo,gustavo-santaolalla,1,bio
bajofondo,juan-campodonico,2,bio
bajofondo,luciano-supervielle,1,bio
bajofondo,santullo,1,bio
bajofondo,gustavo-cerati,1,mention
balu,el-bordo,1,mention
balu,javier-calamaro,1,mention
balu,richard-coleman,1,mention
balu,salta-la-banca,1,mention
banda-de-la-muerte,los-natas,1,mention
banda-de-la-muerte,los-ojos,1,mention
banda-de-la-muerte,las-diferencias,1,mention
banda-de-la-muerte,narcoiris,1,mention
banda-de-la-muerte,21-gramos,1,mention
banda-de-turistas,the-pelos,1,bio
banda-de-turistas,supercheria,1,bio
banda-de-turistas,juana-molina,1,mention
banda-de-turistas,litto-nebbia,1,mention
banda-de-turistas,los-latigos,1,mention
banda-de-turistas,rosario-blefari,1,mention
banda-de-turistas,bittrox,1,mention
banda-de-turistas,bort-sinapellido,1,mention
banda-de-turistas,munecas,1,mention
banda-de-turistas,las-sombras,1,mention
banda-de-turistas,sistematica,1,mention
banda-de-turistas,maxi-trusso,1,mention
banda-dogo,luis-valenti,1,mention
bandalos-chinos,rambler,1,mention
bandido,los-violadores,1,mention
bandido,sin-ley,1,mention
bandoleros-y-piratas,la-fuga,1,mention
bandoleros-y-piratas,los-navarros,1,mention
bao-bab,6076,1,bio
bao-bab,daniel-melero,1,bio
bao-bab,florencia-hana-ciliberti,1,bio
bao-bab,soda-stereo,1,bio
bao-bab,zeta-bosio,1,mention
barbara-feldon,mataplantas,1,bio
barco,el-motor,1,mention
barco,gustavo-cerati,1,mention
barrios-bajos,jovenes-pordioseros,1,mention
barrios-bajos,la-covacha,1,mention
barrios-bajos,los-gardelitos,1,mention
barrios-bajos,viejas-locas,1,mention
barrios-bajos,tren-fantama,1,mention
barro,don-cornelio-y-la-zona,1,bio
barro,flopa-lestani,2,bio
barro,mata-violeta,2,bio
barro,pequena-orquesta-reincidentes,1,bio
barry-gones,miguel-krochik,1,mention
barrygan,spleen,1,bio
barrygan,mic-y-mouse,1,mention
bastard,los-coholins,1,mention
bauer,polaroid,1,bio
beduinos,408,1,bio
beduinos,7040,1,bio
beduinos,don-adams,1,mention
bel-mondo,charly-garcia,1,bio
bel-mondo,clap,1,bio
bel-mondo,diego-frenkel,2,bio
bel-mondo,fernando-samalea,1,bio
bel-mondo,la-portuaria,1,bio
bela-lugosi,las-pelotas,1,bio
bela-lugosi,andrea-prodan,1,mention
bela-lugosi,deborah-de-corral,1,mention
bela-lugosi,felipe-staiti,1,mention
bela-lugosi,pedro-el-ermitano,1,mention
bellmonte,javier-calamaro,1,mention
benigno-lunar,pixel,1,mention
bernardo-baraj,color-humano,1,bio
bernardo-baraj,edelmiro-molinari,1,bio
bernardo-baraj,lito-vitale,2,bio
bernardo-baraj,litto-nebbia,2,bio
bernardo-baraj,la-banda,1,bio
bernardo-baraj,can-can,1,bio
bernardo-baraj,leon-gieco,1,bio
bernardo-baraj,liliana-vitale,1,bio
bernardo-baraj,vitale-baraj-gonzalez-el-trio,1,bio
bernardo-baraj,de-raiz,1,mention
bernardo-baraj,mariana-baraj,1,mention
bernardo-baraj,leslie-buron,1,mention
bersuit-vergarabat,de-bueyes,2,bio
bersuit-vergarabat,gustavo-cordera,2,bio
bersuit-vergarabat,juan-subira,2,bio
bersuit-vergarabat,las-manos-de-filippi,1,bio
bersuit-vergarabat,luis-alberto-spinetta,1,bio
bersuit-vergarabat,brut69,1,bio
bersuit-vergarabat,la-beriso,1,bio
bersuit-vergarabat,carmina-burana,1,bio
bersuit-vergarabat,d-i-o-n-i-s-i-o-s,1,bio
bersuit-vergarabat,einstein,1,bio
bersuit-vergarabat,tweety-gonzalez,1,bio
bersuit-vergarabat,la-mancha-de-rolando,1,bio
bersuit-vergarabat,nada-mas-que-hoy,1,bio
bersuit-vergarabat,no-te-va-gustar,1,bio
bersuit-vergarabat,la-otra-cara,1,bio
bersuit-vergarabat,pario-la-choca,1,bio
bersuit-vergarabat,tan-bionica,1,bio
bersuit-vergarabat,los-ustedes,1,bio
bersuit-vergarabat,manuel-wirzt,1,bio
bersuit-vergarabat,andres-calamaro,1,mention
bersuit-vergarabat,gustavo-santaolalla,1,mention
bersuit-vergarabat,los-tekis,1,mention
bersuit-vergarabat,sindicato-argentino-del-hip-hop,1,mention
bersuit-vergarabat,capitan-tifus,1,mention
bersuit-vergarabat,chinelas-persas,1,mention
bersuit-vergarabat,cubas,1,mention
bersuit-vergarabat,desierto-y-agua,1,mention
bersuit-vergarabat,giros,1,mention
bersuit-vergarabat,machaca-boffe,1,mention
bersuit-vergarabat,ariel-prat,1,mention
bersuit-vergarabat,los-que-nunca-dejaron,1,mention
bersuit-vergarabat,la-rayada,1,mention
bersuit-vergarabat,sera-panico,1,mention
bersuit-vergarabat,the-gay-gay-guys,1,mention
bersuit-vergarabat,volador-g,1,mention
bersuit-vergarabat,2d3,1,mention
bestia-bebe,go-neko,1,mention
bestia-bebe,mal-momento,1,mention
bestia-bebe,das-shutter-pal,1,mention
bestia-de-carga,la-linea,1,mention
bhaires-rapsoddya,litto-nebbia,1,bio
bicicletas,victoria-y-los-del-sur,1,bio
bicicletas,el-genio,1,mention
bicicletas,federico-wiske,1,mention
bicicletas,los-fabulosos-cadillacs,1,mention
bien-desocupados,2-minutos,1,bio
bien-desocupados,cadena-perpetua,1,bio
bien-desocupados,flema,1,bio
bien-desocupados,el-regreso,1,mention
bien-desocupados,superuva,1,mention
bienes-raices,charly-garcia,1,bio
bienvenidos-a-la-computadora,la-nave,1,mention
biernes,un-dia-perfecto-para-el-pez-banana,1,mention
big-bang,panza,1,mention
bigger,cielo-razzo,1,mention
billy-bond,alejandro-medina,2,"bio,mention"
billy-bond,charly-garcia,1,bio
billy-bond,claudio-gabis,1,bio
billy-bond,david-lebon,2,bio
billy-bond,javier-martinez,2,"bio,mention"
billy-bond,jorge-pinchevsky,2,"bio,mention"
billy-bond,kubero-diaz,2,"bio,mention"
billy-bond,los-shakers,1,bio
billy-bond,luis-alberto-spinetta,1,bio
billy-bond,manal,1,bio
billy-bond,pappo,1,bio
billy-bond,raul-porchetto,1,bio
billy-bond,seru-giran,2,bio
billy-bond,sui-generis,1,bio
billy-bond,vox-dei,2,bio
billy-bond,jose-alberto-iglesias-tanguito,1,bio
billy-bond,black-amaya-quinteto,1,mention
billy-bond,los-bichos,1,mention
billy-bond,la-cofradia-de-la-flor-solar,1,mention
billy-bond,espiritu,1,mention
billy-bond,hector-pomo-lorenzo,1,mention
binaural,esteban-pichu-serniotti,1,mention
binaural,quedate-asi,1,mention
bittrox,dime-miami,1,mention
bittrox,el-mato-a-un-policia-motorizado,1,mention
bittrox,juana-la-loca,1,mention
bittrox,los-grillos,1,mention
bittrox,mal-momento,1,mention
bittrox,zorros-petardos-salvajes,1,mention
black-amaya-quinteto,la-pesada-del-rocanrol,1,bio
black-amaya-quinteto,pappos-blues,1,bio
black-amaya-quinteto,pescado-rabioso,1,bio
black-dali,kameleba,1,bio
black-roses,el-sur,1,mention
black-yuru,entre-rios,1,mention
black-yuru,la-renga,1,mention
blanco,jaime-sin-tierra,1,mention
blanco,juan-stewart,1,mention
blender,los-ratones-paranoicos,1,bio
blister,sui-generis,1,mention
blizters,robinho-cassares,1,mention
bloodparade,entre-rios,1,mention
blue-set,corto-plazo,1,mention
blue-universe,guillermo-cides,1,bio
blues-band,javier-martinez,1,bio
blues-band,manal,1,bio
blues-band,bonzo-blues-band,1,mention
blues-band,la-blues-ayres-band,1,mention
blues-band,la-buenos-ayres-blues-band,1,mention
blues-band,las-blacanblus,1,mention
blues-band,la-decibel-blues-band,1,mention
blues-band,ruben-gaitan,1,mention
blues-band,victor-hamudis,1,mention
blues-band,gabriel-conejo-jolivet,1,mention
blues-band,daniel-yalo-lopez,1,mention
blues-band,el-mas-aca,1,mention
blues-band,la-mississippi,1,mention
blues-band,la-mizrahi-blues-band,1,mention
blues-band,nacho-ladisa-blues-club,1,mention
blues-band,nasta-super-blues,1,mention
blues-band,la-pecosa-blues-band,1,mention
blues-band,luis-robinson,1,mention
blues-band,la-surena-blues-band,1,mention
blues-motel,luis-alberto-spinetta,1,bio
blues-motel,manal,1,bio
blues-motel,guasones,1,bio
blues-motel,don-vilanova,2,mention
blues-motel,gustavo-bazterrica,1,mention
blues-motel,dr-rock,1,mention
blues-motel,franzo,1,mention
blues-motel,rutas-lejanas,1,mention
blues-motel,venaticos,1,mention
blues-motel,viejo-empedrado,1,mention
boas-teitas,12156,1,bio
boas-teitas,165,1,bio
boas-teitas,virus,1,bio
boas-teitas,billy-cafaro,1,mention
boas-teitas,juana-la-loca,1,mention
boas-teitas,la-franela,1,mention
boas-teitas,los-cocineros,1,mention
boas-teitas,los-heladeros-del-tiempo,1,mention
boas-teitas,pipo-cipolatti,1,mention
boas-teitas,sebastian-escofet,1,mention
boas-teitas,cosas-que-pasan,1,mention
boas-teitas,de-romanticistas-shaolins,1,mention
boas-teitas,plan-be,1,mention
bodegas-blues,chevy-rockets,1,mention
bodegas-blues,los-romeos,1,mention
bodie,bodie-y-los-flugelrads,1,bio
bodie,ana-volena,1,mention
bodie,martin-van,1,mention
bodie,sebastian-escofet,1,mention
bodie,soda-stereo,1,mention
bodie,zeta-bosio,1,mention
bodishadwa,boom-boom-kid,1,mention
bodishadwa,charly-garcia,1,mention
bodishadwa,el-otro-yo,1,mention
bodishadwa,los-de-fuego,1,mention
bodishadwa,los-twist,1,mention
boff-serafine,la-naranja-2,1,bio
boff-serafine,derockados,1,mention
boff-serafine,machy-madco,1,mention
boludo,la-manzana-cromatica-protoplasmatica,1,mention
boludo,la-renga,1,mention
bombas-de-amor,gori,1,mention
bondis,la-experiencia,1,mention
bonzo,la-mosca,1,mention
bonzo-blues-band,color-chino,1,mention
bonzo-blues-band,los-vandalos,1,mention
bonzo-blues-band,punto-g,1,mention
boom-boom-kid,fun-people,2,bio
boom-boom-kid,herederos,1,mention
boom-boom-kid,hysteria-lunar,1,mention
boom-boom-kid,los-natas,1,mention
boom-boom-kid,los-tonicos,1,mention
boom-boom-kid,telexx,1,mention
boom-boom-kid,23-otonos,1,mention
borregos-border,eduardo-schmidt,1,mention
borregos-border,palo-pandolfo,1,mention
bort-sinapellido,los-reyes-del-falsete,1,bio
bort-sinapellido,valentin-y-los-volcanes,1,bio
bosnia,fin-del-mundo,1,mention
bosnia,fito-paez,1,mention
botafogo,carolina,1,bio
botafogo,ciro-fogliatta,2,bio
botafogo,don-vilanova,2,bio
botafogo,durazno-de-gala,2,bio
botafogo,javier-calamaro,1,bio
botafogo,las-blacanblus,1,bio
botafogo,los-guarros,1,bio
botafogo,miguel-cantilo,2,bio
botafogo,pappo,1,bio
botafogo,pappos-blues,2,bio
botafogo,vitico,1,bio
botafogo,emmanuel-horvilleur,1,bio
botafogo,los-pulgones,1,bio
botafogo,la-trifasica,1,bio
botafogo,cristina-dall,1,mention
botas-tejanas,dulce-natural,1,mention
boutique,209,1,bio
boxer,riff,1,bio
brancaleone,el-bordo,1,mention
brancaleone,sin-espina,1,mention
brian-storming,juan-ravioli,1,mention
bristol,el-otro-yo,1,bio
bristol,soda-stereo,1,bio
brixton,cadena-perpetua,1,mention
brixton-crenchy,catupecu-machu,1,bio
bubba-570,karamelo-santo,1,mention
bubba-570,mas-de-la-cuenta,1,mention
bubu,miguel-zavaleta,1,mention
budda,el-sotano,1,mention
budda,eruca-sativa,1,mention
bue,claudia-puyo,1,bio
bue,trapani-anden,1,bio
bue,sebastian-schon,1,mention
buenas-tardes,21132,1,bio
buenas-tardes,8543,1,bio
buenas-tardes,munecas-rusas,1,mention
buenas-tardes,cientificos-del-palo,1,mention
buenas-tardes,mi-paracaidas,1,mention
buenas-y-santas,demasiado-revueltos,1,mention
buenas-y-santas,los-umbanda,1,mention
buenas-y-santas,oveja-negra,1,mention
buenas-y-santas,valores-reggae,1,mention
buffer,juana-la-loca,1,mention
buitres,cadaveres-ilustres,1,mention
buitres,la-vela-puerca,1,mention
buitres,los-estomagos,1,mention
buitres,no-te-va-gustar,1,mention
buitres,ruben-rada,1,mention
bulldog,las-manos-de-filippi,1,bio
bulldog,cielo-razzo,1,mention
bulldog,la-fuga,1,mention
bunnder,soda-stereo,1,bio
bunnder,virus,1,bio
burbuja-y-los-basicos,intoxicados,1,bio
burbuja-y-los-basicos,manto,1,bio
burbuja-y-los-basicos,viejas-locas,1,bio
burbuja-y-los-basicos,la-experiencia,1,mention
burritos,3048,1,bio
burritos,charly-garcia,1,bio
burritos,karma-sudaca,1,mention
cam-beszkin,mariana-bianchini,1,mention
cam-beszkin,verne,1,mention
carola-bony,daniel-melero,1,mention
carola-bony,flavio-etcheto,1,mention
carola-bony,gustavo-cerati,1,mention
carola-bony,soda-stereo,1,mention
carola-bony,cerati-melero,1,mention
cecilia-baraz,sissi-hansen,1,mention
christian-basso,clap,2,bio
christian-basso,diego-frenkel,1,bio
christian-basso,friccion,2,bio
christian-basso,gustavo-cerati,1,bio
christian-basso,la-portuaria,2,bio
christian-basso,richard-coleman,2,bio
christian-basso,maria-gabriela-epumer,1,bio
christian-basso,sexteto-irreal,1,bio
christian-basso,cigalpa,1,mention
christian-basso,axel-krygier,1,mention
christian-bertoncelli,horcas,1,mention
christian-bertoncelli,imperio,1,mention
daniel-buira,1139,1,bio
daniel-buira,422,1,bio
daniel-buira,la-chilinga,1,mention
daniel-buira,los-piojos,1,mention
daniel-semilla-bucciarelli,patricio-rey-y-sus-redonditos-de-ricota,1,bio
david-bolzoni,iceberg-del-sur,1,mention
diego-boris,la-tolva,1,mention
eduardo-skay-beilinson,carlos-indio-solari,2,bio
eduardo-skay-beilinson,diplodocum,2,bio
eduardo-skay-beilinson,la-cofradia-de-la-flor-solar,2,"bio,mention"
eduardo-skay-beilinson,patricio-rey-y-sus-redonditos-de-ricota,2,bio
eduardo-skay-beilinson,intoxicados,1,bio
eduardo-skay-beilinson,edelmiro-molinari,1,bio
eduardo-skay-beilinson,los-piojos,1,bio
eduardo-skay-beilinson,el-soldado,1,bio
eduardo-skay-beilinson,la-negra,1,mention
eduardo-skay-beilinson,las-cosas,1,mention
eduardo-skay-beilinson,sin-nombre,1,mention
el-bordo,ale-kurz,1,bio
el-bordo,callejeros,1,bio
el-bordo,la-renga,1,bio
el-bordo,los-gardelitos,1,bio
el-bordo,maldita-suerte,1,bio
el-bordo,mam,1,bio
el-bordo,andrea-prodan,1,mention
el-bordo,la-condena-de-cain,1,mention
el-bordo,omar-mollo,1,mention
el-bordo,suenos-de-libertad,1,mention
el-bordo,chineko,1,mention
el-bordo,hijos-de-babel,1,mention
el-bordo,inmaduros,1,mention
el-bordo,metele-plancha,1,mention
el-bordo,perro-ciego,1,mention
el-bordo,salta-la-banca,1,mention
el-bordo,5ta-del-lobo,1,mention
el-brote,la-petisa,1,mention
el-buen-salvaje,carajo,1,mention
emiliano-brancciari,no-te-va-gustar,2,bio
emiliano-brancciari,la-franela,1,mention
emiliano-brancciari,raza-urbana,1,mention
emiliano-brancciari,zumbadores,1,mention
ezequiel-borra,16626,1,bio
ezequiel-borra,perota-chingo,2,"bio,mention"
ezequiel-borra,juana-molina,1,mention
ezequiel-borra,liliana-herrero,1,mention
ezequiel-borra,sofia-viola,2,mention
ezequiel-borra,la-filarmonica-cosmica,1,mention
ezequiel-borra,julian-mourin,1,mention
ezequiel-borra,minco,1,mention
ezequiel-borra,puerto-infinito,1,mention
federico-boaglio,la-doble-traccion,1,mention
felipe-barrozo,intoxicados,1,bio
felipe-barrozo,luis-alberto-spinetta,1,bio
felipe-barrozo,nada-mas-que-hoy,2,bio
felipe-barrozo,viejas-locas,1,bio
felipe-barrozo,vox-dei,1,bio
felipe-barrozo,matias-berna,1,mention
felipe-barrozo,jimena-lopez-chaplin,1,mention
fernando-blanco,8930,1,bio
fernando-blanco,los-super-ratones,2,bio
fernando-blanco,nube-9,1,bio
fernando-blanco,valle-de-munecas,1,mention
francisco-bochaton,gustavo-cerati,1,bio
francisco-bochaton,leo-garcia,1,bio
francisco-bochaton,peligrosos-gorriones,2,bio
francisco-bochaton,cexxxa,1,bio
francisco-bochaton,maria-gabriela-epumer,1,bio
francisco-bochaton,koyi,1,bio
francisco-bochaton,flopa-lestani,1,bio
francisco-bochaton,marianela-pelzmajer,2,"bio,mention"
francisco-bochaton,lucho-cervi,1,mention
francisco-bochaton,enhola,1,mention
francisco-bochaton,iris-maple,1,mention
francisco-bochaton,fernando-kabusacki,1,mention
francisco-bochaton,paris-paris-musique,1,mention
francisco-bochaton,sortie,1,mention
francisco-bochaton,venaticos,1,mention
francisco-bochaton,el-zombie,1,mention
guillermo-beresnak,8164,1,bio
guillermo-beresnak,catupecu-machu,1,mention
guillermo-beresnak,charly-garcia,1,mention
guillermo-beresnak,fito-paez,1,mention
guillermo-beresnak,gustavo-cerati,1,mention
guillermo-beresnak,miss-bolivia,1,mention
guillermo-beresnak,pato-lange,1,mention
guillermo-beresnak,tamarisco,1,mention
gustavo-bazterrica,alejandro-lerner,1,bio
gustavo-bazterrica,andres-calamaro,1,bio
gustavo-bazterrica,charly-garcia,2,bio
gustavo-bazterrica,kubero-diaz,1,bio
gustavo-bazterrica,la-maquina-de-hacer-pajaros,2,bio
gustavo-bazterrica,luis-alberto-spinetta,1,bio
gustavo-bazterrica,oscar-moro,1,bio
gustavo-bazterrica,raul-porchetto,1,bio
gustavo-bazterrica,rinaldo-rafanelli,1,bio
gustavo-bazterrica,fabiana-cantilo,1,bio
gustavo-bazterrica,coral-2,1,mention
gustavo-bazterrica,lito-epumer,1,mention
gustavo-bazterrica,gringui-herrera,1,mention
gustavo-bazterrica,vade-retro,1,mention
hugo-bistolfi,rata-blanca,2,bio
hugo-bistolfi,fernando-scarcella,1,mention
hugo-bistolfi,marciano-cantero,1,mention
hugo-bistolfi,purasangre,1,mention
hugo-bistolfi,la-66,1,mention
juan-carlos-baglietto,alejandro-lerner,1,bio
juan-carlos-baglietto,celeste-carballo,2,bio
juan-carlos-baglietto,daniel-wirzt,1,bio
juan-carlos-baglietto,eduardo-rogatti,2,bio
juan-carlos-baglietto,fabian-gallardo,2,bio
juan-carlos-baglietto,fito-paez,2,bio
juan-carlos-baglietto,irreal,2,bio
juan-carlos-baglietto,leon-gieco,2,bio
juan-carlos-baglietto,lito-vitale,2,bio
juan-carlos-baglietto,litto-nebbia,2,bio
juan-carlos-baglietto,los-gatos,1,bio
juan-carlos-baglietto,nito-mestre,2,bio
juan-carlos-baglietto,oveja-negra,2,bio
juan-carlos-baglietto,ruben-goldin,2,"bio,mention"
juan-carlos-baglietto,silvina-garre,2,bio
juan-carlos-baglietto,dr-rock,1,bio
juan-carlos-baglietto,lalo-de-los-santos,1,bio
juan-carlos-baglietto,jorge-fandermole,2,"bio,mention"
juan-carlos-baglietto,magma,1,bio
juan-carlos-baglietto,piero,1,bio
juan-carlos-baglietto,patricia-sosa,1,bio
juan-carlos-baglietto,sumo,1,bio
juan-carlos-baglietto,la-torre,1,bio
juan-carlos-baglietto,daniel-tuerto-wirzt,1,bio
juan-carlos-baglietto,manuel-wirzt,1,bio
juan-carlos-baglietto,la-naranja,1,mention
juan-carlos-baglietto,ivan-salo,1,mention
julian-benjamin,instruccion-civica,2,"bio,mention"
julian-benjamin,los-perros,1,bio
julio-breshnev,vetamadre,2,bio
julio-breshnev,cosmeticos,1,bio
julio-breshnev,veta-madre,1,mention
julio-breshnev,dogo-2,1,mention
la-banda,ruben-rada,1,bio
la-banda-anonima,patricia-sosa,1,bio
la-banda-anonima,tweety-gonzalez,1,mention
la-banda-del-oeste,salvia,1,mention
la-banda-del-paraiso,los-gatos,1,bio
la-banda-del-paraiso,jorge-capello,1,mention
la-barra-de-chocolate,pajarito-zaguri,1,bio
la-barra-de-chocolate,victor-hamudis,1,mention
la-barraca,pedro-conde,1,mention
la-barraca,trio-argentino-de-bajos,1,mention
la-beat-band,divididos,1,bio
la-beat-band,los-twist,1,bio
la-beat-band,virus,1,bio
la-bella-epoca,la-bella-epoca-2,1,mention
la-beriso,kapanga,1,bio
la-beriso,chalina,1,mention
la-beriso,parientes,1,mention
la-beriso,raul-porchetto,1,mention
la-beriso,refuggio,1,mention
la-beriso,revanchistas,1,mention
la-beriso,el-suburbio,1,mention
la-beriso,tango-party,1,mention
la-beriso,zelen,1,mention
la-blues-ayres-band,el-sotano,1,mention
la-blues-ayres-band,la-mizrahi-blues-band,1,mention
la-blues-ayres-band,rey-canibal,1,mention
la-blues-ayres-band,ruben-gaitan,1,mention
la-bluesbanda,ciro-fogliatta,1,bio
la-bluesbanda,dulces-16,1,bio
la-bluesbanda,gabriel-conejo-jolivet,1,bio
la-bluesbanda,pajarito-zaguri,1,bio
la-bomba-de-tiempo,puente-celeste,1,bio
la-bomba-de-tiempo,santiago-vazquez,1,bio
la-bomba-de-tiempo,illya-kuryaki-the-valderramas,1,mention
la-bomba-de-tiempo,los-cafres,1,mention
la-bomba-de-tiempo,los-lunes,1,mention
la-bomba-de-tiempo,esteban-sehinkman,1,mention
la-buenos-ayres-blues-band,la-mancha,1,mention
la-buenos-ayres-blues-band,la-mancha-de-rolando,1,mention
las-bermudas,el-mato-a-un-policia-motorizado,1,mention
las-bermudas,javier-punga,1,mention
las-bermudas,modular,1,mention
las-blacanblus,cristina-dall,2,bio
las-blacanblus,deborah-dixon,1,bio
las-blacanblus,mississippi-blues-band,1,bio
las-blacanblus,viviana-scaliza,2,bio
las-blacanblus,la-mississippi,1,mention
las-blacanblus,dancing-mood,1,mention
las-blacanblus,miguel-mateos,1,mention
las-blacanblus,pappo,1,mention
lautaro-barcelo,carga-viva,1,mention
lautaro-barcelo,el-estrellero,1,mention
lautaro-brenes,celsa-mel-gowland,1,mention
leslie-buron,139,1,bio
leslie-buron,1580,1,bio
leslie-buron,litto-nebbia,1,bio
leslie-buron,luis-alberto-spinetta,1,bio
leslie-buron,cosmeticos,1,bio
los-bastarddos,2-minutos,1,bio
los-bastarddos,los-violadores,1,bio
los-bastarddos,todos-tus-muertos,1,bio
los-bastarddos,ciro-pertusi,1,mention
los-beatniks,javier-martinez,1,bio
los-beatniks,moris,2,bio
los-beatniks,pajarito-zaguri,2,bio
los-beatniks,los-buhos,1,bio
los-bichos,la-pesada-del-rocanrol,1,bio
los-bicis,charly-garcia,1,mention
los-bicis,viva-elastico,1,mention
los-blues-makers,andres-calamaro,1,bio
los-blues-makers,ciro-fogliatta,1,bio
los-blues-makers,claudio-gabis,1,bio
los-bluyines,10137,1,bio
los-bluyines,la-patrulla-espacial,1,mention
los-brujos,daniel-melero,1,bio
los-brujos,gustavo-cerati,1,bio
los-brujos,juana-la-loca,2,bio
los-brujos,los-cafres,1,bio
los-brujos,massacre,2,bio
los-brujos,peligrosos-gorriones,2,bio
los-brujos,demonios-de-tasmania,1,bio
los-brujos,electron,1,bio
los-brujos,ermitanos,1,bio
los-brujos,fanfarron,1,bio
los-brujos,karamelo-santo,1,bio
los-brujos,martes-menta,1,bio
los-brujos,los-visitantes,1,bio
los-brujos,la-ley,1,mention
los-brujos,los-brujos-mandioca,1,mention
los-brujos,los-cuerpos,1,mention
los-brujos-mandioca,demonios-de-tasmania,1,mention
los-brujos-mandioca,electron,1,mention
los-brujos-mandioca,fanfarron,1,mention
los-brujos-mandioca,fernando-gril,1,mention
los-brujos-mandioca,juana-la-loca,1,mention
los-brujos-mandioca,karamelo-santo,1,mention
los-brujos-mandioca,klemm,1,mention
los-brujos-mandioca,martes-menta,1,mention
los-brujos-mandioca,massacre,1,mention
los-brujos-mandioca,el-otro-yo,1,mention
los-brujos-mandioca,otono-2,1,mention
los-brujos-mandioca,peligrosos-gorriones,1,mention
los-brujos-mandioca,resonantes,1,mention
los-brujos-mandioca,nelson-siani,1,mention
los-brujos-mandioca,tio-roman,1,mention
los-brujos-mandioca,los-visitantes,1,mention
los-buhos,los-gatos,1,bio
los-burros,cadena-perpetua,1,mention
los-burros,fun-people,1,mention
los-burros,mal-momento,1,mention
los-burros,mal-pasar,1,mention
los-burros,sin-ley,1,mention
luca-bocci,simon-poxyran,1,mention
mariana-baraj,catupecu-machu,1,bio
mariana-baraj,man-ray,1,bio
mariana-baraj,castanas-de-caju,1,mention
mariana-baraj,charlotte,1,mention
mariana-baraj,lucio-mantel,1,mention
mariana-baraj,ese-perro,1,mention
mariana-baraj,varias-artistas,1,mention
mariana-bianchini,panza,2,bio
mariana-bianchini,electroalvarez,1,bio
mariana-bianchini,marilina-bertoldi,1,mention
mariana-bianchini,hidrofobia,1,mention
mariana-bianchini,esteban-sehinkman,1,mention
marilina-bertoldi,connor-questa,2,bio
marilina-bertoldi,eruca-sativa,1,bio
marilina-bertoldi,cenote,1,mention
marilina-bertoldi,louta,1,mention
marilina-bertoldi,vetamadre,1,mention
marilina-bertoldi,1915-musica,1,mention
marilina-bertoldi,21-gramos,1,mention
matias-berna,simon-fuga,1,mention
matt-buzz,katarro-vandaliko,1,mention
meliza-blanco,kevin-johansen,1,mention
meliza-blanco,plastic-fever,1,mention
mercedes-borrell,julian-venegas,1,mention
nahuel-briones,paula-maffia,1,mention
nahuel-briones,pol-neiman,1,mention
nicolas-bereciartua,pappo,1,bio
nicolas-bereciartua,riff,1,bio
nicolas-bereciartua,viticus,2,bio
nicolas-bereciartua,ike-parodi,1,mention
nicolas-bereciartua,the-pocamadre,1,mention
nicolas-bereciartua,vieja-estacion,1,mention
rosario-blefari,el-mato-a-un-policia-motorizado,1,bio
rosario-blefari,los-mundos-posibles,2,bio
rosario-blefari,mi-pequena-muerte,1,bio
rosario-blefari,suarez,2,bio
rosario-blefari,sue-mon-mont,2,"bio,mention"
rosario-blefari,nino-elefante,1,mention
rosario-blefari,maria-ezquiaga,1,mention
rosario-blefari,marina-fages,1,mention
rosario-blefari,leandro-kalen,1,mention
rosario-blefari,nerdkids,1,mention
sandra-baylac,git,1,bio
saul-blanch,rata-blanca,2,bio
saul-blanch,plus,1,bio
saul-blanch,walter-giardino,1,mention
saul-blanch,za-za,1,mention
sherman-bertasio,sherman-y-los-crocantes,1,bio
ulises-butron,fito-paez,2,"bio,mention"
ulises-butron,jose-alberto-iglesias-tanguito,1,bio
ulises-butron,la-guardia-del-fuego,2,bio
ulises-butron,luis-alberto-spinetta,1,bio
ulises-butron,maria-gabriela-epumer,1,bio
ulises-butron,metropoli,2,bio
ulises-butron,soda-stereo,2,bio
ulises-butron,maleta-de-loca,1,bio
ulises-butron,isabel-de-sebastian,1,mention
ulises-butron,richard-coleman,2,mention
ulises-butron,lucho-cervi,1,mention
ulises-butron,los-demoledores,1,mention
ulises-butron,los-encargados,1,mention
ulises-butron,friccion,1,mention
ulises-butron,juan-long,1,mention
ulises-butron,ser,1,mention
ulises-butron,las-trampas-de-lily,1,mention
ulises-butron,valentin-y-los-volcanes,1,mention
ulises-butron,maria-rosa-yorio,1,mention
zeta-bosio,gustavo-cerati,1,bio
zeta-bosio,soda-stereo,2,bio
zeta-bosio,shoot-the-radio,2,"bio,mention"
zeta-bosio,catupecu-machu,2,mention
zeta-bosio,gustavo-santaolalla,1,mention
zeta-bosio,la-ley,1,mention
zeta-bosio,el-grito,1,mention
zeta-bosio,daniela-herrero,1,mention
zeta-bosio,koxmoz,1,mention
zeta-bosio,oisin,1,mention
zeta-bosio,peligrosos-gorriones,1,mention
zeta-bosio,esteban-pichu-serniotti,1,mention
zeta-bosio,ser,1,mention
zeta-bosio,totus-toss,1,mention
zeta-bosio,volador-g,1,mention
alejandro-cambiaggi,la-mistonga,2,"bio,mention"
alfredo-casero,hallibour-fiberglass-sereneiders,2,"bio,mention"
alfredo-casero,lito-epumer,1,mention
alfredo-casero,law,1,mention
alfredo-casero,mex-urtizberea,1,mention
andres-calamaro,309,1,bio
andres-calamaro,449,1,bio
andres-calamaro,alejandro-lerner,1,bio
andres-calamaro,ariel-rot,2,bio
andres-calamaro,charly-garcia,2,bio
andres-calamaro,fernando-samalea,2,bio
andres-calamaro,fito-paez,2,bio
andres-calamaro,gustavo-cerati,1,bio
andres-calamaro,litto-nebbia,1,bio
andres-calamaro,los-enanitos-verdes,2,bio
andres-calamaro,los-fabulosos-cadillacs,2,bio
andres-calamaro,los-rodriguez,2,bio
andres-calamaro,luca-prodan,1,bio
andres-calamaro,luis-alberto-spinetta,1,bio
andres-calamaro,richard-coleman,2,bio
andres-calamaro,soda-stereo,2,bio
andres-calamaro,carca,1,bio
andres-calamaro,coki-y-the-killer-burritos,1,bio
andres-calamaro,cuino,1,bio
andres-calamaro,fabiana-cantilo,1,bio
andres-calamaro,javier-calamaro,1,bio
andres-calamaro,estelares,1,bio
andres-calamaro,frappe,1,bio
andres-calamaro,claudio-gabis,1,bio
andres-calamaro,los-guarros,1,bio
andres-calamaro,carlos-indio-solari,1,bio
andres-calamaro,los-insectos,1,bio
andres-calamaro,cachorro-lopez,1,bio
andres-calamaro,daniel-melingo,2,"bio,mention"
andres-calamaro,los-maxilares-de-peron,1,bio
andres-calamaro,man-ray,1,bio
andres-calamaro,manal,1,bio
andres-calamaro,sergio-makaroff,1,bio
andres-calamaro,la-nave,1,bio
andres-calamaro,los-perros,1,bio
andres-calamaro,pez,1,bio
andres-calamaro,los-rancheros,1,bio
andres-calamaro,raices,1,bio
andres-calamaro,beto-satragni,1,bio
andres-calamaro,coti-sorokin,2,"bio,mention"
andres-calamaro,schanzenbach,1,bio
andres-calamaro,se-va-el-camello,1,bio
andres-calamaro,los-twist,2,"bio,mention"
andres-calamaro,los-visitantes,1,bio
andres-calamaro,virus,1,bio
andres-calamaro,vox-dei,1,bio
andres-calamaro,ciro-fogliatta,1,mention
andres-calamaro,don-cornelio-y-la-zona,1,mention
andres-calamaro,gringui-herrera,2,mention
andres-calamaro,la-celebracion,1,mention
andres-calamaro,la-linea,1,mention
andres-calamaro,pipo-cipolatti,1,mention
andres-calamaro,baltasar-comotto,1,mention
andres-calamaro,cuatro-al-hilo,1,mention
andres-calamaro,ruben-castagnolo,1,mention
andres-calamaro,duo-makana,1,mention
andres-calamaro,las-diferencias,1,mention
andres-calamaro,alina-gandini,1,mention
andres-calamaro,heroicos-sobrevivientes,1,mention
andres-calamaro,juanse,1,mention
andres-calamaro,la-kgb,1,mention
andres-calamaro,hector-pomo-lorenzo,1,mention
andres-calamaro,lamaren,1,mention
andres-calamaro,daniel-melero,1,mention
andres-calamaro,malos-aires,1,mention
andres-calamaro,militta-bora,1,mention
andres-calamaro,la-pena-pop,1,mention
andres-calamaro,juan-subira,1,mention
andres-calamaro,sandra-y-celeste,1,mention
andres-calamaro,los-teddy-boys,1,mention
andres-calamaro,los-tipitos,1,mention
andres-calamaro,tabaquito-marroqui,1,mention
andres-calamaro,tan-bionica,1,mention
andres-calamaro,viajantes,1,mention
andres-calamaro,vicentico,1,mention
andres-calamaro,maria-rosa-yorio,1,mention
andres-calamaro,zelen,1,mention
andy-chango,superchango,1,bio
andy-chango,pablo-sbaraglia,1,bio
babu-cervino,alejandro-lerner,1,mention
babu-cervino,lito-vitale,1,mention
babu-cervino,tantor,1,mention
baltasar-comotto,luis-alberto-spinetta,1,mention
baltasar-comotto,carlos-indio-solari,1,mention
baltasar-comotto,jinete-lendrix,1,mention
baltasar-comotto,sortie,1,mention
baltasar-comotto,guillermo-vadala,1,mention
benito-cerati,gustavo-cerati,1,bio
benito-cerati,soda-stereo,1,bio
benito-cerati,zero-kill,2,bio
benito-cerati,enero-sera-mio,1,mention
c4,resistencia-suburbana,1,bio
cabala-ska,los-fabulosos-cadillacs,1,mention
caballo-vapor,los-gatos,1,bio
cabernet,juan-pollo-raffo,1,mention
cabernet,liliana-herrero,1,mention
cabernet,manuel-moreira,1,mention
cabeza-de-chola,hurlingham-reggae-band,1,mention
cabezones,esteban-pichu-serniotti,1,bio
cabezones,catupecu-machu,1,bio
cabezones,d-i-o-n-i-s-i-o-s,1,bio
cabezones,duff,1,bio
cabezones,dum69,1,bio
cabezones,jaque-reina,1,bio
cabezones,jauria,1,bio
cabezones,quedate-asi,1,bio
cabezones,septima-ola,1,bio
cable-a-tierra,la-linea,1,mention
cachorros-vagos,dados-cargados,1,mention
cactus,la-linea,1,mention
cadan,los-perez-garcia,1,mention
cadaveres-ilustres,la-trampa,1,mention
cadena-perpetua,cigarro-mojado,1,bio
cadena-perpetua,hlqp,1,bio
cadena-perpetua,mal-pasar,1,bio
cadena-perpetua,pelea-de-gallos,1,bio
cadena-perpetua,el-otro-yo,1,mention
cadena-perpetua,doble-fuerza,1,mention
cadena-perpetua,gatos-sucios,1,mention
cadena-perpetua,hijos-de-nadie,1,mention
cadena-perpetua,jauria,1,mention
cadena-perpetua,juan-domingo-y-los-bombarderos,1,mention
cadena-perpetua,lobela,1,mention
cadena-perpetua,mamushkas,1,mention
cadena-perpetua,motorama,1,mention
cadena-perpetua,los-pichones,1,mention
cadena-perpetua,shaila,1,mention
cadena-perpetua,los-tolchocos,1,mention
cadena-perpetua,voluntad-cero,1,mention
cadena-perpetua,wdk,1,mention
cadena-perpetua,250-centavos,1,mention
cajale-cazazo,la-vela-puerca,1,mention
cajale-cazazo,mateo-moreno,1,mention
cajale-cazazo,no-te-va-gustar,1,mention
callate-mark,florian-fernandez-capello,1,mention
callate-mark,los-fabulosos-cadillacs,1,mention
callate-mark,munecas,1,mention
callejeros,casi-justicia-social,2,bio
callejeros,divididos,1,bio
callejeros,jovenes-pordioseros,1,bio
callejeros,la-renga,1,bio
callejeros,los-ratones-paranoicos,1,bio
callejeros,ojos-locos,1,bio
callejeros,viejas-locas,2,bio
callejeros,don-osvaldo,1,bio
callejeros,elio-delgado,2,"bio,mention"
callejeros,leon-gieco,1,bio
callejeros,nuestra-raza,1,bio
calmanino,flavio-cianciarulo,1,mention
camelia,tobogan-andaluz-2,1,mention
camelia,un-planeta,1,mention
cameron,las-diferencias,1,mention
camiones-en-la-casa,fidel-nadal,1,mention
camiones-en-la-casa,matias-chavez-mendez,1,mention
camiones-en-la-casa,no-te-va-gustar,1,mention
camperas,mi-nave,1,mention
camperas,un-ciervo,1,mention
camus,leticia-lee,1,bio
can-can,claudio-pedreira,1,mention
cana-de-azucar,fidel-nadal,1,mention
cana-de-azucar,karamelo-santo,1,mention
cana-de-azucar,los-cafres,1,mention
cana-de-azucar,mimi-maura,1,mention
canibal-can,charlie-desidney,1,mention
canibal-can,guillermo-goy-ogalde,1,mention
canon,mas-alla,1,mention
canturbe,la-caja,1,bio
caos-luz,ida-y-vuelta,1,mention
capitan-amarillo,dale-roska,1,mention
capitan-tifus,la-fanfarria-del-capitan,1,bio
capitan-tifus,entre-rios,1,mention
capitan-tifus,karamelo-santo,1,mention
capuchas-de-hop,paris-paris-musique,1,mention
carajo,pez,1,bio
carajo,plan-4,1,mention
carca,61,1,bio
carca,daniel-melero,1,bio
carca,juanse,1,bio
carca,los-fabulosos-cadillacs,1,bio
carca,tia-newton,1,bio
carca,flavio-cianciarulo,1,mention
carceleros-del-destino,la-renga,1,mention
cardo-ruso,entre-rios,1,mention
carlos-cutaia,1155,1,bio
carlos-cutaia,233,1,bio
carlos-cutaia,charly-garcia,1,bio
carlos-cutaia,la-maquina-de-hacer-pajaros,1,bio
carlos-cutaia,luis-alberto-spinetta,2,bio
carlos-cutaia,memphis-la-blusera,1,bio
carlos-cutaia,pescado-rabioso,2,bio
carlos-cutaia,carola,1,bio
carlos-cutaia,ce-ce-cutaia,2,"bio,mention"
carlos-cutaia,david-lebon,1,bio
carlos-cutaia,daniel-melero,1,mention
carlos-cutaia,daniel-melingo,1,mention
carlos-cutaia,el-huevo,2,mention
carlos-cutaia,ezequiel-cutaia,1,mention
carlos-cutaia,oscar-moro,1,mention
carmelas,lorena-mayol,1,bio
carmen,virus,1,bio
carmina-burana,209,1,bio
carmina-burana,catupecu-machu,1,bio
carmina-burana,el-otro-yo,1,bio
carmina-burana,la-cruda,1,mention
carmina-burana,mustang-sally,1,mention
carmina-burana,los-senores-hyde,1,mention
carmina-burana,soplo-el-fantasma,1,mention
carne-gaucha,los-fabulosos-cadillacs,1,bio
carne-para-cerdos,matias-kritz,2,"bio,mention"
carnivoros,daniela-herrero,1,mention
carnivoros,diego-mizrahi,1,mention
carnivoros,holy-piby,1,mention
carnivoros,palo-pandolfo,1,mention
carola,ce-ce-cutaia,2,bio
carola,lila,1,bio
carrona-sharong,la-nave,1,mention
carrona-sharong,21-gramos,1,mention
casco,2950,1,bio
casco,sebastian-salvador,1,mention
caserito,la-pata-de-la-tuerta,1,mention
caserito,las-manos-de-filippi,1,mention
casi-justicia-social,don-osvaldo,2,bio
casita-de-salvajes,juan-stewart,1,mention
castanas-de-caju,liliana-herrero,1,mention
castanas-de-caju,onda-vaga,1,mention
catalinatom,santa-rosa,1,mention
catarsis,diego-mizrahi,1,mention
catimbao,los-piojos,2,bio
catupecu-machu,cuentos-borgeanos,2,bio
catupecu-machu,fernando-ruiz-diaz,1,bio
catupecu-machu,soda-stereo,1,bio
catupecu-machu,guasones,1,bio
catupecu-machu,no-te-va-gustar,1,bio
catupecu-machu,oisin,1,bio
catupecu-machu,las-pelotas,1,bio
catupecu-machu,quedate-asi,1,bio
catupecu-machu,abril-sosa,1,bio
catupecu-machu,tan-bionica,1,bio
catupecu-machu,trujaman,1,bio
catupecu-machu,esteban-pichu-serniotti,2,mention
catupecu-machu,la-cruda,1,mention
catupecu-machu,dontorres,1,mention
catupecu-machu,durante-el-invierno,1,mention
catupecu-machu,fruta-deliciosa,1,mention
catupecu-machu,hts,1,mention
catupecu-machu,locura-delivery,1,mention
catupecu-machu,miranda,1,mention
catupecu-machu,orbis-tertius,1,mention
catupecu-machu,ese-perro,1,mention
catupecu-machu,perro-ciego,1,mention
catupecu-machu,la-secta,1,mention
catupecu-machu,somnaluba,1,mention
catupecu-machu,soul-to-soul,1,mention
catupecu-machu,steinein,1,mention
catupecu-machu,super-yo,1,mention
catupecu-machu,superlasciva,1,mention
catupecu-machu,surrebire,1,mention
catupecu-machu,tercer-modulo-ska,1,mention
catupecu-machu,todo-aparenta-normal,1,mention
catupecu-machu,volador-g,1,mention
cazadores,jinete-lendrix,1,mention
cazadores,la-naranja-2,1,mention
ce-ce-cutaia,la-maquina-de-hacer-pajaros,1,bio
ce-ce-cutaia,pescado-rabioso,1,bio
cecilia-krill-contesta,felipe-staiti,1,mention
cehacherespira,villa-diamante,1,mention
celeste-carballo,charly-garcia,1,bio
celeste-carballo,fito-paez,1,bio
celeste-carballo,juanse,1,bio
celeste-carballo,litto-nebbia,1,bio
celeste-carballo,los-ratones-paranoicos,1,bio
celeste-carballo,nito-mestre,2,bio
celeste-carballo,oveja-negra,2,bio
celeste-carballo,sandra-mihanovich,2,bio
celeste-carballo,lito-epumer,2,"bio,mention"
celeste-carballo,federico-gil-sola,1,bio
celeste-carballo,la-guardia-del-fuego,1,bio
celeste-carballo,tweety-gonzalez,2,"bio,mention"
celeste-carballo,ariel-leira,1,bio
celeste-carballo,pappos-blues,1,bio
celeste-carballo,plus,1,bio
celeste-carballo,polaris,1,bio
celeste-carballo,sandra-y-celeste,1,bio
celeste-carballo,chineko,1,mention
celeste-carballo,don-vilanova,1,mention
celeste-carballo,lobela,1,mention
celeste-carballo,leonor-marchesi,1,mention
celeste-carballo,los-ojos-de-clarence,1,mention
celeste-carballo,los-pinguinos,1,mention
celofan,219,1,bio
celofan,jorge-durietz,1,bio
celofan,pedro-y-pablo,1,bio
cenote,charly-garcia,1,mention
cenote,soda-stereo,1,mention
cerati-melero,daniel-melero,1,bio
cerati-melero,gustavo-cerati,1,bio
cerati-melero,gustsavo-cerati,1,bio
cerati-melero,soda-stereo,1,bio
cerati-melero,flavio-etcheto,1,mention
cerca-del-final,de-cerca,1,mention
cerca-del-final,la-naranja-2,1,mention
cerca-del-final,los-videos,1,mention
cexxxa,1815,1,bio
cexxxa,fantasmagoria,1,bio
cexxxa,florlangosta,1,bio
cexxxa,santos-inocentes,1,bio
cexxxa,ubika,1,bio
chala-madre,la-experiencia,1,mention
chala-madre,la-gente,1,mention
chala-rasta,la-gente,1,mention
chala-rasta,plastic-fever,1,mention
chala-rasta,soul-to-soul,1,mention
chala-rasta,uniendo-raices,1,mention
chalina,el-regreso,1,mention
chalina,leon-gieco,1,mention
chancho-va,ruben-castagnolo,2,mention
chancho-va,pedro-el-ermitano,1,mention
chancho-va,santo-tabu,1,mention
chapones,pampa-yakuza,1,mention
charlie3,el-otro-yo,1,mention
che-sudaka,karamelo-santo,1,mention
che-sudaka,un-kuartito,1,mention
che-sudaka,radio-roots,1,mention
chevy-rockets,pezones-cardozo,1,mention
chicos-de-fabrica,raza-urbana,1,mention
chillan-las-bestias,7826,1,bio
chillan-las-bestias,tres-cuervos,1,mention
chinchemoye,las-pelotas,1,mention
chineko,claudia-puyo,1,mention
chineko,guillermo-vadala,1,mention
chinelas-persas,los-natas,1,mention
chivilco,las-pelotas,1,mention
chucaro,julian-mourin,1,mention
cid-campeador,vox-dei,1,mention
cielo-razzo,leon-gieco,1,bio
cielo-razzo,los-piojos,1,bio
cielo-razzo,luis-alberto-spinetta,1,bio
cielo-razzo,diecis1e7e,1,bio
cielo-razzo,huellas,1,bio
cielo-razzo,leone-mavi,1,bio
cielo-razzo,salvese-quien-pueda,1,bio
cielo-razzo,sikarios,1,bio
cielo-razzo,la-triple-nelson,1,mention
cielo-razzo,los-vandalos,1,mention
cielo-razzo,libertino,1,mention
cielo-razzo,las-morochas,1,mention
cielo-razzo,madre-cabra,1,mention
cielo-razzo,mavi,1,mention
cielo-razzo,mision-vietnam,1,mention
cielo-razzo,motivos-olvidables,1,mention
cielo-razzo,nexisterris,1,mention
cielo-razzo,pangeanos,1,mention
cielo-razzo,tren-fantama,1,mention
cielo-razzo,1-segundo-es-demasiado,1,mention
cielofinal,divididos,1,bio
cielofinal,la-renga,1,bio
cienfuegos,los-fabulosos-cadillacs,2,"bio,mention"
cienfuegos,mimi-maura,1,bio
cienfuegos,pez,1,bio
cienfuegos,lions-in-love,1,mention
cienfuegos,sergio-rotman,1,mention
cientificos-del-palo,pepo-san-martin,1,mention
cientificos-del-palo,minimo,1,mention
cientificos-del-palo,sutil-stock,1,mention
cientificos-del-palo,21-gramos,1,mention
cigarro-mojado,626,1,bio
cigarro-mojado,diabla-la,1,mention
cinerama,divididos,1,bio
cinerama,gustavo-santaolalla,1,bio
cinerama,los-fabulosos-cadillacs,1,bio
cinerama-2,el-corte,1,mention
cinerama-2,los-pericos,1,mention
ciro-y-los-persas,los-piojos,2,bio
ciro-y-los-persas,andres-ciro-martinez,2,"bio,mention"
ciro-y-los-persas,pappo,1,bio
ciro-y-los-persas,de-la-tierra,1,mention
ciro-y-los-persas,los-pericos,1,mention
ciro-y-los-persas,los-tekis,1,mention
ciro-y-los-persas,miguel-chucky-de-ipola,1,mention
ciro-y-los-persas,omar-mollo,1,mention
ciro-y-los-persas,la-esclava,1,mention
ciro-y-los-persas,perro-ciego,1,mention
ciro-y-los-persas,salta-la-banca,1,mention
ciro-y-los-persas,skamas,1,mention
ciro-y-los-persas,trilicos,1,mention
cirse,luciana-segovia,1,bio
cirse,luis-alberto-spinetta,1,mention
cith,los-fabulosos-cadillacs,1,bio
cith,juan-terrenal,1,mention
ciudad-de-los-sauces,federico-kempff,1,mention
ciudavitecos,matias-chavez-mendez,1,bio
ciudavitecos,rey-kanibal,1,bio
ciudavitecos,karamelo-santo,1,mention
clandestinos,gabriel-carambula,1,mention
clandestinos,la-gente,1,mention
clandestinos,memphis-la-blusera,1,mention
clap,charly-garcia,1,bio
clap,diego-frenkel,1,bio
clap,fernando-samalea,2,bio
clap,friccion,1,bio
clap,gustavo-cerati,1,bio
clap,la-portuaria,2,bio
clap,la-zimbabwe,1,bio
clap,richard-coleman,1,bio
clap,pachuco-cadaver,1,bio
clavos-band,javier-martinez,1,mention
clavos-band,jovenes-pordioseros,1,mention
clavos-band,luis-salinas,1,mention
clavos-band,vox-dei,1,mention
club-astrolabio,guia-de-viaje,1,mention
club-de-guitarras-callejeras,eduardo-rogatti,1,mention
club-de-guitarras-callejeras,gabriel-conejo-jolivet,2,mention
club-gong,las-pelotas,1,bio
club-gong,sumo,1,bio
cobra-sarli,21-gramos,1,mention
cochecama,el-ombligo,1,mention
cocodrilo,la-naranja-2,1,mention
coiffeur,dani-umpi,1,mention
coki-y-the-killer-burritos,1883,1,bio
coki-y-the-killer-burritos,3660,1,bio
coki-y-the-killer-burritos,mortadela-rancia,1,bio
coki-y-the-killer-burritos,fabian-gallardo,1,mention
coki-y-the-killer-burritos,punto-g,1,mention
cola-de-pato,el-vuelto-s-a,1,mention
cola-de-pato,la-renga,1,mention
cola-de-pato,raza-urbana,1,mention
color-chino,fargus,1,mention
color-humano,david-lebon,2,bio
color-humano,edelmiro-molinari,2,bio
color-humano,luis-alberto-spinetta,1,bio
color-humano,raul-porchetto,1,bio
color-humano,rinaldo-rafanelli,2,bio
color-humano,etiopia,1,bio
color-humano,oscar-moro,2,"bio,mention"
color-humano,los-pillos,1,mention
color-humano,rockmotor,1,mention
color-humano,serez,1,mention
comando-suicida,flema,1,mention
comida-china,los-twist,1,bio
companero-asma,andres-ruiz,1,bio
companero-asma,ariel-minimal,1,mention
companero-asma,la-torre,1,mention
companero-asma,dragonauta,1,mention
companero-asma,las-diferencias,1,mention
condena-perpetua,yesfx,2,bio
conexionistas,bambi-moreno-charpentier,1,mention
conexionistas,la-conexion,1,mention
conexionistas,los-pericos,1,mention
confucionistas,fulton-espina,1,bio
coni-cibils,jimena-lopez-chaplin,1,mention
coni-cibils,maria-ezquiaga,1,mention
coni-cibils,mauro-conforti,1,mention
coni-cibils,tweety-gonzalez,1,mention
connor-questa,minimo,1,mention
conociendo-rusia,javier-malosetti,1,mention
conociendo-rusia,las-cosas,1,mention
conociendo-rusia,leo-sujatovich,1,mention
conociendo-rusia,1915-musica,1,mention
contravos,los-umbanda,1,mention
contravos,pablo-molina,1,mention
contravos,resistencia-suburbana,1,mention
cool-confusion,mustang-sally,1,mention
coral,rinaldo-rafanelli,1,bio
coral-2,rinaldo-rafanelli,1,mention
coral-rock-sonic,el-regreso,1,mention
coral-rock-sonic,los-twist,1,mention
coral-rock-sonic,pipo-cipolatti,1,mention
coronados-de-gloria,lisandro-etala,1,mention
corto-plazo,el-reino,1,mention
corto-plazo,federacion-afrancesada-de-fonk,1,mention
corto-plazo,vikingo,1,mention
cosas-que-pasan,mal-momento,1,mention
cosas-que-pasan,las-cosas-que-pasan,1,mention
cosas-que-pasan,tan-bionica,1,mention
cosmeticos,gringui-herrera,1,bio
cosmeticos,virus,1,bio
cosmo,el-mato-a-un-policia-motorizado,1,bio
cosmo,valle-de-munecas,1,bio
cosmo,la-trampa,1,mention
coverheads,andres-gimenez,1,mention
coverheads,ciro-pertusi,1,mention
coverheads,mario-ian,1,mention
coverheads,rata-blanca,1,mention
coverheads,walter-giardino,1,mention
crema-del-cielo,mariano-manza-esain,1,mention
crema-del-cielo,martes-menta,1,mention
crema-del-cielo,menos-que-cero,1,mention
crema-del-cielo,valle-de-munecas,1,mention
criadcrias,el-sitio,1,mention
crimen-perfecto,dulce-natural,1,mention
crimen-perfecto,karamelo-santo,1,mention
crimen-perfecto,mas-alla,1,mention
crimen-perfecto,the-tormentos,1,mention
crosstown-traffic,9255,1,bio
crosstown-traffic,proyecto-aphostol,1,mention
crucis,1590,1,bio
crucis,charly-garcia,1,bio
crucis,gustavo-montesano,1,bio
crucis,sui-generis,1,bio
crucis,jose-luis-fernandez,1,bio
crucis,la-maquina-de-hacer-pajaros,1,bio
crucis,merlin,1,bio
crucis,montesano,1,bio
crucis,soluna,1,bio
crucis,wet-pic-nic,1,bio
cruzando-el-charco,nahuel-piscitelli,2,mention
cruzando-el-charco,giros,1,mention
cruzdiablo,los-natas,1,mention
cruzdiablo,plan-v,1,mention
cuadros-invitados,locura-delivery,1,mention
cuatro-al-hilo,charly-garcia,1,mention
cuatro-al-hilo,esteban-kabalin,1,mention
cuatro-al-hilo,fito-paez,1,mention
cuatro-al-hilo,javier-calamaro,1,mention
cuatro-al-hilo,la-renga,1,mention
cuatro-al-hilo,los-mentidores,1,mention
cuatro-pesos-de-propina,la-forma,1,mention
cubas,patricia-sosa,1,mention
cubas,vox-dei,1,mention
cucarachas,dancing-mood,1,mention
cucarachas,no-te-va-gustar,1,mention
cucarachas,tan-bionica,1,mention
cucsifae,fun-people,1,bio
cuentos-borgeanos,abril-sosa,2,bio
cuentos-borgeanos,los-demoledores,1,mention
cuentos-borgeanos,infierno-18,1,mention
cuentos-borgeanos,los-nuevos-monstruos,1,mention
cuentos-borgeanos,osiris,1,mention
cuentos-borgeanos,ese-perro,1,mention
cuentos-borgeanos,sonar-eliptico,1,mention
cuentos-borgeanos,soul-to-soul,1,mention
cuentos-borgeanos,supercheria,1,mention
cuero,247,1,bio
cuero,la-joven-guardia,1,mention
cuero,piel-de-pueblo,1,mention
cuerpo,karamelo-santo,1,mention
cuerpo-celeste,psicotraccion,1,mention
cuesta-arriva,las-pelotas,1,mention
cuesta-arriva,los-tipitos,1,mention
cuino,charly-garcia,1,mention
cuino,gustavo-cordera,1,mention
cuino,javier-calamaro,1,mention
cuino,palo-pandolfo,1,mention
cundey-molen,matias-kritz,1,bio
custodios,227,1,bio
custodios,los-tipitos,1,mention
cuyoman,karamelo-santo,1,bio
cuyoman,los-coholins,1,bio
cygnus,3326,1,bio
cygnus,3518,1,bio
cymbaline,mariano-esain,1,bio
daniel-curto,pedro-conde,1,mention
david-chorne,entre-rios,1,mention
david-chorne,lautaro-feldman,1,mention
david-chorne,liliana-herrero,1,mention
el-cairo,jack-lucera,1,mention
el-corte,javier-calamaro,2,bio
el-corte,emisor,1,bio
el-corte,los-guarros,2,"bio,mention"
el-corte,la-sobrecarga,1,bio
el-corte,la-criatura,1,mention
el-corte,los-caballeros-de-la-quema,1,mention
el-corte,frappe,1,mention
el-corte,kapanga,1,mention
el-corte,katarro-vandaliko,1,mention
el-corte,madre-cabra,1,mention
el-corte,munecas,1,mention
el-corte,rulo-menaye,1,mention
el-corte,fidel-nadal,1,mention
el-corte,neutral,1,mention
el-corte,oconnor,1,mention
el-corte,los-pericos,1,mention
el-corte,los-pillos,1,mention
el-corte,patagonia-revelde,1,mention
el-corte,pil-trafa,1,mention
el-corte,restos-fosiles,1,mention
el-corte,rey-momo,1,mention
el-corte,los-siete-delfines,1,mention
el-corte,santos-guardianes,1,mention
el-corte,steinein,1,mention
el-corte,tan-bionica,1,mention
el-corte,valores-reggae,1,mention
el-corte,vito-martino-y-los-inolvidables,1,mention
el-corte,13-vellocet,1,mention
el-cuarteto-de-nos,cachorro-lopez,1,mention
el-cuarteto-de-nos,juan-campodonico,1,mention
el-cuarteto-de-nos,la-feria,1,mention
el-cuarteto-de-nos,riki-musso,1,mention
el-cuarteto-de-nos,javier-calamaro,1,mention
el-cuarteto-de-nos,luciano-supervielle,1,mention
el-cuarteto-de-nos,sidernova,1,mention
el-cuatriyo,fito-paez,1,mention
el-cuatriyo,leon-gieco,1,mention
ezequiel-cutaia,6127,1,bio
ezequiel-cutaia,open-24,1,mention
fabiana-cantilo,charly-garcia,2,bio
fabiana-cantilo,claudia-puyo,1,bio
fabiana-cantilo,daniel-melingo,1,bio
fabiana-cantilo,david-lebon,1,bio
fabiana-cantilo,divididos,1,bio
fabiana-cantilo,fito-paez,2,bio
fabiana-cantilo,gustavo-cerati,1,bio
fabiana-cantilo,hilda-lizarazu,2,"bio,mention"
fabiana-cantilo,la-portuaria,1,bio
fabiana-cantilo,los-pericos,1,bio
fabiana-cantilo,los-perros-calientes,1,bio
fabiana-cantilo,los-twist,2,bio
fabiana-cantilo,luis-alberto-spinetta,1,bio
fabiana-cantilo,patricio-rey-y-sus-redonditos-de-ricota,2,bio
fabiana-cantilo,richard-coleman,2,bio
fabiana-cantilo,seru-giran,2,bio
fabiana-cantilo,soda-stereo,1,bio
fabiana-cantilo,sueter,2,bio
fabiana-cantilo,virus,1,bio
fabiana-cantilo,fena-della-maggiora,1,bio
fabiana-cantilo,estilo-valentino,1,bio
fabiana-cantilo,fabian-gallardo,1,bio
fabiana-cantilo,tweety-gonzalez,1,bio
fabiana-cantilo,ariel-leira,1,bio
fabiana-cantilo,los-perros,2,"bio,mention"
fabiana-cantilo,proyecto-verona,1,bio
fabiana-cantilo,los-siete-delfines,1,bio
fabiana-cantilo,gabriel-carambula,2,mention
fabiana-cantilo,oscar-moro,1,mention
fabiana-cantilo,pipo-cipolatti,1,mention
fabiana-cantilo,ruben-castagnolo,1,mention
fabiana-cantilo,hibridos,1,mention
fabiana-cantilo,hijos-de-babel,1,mention
fabiana-cantilo,maca-mona-mu,1,mention
fabiana-cantilo,murcielagos,1,mention
fabiana-cantilo,cristobal-repetto,1,mention
fabiana-cantilo,rey-sonambulo,1,mention
fabiana-cantilo,rosas-muertas,1,mention
fabiana-cantilo,tres-extranos,1,mention
fabiana-cantilo,andres-zamorano,1,mention
fede-cabral,la-pena-pop,2,bio
fede-cabral,las-pelotas,1,bio
fede-cabral,sancamaleon,2,"bio,mention"
flavio-cianciarulo,iorio-cianciarulo,2,bio
flavio-cianciarulo,los-fabulosos-cadillacs,2,bio
flavio-cianciarulo,misterio,2,bio
flavio-cianciarulo,ricardo-iorio,1,bio
flavio-cianciarulo,de-la-tierra,1,bio
flavio-cianciarulo,minoria-activa,1,bio
flavio-cianciarulo,mimi-maura,1,mention
flavio-cianciarulo,sergio-rotman,1,mention
flavio-cianciarulo,dulces-diablitos,1,mention
flavio-cianciarulo,espias,1,mention
flavio-cianciarulo,fausto-y-banda-cuenco,1,mention
flavio-cianciarulo,kumbia-queers,1,mention
flavio-cianciarulo,lovorne,1,mention
flavio-cianciarulo,rondamon,1,mention
flavio-cianciarulo,juan-subira,1,mention
flavio-cianciarulo,sin-semilla,1,mention
flavio-cianciarulo,surfistas-del-sistema,1,mention
flavio-cianciarulo,timmy-otool,1,mention
flavio-cianciarulo,vicentico,1,mention
gabriel-carambula,los-perros,1,bio
gabriel-carambula,ratones-paranoicos,1,bio
gabriel-carambula,estelares,1,bio
gabriel-carambula,fito-paez,2,mention
gabriel-carambula,los-ratones-paranoicos,2,mention
gabriel-carambula,los-grillos,1,mention
gabriel-carambula,marcelo-mapelman,1,mention
gabriel-carambula,militta-bora,1,mention
gabriel-carambula,la-nave-de-carton,1,mention
gabriel-carambula,los-pulgones,1,mention
gabriel-carambula,pappos-blues,1,mention
gabriel-carambula,los-rancheros,1,mention
gabriel-carambula,riesgo-mondiola,1,mention
guillermo-cides,javier-martinez,1,mention
guillermo-turco-chiodi,329,1,bio
guillermo-turco-chiodi,facon,1,bio
guillermo-turco-chiodi,palo-pandolfo,1,mention
gustavo-cerati,charly-garcia,2,bio
gustavo-cerati,daniel-melero,2,bio
gustavo-cerati,plan-v,2,bio
gustavo-cerati,soda-stereo,2,bio
gustavo-cerati,richard-coleman,2,"bio,mention"
gustavo-cerati,deborah-de-corral,1,bio
gustavo-cerati,flavio-etcheto,2,"bio,mention"
gustavo-cerati,friccion,1,bio
gustavo-cerati,leo-garcia,2,"bio,mention"
gustavo-cerati,no-lo-soporto,1,bio
gustavo-cerati,no-te-va-gustar,1,bio
gustavo-cerati,psicovendetta,1,bio
gustavo-cerati,los-siete-delfines,1,bio
gustavo-cerati,sebastian-salvador,1,bio
gustavo-cerati,vertigo-colectivo,1,bio
gustavo-cerati,virus,1,bio
gustavo-cerati,fernando-nale,2,mention
gustavo-cerati,fernando-samalea,1,mention
gustavo-cerati,leandro-fresco,2,mention
gustavo-cerati,tweety-gonzalez,1,mention
gustavo-cerati,delta-venus,1,mention
gustavo-cerati,el-duelo,1,mention
gustavo-cerati,fena-della-maggiora,1,mention
gustavo-cerati,entrelineas,1,mention
gustavo-cerati,alina-gandini,1,mention
gustavo-cerati,hotel-casino,1,mention
gustavo-cerati,isla-de-los-estados,1,mention
gustavo-cerati,fernando-kabusacki,1,mention
gustavo-cerati,maldita-ramona,1,mention
gustavo-cerati,mar-de-java,1,mention
gustavo-cerati,medula,1,mention
gustavo-cerati,miranda,1,mention
gustavo-cerati,nerdkids,1,mention
gustavo-cerati,panza,1,mention
gustavo-cerati,proyecto-esencial,1,mention
gustavo-cerati,purple-house,1,mention
gustavo-cerati,luis-alberto-spinetta,1,mention
gustavo-cerati,ser,1,mention
gustavo-cerati,sig-ragga,1,mention
gustavo-cerati,usted-senalemelo,1,mention
gustavo-cerati,javier-zuppi,1,mention
gustavo-cerati,zelen,1,mention
gustavo-cordera,matias-chavez-mendez,1,bio
gustavo-cordera,nico-cercola,1,mention
gustavo-cordera,duo-makana,1,mention
gustavo-cordera,pato-lange,1,mention
gustavo-cordera,mejor-actor-de-reparto,1,mention
gustavo-cordera,juan-subira,1,mention
gustavo-cordera,skamas,1,mention
gustavo-cordera,mex-urtizberea,1,mention
ignacio-copani,charlie-martinez,1,bio
javier-calamaro,charly-garcia,1,bio
javier-calamaro,los-guarros,2,bio
javier-calamaro,virus,1,bio
javier-calamaro,frappe,1,bio
javier-calamaro,daniela-herrero,1,bio
javier-calamaro,parralenos,1,bio
javier-calamaro,coti-sorokin,1,bio
javier-calamaro,david-lebon,1,mention
javier-calamaro,jorge-serrano,1,mention
javier-calamaro,gente-de-barrio,1,mention
javier-calamaro,los-juacos,1,mention
javier-calamaro,los-navarros,1,mention
javier-calamaro,nino-azul,1,mention
javier-calamaro,los-pillos,1,mention
javier-calamaro,cristobal-repetto,1,mention
javier-calamaro,soul-to-soul,1,mention
jorge-capello,alejandro-medina,1,mention
jorge-capello,claudia-puyo,1,mention
jorge-capello,claudio-gabis,1,mention
jorge-capello,david-lebon,1,mention
jorge-capello,el-reloj,1,mention
jorge-capello,horacio-fontova,1,mention
jorge-capello,javier-martinez,1,mention
jorge-capello,jose-alberto-iglesias-tanguito,1,mention
jorge-capello,kubero-diaz,1,mention
jorge-capello,la-cofradia-de-la-flor-solar,1,mention
jorge-capello,la-feria,1,mention
jorge-capello,la-fuente,1,mention
jorge-capello,la-mississippi,1,mention
jorge-capello,luis-salinas,1,mention
jorge-capello,maria-jose-cantilo,1,mention
jorge-capello,miguel-cantilo,1,mention
jorge-capello,oveja-negra,1,mention
jorge-capello,pajarito-zaguri,1,mention
jorge-capello,pappos-blues,1,mention
jorge-capello,pescado-rabioso,1,mention
jorge-capello,raul-porchetto,1,mention
jorge-capello,rinaldo-rafanelli,1,mention
jorge-capello,roberto-pettinato,1,mention
jorge-capello,sui-generis,1,mention
jorge-capello,vox-dei,1,mention
juan-cabral,ojos-locos,1,mention
juan-campodonico,gustavo-santaolalla,2,"bio,mention"
juan-campodonico,no-te-va-gustar,1,bio
juan-campodonico,el-peyote-asesino,1,bio
juan-campodonico,perota-chingo,1,bio
juan-campodonico,jorge-drexler,2,mention
juan-campodonico,luciano-supervielle,2,mention
juan-campodonico,martin-rivero,1,mention
juan-campodonico,zoe-gotusso,1,mention
juan-campodonico,la-vela-puerca,1,mention
juan-chiatello,phonalex,1,mention
la-calavera,los-ratones-paranoicos,1,mention
la-caldera,fernandez-fierro,1,mention
la-caldera,la-caldera-2,1,mention
la-caldera-2,las-pastillas-del-abuelo,1,mention
la-canosa,ruben-gaitan,1,mention
la-cara,giusti-funk-corp,1,mention
la-cara,los-grillos,1,mention
la-cara,man-ray,1,mention
la-cara,los-naufragos,1,mention
la-cara,paris,1,mention
la-cara,samurai,1,mention
la-cara-de-los-ultimos,abril-sosa,1,mention
la-cara-de-los-ultimos,palo-pandolfo,1,mention
la-cara-de-los-ultimos,tan-bionica,1,mention
la-carga,charly-garcia,1,bio
la-casatta,karamelo-santo,1,mention
la-casatta,las-pelotas,1,mention
la-celebracion,los-telepatas,1,mention
la-chancha-muda,los-piojos,1,mention
la-chancha-muda,la-resaca-bohemia,1,mention
la-chicana,falsos-profetas,1,mention
la-chicana,pol-neiman,1,mention
la-chilinga,los-piojos,1,bio
la-chilinga,gaspar-om,1,mention
la-chilinga,gauchos-rabiosos,1,mention
la-chilinga,pol-neiman,1,mention
la-chilinga,ariel-prat,1,mention
la-chilinga,diego-torres,1,mention
la-chusma,368,1,bio
la-chusma,6108,1,bio
la-chusma,8960,1,bio
la-chusma,9615,1,bio
la-chusma,juan-ravioli,1,mention
la-chusma,las-pastillas-del-abuelo,1,mention
la-ciudad-bajo-la-niebla,mas-alla,1,mention
la-coca-fernandez,fidel-nadal,1,mention
la-coca-fernandez,karamelo-santo,1,mention
la-coca-fernandez,la-traktora,1,mention
la-cofradia-de-la-flor-solar,jorge-pinchevsky,1,bio
la-cofradia-de-la-flor-solar,kubero-diaz,1,bio
la-cofradia-de-la-flor-solar,la-pesada-del-rocanrol,1,bio
la-cofradia-de-la-flor-solar,miguel-cantilo,1,bio
la-cofradia-de-la-flor-solar,patricio-rey-y-sus-redonditos-de-ricota,2,bio
la-cofradia-de-la-flor-solar,punch,2,bio
la-cofradia-de-la-flor-solar,diplodocum,1,bio
la-cofradia-de-la-flor-solar,carlos-indio-solari,1,bio
la-condena-de-cain,7272,1,bio
la-condena-de-cain,kubero-diaz,1,mention
la-condena-de-cain,sergio-dawi,1,mention
la-conexion,intuicion,1,mention
la-cosa,espias-del-umbral,1,mention
la-cosa,flema,1,mention
la-cosa,krisis,1,mention
la-cosa,sopa,1,mention
la-cosa,simurdiera,1,mention
la-covacha,la-ilegal,1,mention
la-covacha,el-mas-aca,1,mention
la-covacha,el-mendigo,1,mention
la-covacha,las-morochas,1,mention
la-covacha,perro-ciego,1,mention
la-covacha,la-simona,1,mention
la-covacha,viejo-empedrado,1,mention
la-covacha,1-segundo-es-demasiado,1,mention
la-criatura,la-linea,1,mention
la-criatura,sui-generis,1,mention
la-criatura,vox-dei,1,mention
la-cruda,los-caballeros-de-la-quema,1,mention
la-cruda,mambonegro,1,mention
la-cruz,depredador,1,mention
la-cruz,intimuru,1,mention
la-cruz,pista-2,1,mention
la-cruz,sygma,1,mention
las-cosas,las-cosas-que-pasan,1,mention
las-cosas,era-de-acuario,1,mention
las-cosas,eterna-inocencia,1,mention
las-cosas,flema,1,mention
las-cosas,la-gaucha,1,mention
las-cosas,mahatma-dandys,1,mention
las-cosas,metele-plancha,1,mention
las-cosas,mr-mojo,1,mention
las-cosas,mundanos,1,mention
las-cosas,old-skulls,1,mention
las-cosas,sirius,1,mention
las-cosas,tan-bionica,1,mention
las-cosas-que-pasan,gonza-nehuen,1,mention
las-cosas-que-pasan,lavanda-fulton,1,mention
las-cosas-que-pasan,tan-bionica,1,mention
las-curvettes,utopians,1,mention
los-caballeros-de-la-quema,ivan-noble,2,bio
los-caballeros-de-la-quema,la-renga,1,bio
los-caballeros-de-la-quema,leon-gieco,1,bio
los-caballeros-de-la-quema,los-piojos,2,bio
los-caballeros-de-la-quema,pablo-guerra,2,bio
los-caballeros-de-la-quema,patricio-rey-y-sus-redonditos-de-ricota,1,bio
los-caballeros-de-la-quema,mata-violeta,1,bio
los-caballeros-de-la-quema,sendero,1,bio
los-caballeros-de-la-quema,sobrevuelo,1,mention
los-caballeros-de-pedro-juan,don-cornelio-y-la-zona,1,bio
los-caballeros-de-pedro-juan,los-visitantes,1,bio
los-cafres,hugo-lobo,1,bio
los-cafres,la-zimbabwe-reggae-band,1,bio
los-cafres,los-fabulosos-cadillacs,1,bio
los-cafres,los-pericos,1,bio
los-cafres,luis-alberto-spinetta,1,bio
los-cafres,sergio-colombo,1,bio
los-cafres,todos-al-obelisco,1,bio
los-cafres,dread-mar-i,1,bio
los-cafres,klub,1,bio
los-cafres,el-natty-combo,1,bio
los-cafres,nonpalidece,1,bio
los-cafres,la-feria,1,mention
los-cafres,sergio-rotman,1,mention
los-cafres,dale-roska,1,mention
los-cafres,dancing-mood,1,mention
los-cafres,durante-el-invierno,1,mention
los-cafres,los-dubies,1,mention
los-cafres,escafandra,1,mention
los-cafres,fluya,1,mention
los-cafres,fruta-deliciosa,1,mention
los-cafres,la-furia-de-petruza,1,mention
los-cafres,juan-y-los-que-rien,1,mention
los-cafres,axel-krygier,1,mention
los-cafres,mimi-maura,1,mention
los-cafres,mozambique,1,mention
los-cafres,la-nave-de-carton,1,mention
los-cafres,los-padrinos,1,mention
los-cafres,perro-ciego,1,mention
los-cafres,prismaticos,1,mention
los-cafres,ritus-santus,1,mention
los-cafres,rondamon,1,mention
los-cafres,sig-ragga,1,mention
los-cafres,terrapio,1,mention
los-cafres,verde-reggae,1,mention
los-caligaris,ivan-salo,1,mention
los-caligaris,la-skandalosa-tripulacion,1,mention
los-caligaris,zelen,1,mention
los-caligaris,9-menos-cuarto,1,mention
los-calmantes,infierno-18,1,mention
los-calmantes,impuntuales,1,mention
los-calzones,karamelo-santo,1,mention
los-calzones,mal-karma,1,mention
los-campos-magneticos,sebastian-rubin,1,mention
los-chanchos,349,1,bio
los-chanchos,david-lebon,1,bio
los-chanchos,fito-paez,1,bio
los-chanchos,pescado-rabioso,1,bio
los-cocineros,sol-pereyra,2,bio
los-cuerpos,las-pelotas,1,mention
los-cuerpos,los-fabulosos-cadillacs,1,mention
los-cuerpos,los-vandalos,1,mention
los-cuerpos,diga-33,1,mention
los-cuerpos,magio-lalala,1,mention
los-cuervos,quiero-a-tu-madre,1,bio
los-cuervos-2,quiero-a-tu-madre,1,mention
luchi-camorra,228,1,bio
luchi-camorra,juana-la-loca,1,bio
lucho-cervi,daniel-melero,1,mention
lucho-cervi,juana-la-loca,1,mention
lucho-cervi,les-mentettes,1,mention
lucho-cervi,proyecto-verona,1,mention
lucho-cervi,richard-coleman,1,mention
lucho-cervi,juguete-ruidoso,1,mention
lucho-cicioni,lucas-sedler,1,bio
marciano-cantero,los-enanitos-verdes,2,bio
maria-jose-cantilo,carlos-indio-solari,1,bio
maria-jose-cantilo,miguel-cantilo,1,bio
maria-jose-cantilo,pedro-y-pablo,1,bio
maria-jose-cantilo,david-lebon,1,mention
maria-jose-cantilo,leon-gieco,1,mention
matias-chavez-mendez,no-te-va-gustar,1,bio
matias-chavez-mendez,nuca,2,"bio,mention"
matias-chavez-mendez,sancamaleon,1,bio
matias-chavez-mendez,shambala,1,bio
matias-chavez-mendez,socio,1,bio
matias-chavez-mendez,yicos,2,"bio,mention"
matias-chavez-mendez,los-umbanda,2,mention
matias-chavez-mendez,mejor-actor-de-reparto,1,mention
mauro-conforti,charly-garcia,1,mention
mauro-conforti,daniela-herrero,1,mention
mauro-conforti,fernando-samalea,1,mention
mauro-conforti,maria-ezquiaga,1,mention
mauro-conforti,hora-pico,1,mention
mauro-conforti,verne,1,mention
maximiliano-calvo,16304,1,bio
maximiliano-calvo,litto-nebbia,1,bio
maximiliano-calvo,tweety-gonzalez,1,mention
maximiliano-calvo,intrepidos-navegantes,1,mention
miguel-cantilo,la-sangre,2,bio
miguel-cantilo,pedro-y-pablo,2,bio
miguel-cantilo,punch,2,bio
miguel-cantilo,kubero-diaz,1,bio
miguel-cantilo,ivan-y-gustavo,1,bio
miguel-cantilo,claudia-puyo,1,bio
miguel-cantilo,piero,1,bio
miguel-cantilo,la-trifasica,1,bio
miguel-cantilo,jorge-durietz,2,mention
miguel-cantilo,ruben-rada,1,mention
miguel-cantilo,la-medianera,1,mention
miguel-cantilo,gady-pampillon,1,mention
miguel-cantilo,los-tekis,1,mention
nico-cercola,fidel-nadal,1,mention
nico-cercola,miss-bolivia,1,mention
nico-cercola,no-te-va-gustar,1,mention
nico-cota,341,1,bio
nico-cota,illya-kuryaki-and-the-valderramas,1,bio
nico-cota,luis-alberto-spinetta,1,bio
nico-cota,guillermo-vadala,1,mention
nico-cota,javier-malosetti,1,mention
nico-cota,emmanuel-horvilleur,1,mention
nico-cota,loli-molina,1,mention
nico-cota,milhojas,1,mention
nicolas-carou,fito-paez,1,bio
nicolas-carou,el-kuelgue,1,mention
nicolas-carou,las-taradas,1,mention
nicolas-carou,loli-molina,1,mention
nicolas-carou,miss-bolivia,1,mention
pedro-conde,alejandro-medina,1,mention
pedro-conde,claudia-puyo,1,mention
pedro-conde,edelmiro-molinari,1,mention
pedro-conde,el-soldado,1,mention
pedro-conde,emilio-del-guercio,1,mention
pedro-conde,horacio-fontova,1,mention
pedro-conde,la-fuente,1,mention
pedro-conde,la-murga,1,mention
pedro-conde,leon-gieco,1,mention
pedro-conde,liliana-vitale,1,mention
pedro-conde,litto-nebbia,1,mention
pedro-conde,patricio-rey-y-sus-redonditos-de-ricota,1,mention
pedro-conde,pedro-y-pablo,1,mention
pipo-cipolatti,charly-garcia,1,bio
pipo-cipolatti,daniel-melingo,2,"bio,mention"
pipo-cipolatti,los-twist,2,bio
pipo-cipolatti,los-heladeros-del-tiempo,1,mention
pipo-cipolatti,literal,1,mention
pipo-cipolatti,la-pandilla-del-verano,1,mention
pipo-cipolatti,parralenos,1,mention
richard-coleman,charly-garcia,2,bio
richard-coleman,friccion,2,bio
richard-coleman,los-siete-delfines,2,bio
richard-coleman,metropoli,2,bio
richard-coleman,soda-stereo,2,bio
richard-coleman,braulio-daguirre,1,bio
richard-coleman,los-encargados,1,bio
richard-coleman,maria-gabriela-epumer,1,bio
richard-coleman,volador-g,1,bio
richard-coleman,alejandro-lerner,1,mention
richard-coleman,leandro-fresco,1,mention
richard-coleman,fena-della-maggiora,1,mention
richard-coleman,juanse,1,mention
richard-coleman,padre,1,mention
richard-coleman,palo-pandolfo,1,mention
richard-coleman,zumbadores,1,mention
ruben-castagnolo,4555,1,bio
sergio-chotsourian,los-natas,2,"bio,mention"
sergio-chotsourian,gustavo-rowek,1,mention
sergio-chotsourian,guachass,1,mention
sonia-chammah,hilda-lizarazu,1,mention
sonia-chammah,sonia-chammah-2,1,mention
sonia-chammah-2,hilda-lizarazu,1,mention
willy-crook,daniel-melingo,1,bio
willy-crook,deborah-dixon,1,bio
willy-crook,lions-in-love,2,bio
willy-crook,miguel-zavaleta,1,bio
willy-crook,patricio-rey-y-sus-redonditos-de-ricota,2,bio
willy-crook,sumo,1,bio
willy-crook,charly-garcia,1,mention
willy-crook,fernando-samalea,1,mention
willy-crook,los-encargados,1,mention
willy-crook,los-fabulosos-cadillacs,1,mention
willy-crook,man-ray,2,mention
willy-crook,de-la-rivera,1,mention
willy-crook,dulces-diablitos,1,mention
willy-crook,gillespi,1,mention
willy-crook,pat-coria-y-los-susceptibles,1,mention
willy-crook,piter-funk,1,mention
willy-crook,ser,1,mention
alejandro-del-prado,litto-nebbia,2,bio
alejandro-del-prado,saloma,1,bio
alejandro-delbono,9271,1,bio
alejandro-delbono,estilo-valentino,1,mention
alejandro-delbono,la-maga,1,mention
braulio-daguirre,1349,1,bio
braulio-daguirre,1356,1,bio
braulio-daguirre,311,1,bio
braulio-daguirre,los-siete-delfines,2,bio
braulio-daguirre,el-signo,1,mention
braulio-daguirre,fiesta-americana,1,mention
braulio-daguirre,mavi-diaz,1,mention
braulio-daguirre,tres-cuervos,1,mention
johanna-brijow-dragone,natural-cocaleros,1,bio
carlos-daniel,alejandro-lerner,1,bio
carlos-daniel,leon-gieco,1,bio
carlos-daniel,litto-nebbia,1,bio
carlos-daniel,raul-porchetto,1,bio
charlie-desidney,la-pena-pop,1,bio
charlie-desidney,karamelo-santo,1,mention
charlie-desidney,la-vela-puerca,1,mention
charlie-desidney,dias-felices,1,mention
charlie-desidney,palo-pandolfo,1,mention
charlie-desidney,piquete-de-ojos,1,mention
charlie-desidney,quebrantahuesos,1,mention
cristina-dall,the-jackpots,1,mention
d-cero,d-cero-2,1,mention
d-cero,la-trampa,1,mention
d-cero,los-traidores,1,mention
d-cero-2,la-trampa,1,mention
d-cero-2,los-traidores,1,mention
d-cima,eruca-sativa,1,mention
d-cima,gran-martell,1,mention
d-cima,javier-malosetti,1,mention
d-cima,la-zurda,1,mention
d-cima,luis-alberto-spinetta,1,mention
d-cima,ricardo-iorio,1,mention
d-mente,leon-gieco,2,bio
d-mente,de-la-tierra,1,bio
d-mente,andres-gimenez,1,bio
d-mente,dum,1,mention
d-mente,granada,1,mention
d-mente,matasiete,1,mention
d-mente,nino-azul,1,mention
d-mente,osiris,1,mention
d-mente,tracy-lord,1,mention
d-i-o-n-i-s-i-o-s,el-otro-yo,1,bio
d-i-o-n-i-s-i-o-s,massacre,1,bio
daddy-antogna-y-los-de-helio,alejandro-medina,1,mention
daddy-antogna-y-los-de-helio,madre-atomica,1,mention
dale-roska,fidel-nadal,1,mention
dale-roska,las-manos-de-filippi,1,mention
dale-roska,resistencia-suburbana,1,mention
damian-duflos,the-jackpots,1,mention
dancing-mood,gerardo-toto-rotblat,2,bio
dancing-mood,hugo-lobo,1,bio
dancing-mood,el-natty-combo,2,"bio,mention"
dancing-mood,viejas-locas,2,"bio,mention"
dancing-mood,2-minutos,1,mention
dancing-mood,deborah-dixon,1,mention
dancing-mood,fidel-nadal,1,mention
dancing-mood,mimi-maura,1,mention
dancing-mood,nuevas-raices,1,mention
dancing-mood,satelite-kingston,1,mention
dancing-mood,delfines-de-etiopia,1,mention
dancing-mood,divina-verdad,1,mention
dancing-mood,los-dubies,1,mention
dancing-mood,eloy-rock-and-roll,1,mention
dancing-mood,escafandra,1,mention
dancing-mood,espias,1,mention
dancing-mood,fausto-y-banda-cuenco,1,mention
dancing-mood,fruta-deliciosa,1,mention
dancing-mood,los-hi-hats,1,mention
dancing-mood,kapanga,1,mention
dancing-mood,kumbia-queers,1,mention
dancing-mood,lions-in-love,1,mention
dancing-mood,mil-astillas,1,mention
dancing-mood,motorama,1,mention
dancing-mood,mundanos,1,mention
dancing-mood,papas-ni-pidamos,1,mention
dancing-mood,radio-roots,1,mention
dancing-mood,smocking-flamingo,1,mention
dancing-mood,suburband,1,mention
dancing-mood,la-traktora,1,mention
daniela,el-jardin-de-la-esquina,1,bio
darma-demagio,jose-luis-garabal,1,mention
ddt,320,1,bio
ddt,demonios-de-tasmania,2,"bio,mention"
de-benedictis,mulam,1,mention
de-bueyes,la-rayada,1,mention
de-cerca,la-yegros,1,mention
de-la-gran-pinata,once-tiros,1,mention
de-la-gran-pinata,oridios,1,mention
de-la-guarda,gustavo-santaolalla,1,mention
de-la-rivera,emmanuel-horvilleur,1,mention
de-la-rivera,illya-kuryaki-the-valderramas,1,mention
de-la-rivera,julieta-rada,1,mention
de-la-rivera,valdes,1,mention
de-la-tierra,61,1,bio
de-la-tierra,andres-gimenez,1,bio
de-la-tierra,los-fabulosos-cadillacs,1,bio
de-la-tierra,dum,1,mention
de-la-tierra,farolitos,1,mention
de-la-tierra,puerto-infinito,1,mention
de-la-tierra,rey-guru,1,mention
de-la-tierra,uniendo-raices,1,mention
de-loop,socio,1,mention
de-loop,suenos-en-el-aire,1,mention
de-raiz,funky-animal-orquesta,1,mention
de-raiz,raiz,1,mention
de-raiz,riddim,1,mention
de-raiz,las-sombras,1,mention
de-raiz,sebastian-zanetto-grupo,1,mention
de-romanticistas-shaolins,katarro-vandaliko,1,mention
de-trueno,karamelo-santo,1,mention
deborah-de-corral,imperfectos,2,"bio,mention"
deborah-de-corral,plum,1,bio
deborah-de-corral,soda-stereo,1,bio
deborah-de-corral,nelumbo,1,mention
deborah-de-corral,ivan-salo,1,mention
deborah-de-corral,varias-artistas,1,mention
deborah-dixon,fierro-y-cruz,1,mention
deborah-dixon,mr-mojo,1,mention
deborah-dixon,tony-70,1,mention
decenadores,charly-garcia,1,mention
decima,hilda-lizarazu,1,mention
decima,javier-malosetti,1,mention
decima,luis-alberto-spinetta,1,mention
decima,ricardo-iorio,1,mention
decima,vox-dei,1,mention
decuajo,francisco-munoz,1,mention
dedes,barbi-recanati,1,mention
deformica,juan-ravioli,1,mention
deformica,lucas-marti,1,mention
deformica,mes-de-mayo,1,mention
deja-vu-2,duenos-de-lo-ajeno,1,mention
deja-vu-2,viejo-smoking,1,mention
del-pasaje,hexatonica,1,mention
delfines-de-etiopia,fidel-nadal,1,mention
delfines-de-etiopia,karamelo-santo,1,mention
delfines-de-etiopia,pablo-molina,1,mention
delfines-de-etiopia,resistencia-suburbana,1,mention
demente-caracol,sui-generis,1,bio
demente-caracol,javier-vagnozzi,1,mention
demonios-de-tasmania,daniel-melingo,1,bio
demonios-de-tasmania,man-ray,1,mention
demonios-de-tasmania,resonantes,1,mention
demonios-de-tasmania,sherman-y-los-crocantes,1,mention
depredador,las-manos-de-filippi,1,mention
depredador,pappos-blues,1,mention
depredador,stukas-en-vuelo,1,mention
derockados,misma-sangre,1,mention
desabalados,ninos-enfermos,1,mention
desague-varela,la-portuaria,1,bio
desague-varela,palo-pandolfo,1,bio
desague-varela,turf,1,bio
desague-varela,don-cornelio-y-la-zona,1,mention
desague-varela,el-muro,1,mention
desague-varela,ivan-noble,1,mention
desague-varela,lito-vitale,1,mention
desconcertados,la-feria,1,mention
desconcertados,mas-alla,1,mention
desconcertados,mes-de-mayo,1,mention
desde-aca,336,1,bio
desde-aca,los-gardelitos,1,mention
desertor,tren-loco,1,mention
desierto-y-agua,julio-y-agosto,1,mention
desierto-y-agua,karamelo-santo,1,mention
desierto-y-agua,la-quimera,1,mention
desinhibidos,17411,1,bio
desinhibidos,8960,1,bio
desintegracion,los-latigos,1,mention
desmontaje,el-sotano,1,mention
destroyer,luis-valenti,1,mention
devas,los-natas,1,mention
devenir,mario-ian,2,bio
devenir,rata-blanca,1,bio
dfolk,los-ratones-paranoicos,1,bio
dia-d,253,1,bio
dia-d,los-fabulosos-cadillacs,1,mention
dia-d,los-pillos,1,mention
diablos-chulos,la-linea,1,mention
diagonal-18,karamelo-santo,1,mention
dias-felices,karamelo-santo,1,mention
dias-felices,milhouse-palacios,1,mention
diez-mundos,cecilia-grammatico,1,mention
diga-33,materia-gris,1,bio
diga-33,mariano-toziano,1,mention
dios-los-cria,tweety-gonzalez,1,bio
dios-los-cria,la-esclava,1,mention
dios-los-cria,te-traje-flores,1,mention
dios-los-cria,zellekin,1,mention
diosque,daniel-melero,1,mention
diosque,los-twist,1,mention
diplodocum,patricio-rey-y-sus-redonditos-de-ricota,2,bio
diplodocum,la-negra,1,mention
divididos,federico-gil-sola,2,bio
divididos,gustavo-santaolalla,1,bio
divididos,la-renga,1,bio
divididos,la-sobrecarga,2,bio
divididos,las-pelotas,2,bio
divididos,leon-gieco,2,bio
divididos,los-piojos,1,bio
divididos,luca-prodan,1,bio
divididos,mam,2,bio
divididos,monos-con-navajas,1,bio
divididos,sumo,2,bio
divididos,todos-tus-muertos,2,bio
divididos,erica-garcia,1,bio
divididos,gran-martell,1,bio
divididos,guasones,1,bio
divididos,hurlingham-reggae-band,1,bio
divididos,liliana-herrero,1,bio
divididos,il-phantasmo,1,bio
divididos,karma-sudaca,1,bio
divididos,mata-violeta,1,bio
divididos,minimo,1,bio
divididos,pappo,1,bio
divididos,parralenos,1,bio
divididos,pelvis,1,bio
divididos,sometidos-por-morgan,1,bio
divididos,las-vacas-sagradas,1,bio
divididos,vetamadre,1,bio
divididos,omar-mollo,1,mention
divina-verdad,el-natty-combo,1,mention
divina-verdad,santiago-manrique,1,mention
divina-verdad,uniendo-raices,1,mention
divina-verdad,zona-ganjah,1,mention
dj-nelson,dulce-natural,1,mention
dj-nelson,verde-reggae,1,mention
dj-nelson,zion-reggae,1,mention
doble-fuerza,ciro-pertusi,1,mention
doble-fuerza,los-violadores,1,mention
doble-fuerza,mal-momento,1,mention
doble-fuerza,ricky-espinosa,1,mention
doble-fuerza,puede-ser-peor,1,mention
doble-fuerza,rekonfundidos,1,mention
doble-fuerza,superuva,1,mention
doble-fuerza,triple-cero,1,mention
doble-gota,doble-gota-2,1,mention
dogo,el-dragon,1,mention
dogo,tren-loco,1,mention
dogo-2,el-otro-yo,1,mention
dogo-2,la-renga,1,mention
don-adams,393,1,bio
don-adams,los-ratones-paranoicos,1,bio
don-adams,los-heladeros-del-tiempo,1,bio
don-cornelio-y-la-zona,los-visitantes,2,bio
don-cornelio-y-la-zona,palo-pandolfo,1,bio
don-cornelio-y-la-zona,shh,1,bio
don-cornelio-y-la-zona,el-popinauta,1,mention
don-osvaldo,farolitos,1,mention
don-vilanova,lucas-sedler,1,bio
don-vilanova,ciro-fogliatta,1,mention
don-vilanova,emmanuel-horvilleur,1,mention
don-vilanova,la-mississippi,1,mention
dona-maria,funkastic-grooves,1,mention
dona-maria,juan-ravioli,1,mention
dontorres,karamelo-santo,1,mention
dontorres,la-fuente,1,mention
doris,11554,1,bio
doris,onda-vaga,1,bio
doris,nacho-rodriguez,1,mention
dos-caballos-y-una-flor,paralelo-b,1,mention
dr-silva,la-resistencia,1,mention
dr-brown,pampa-yakuza,1,mention
dr-brown,tres-orillas,1,mention
dr-rock,dulces-16,1,bio
dr-rock,memphis-la-blusera,1,bio
dr-rock,patricio-rey-y-sus-redonditos-de-ricota,1,bio
dr-rock,sumo,1,bio
dr-rock,v8,1,bio
dr-rock,marcelo-roascio,1,bio
dr-rock,el-soldado,1,mention
dr-rock,luis-robinson,1,mention
dr-rock,palo-pandolfo,1,mention
dr-rock,rcm,1,mention
dread-mar-i,mensajeros-reggae,1,mention
dread-mar-i,fidel-comiso,1,mention
dread-mar-i,el-majebri,1,mention
dread-mar-i,rondamon,1,mention
dread-mar-i,shelby,1,mention
dread-mar-i,sr-tenga-reggae,1,mention
dread-mar-i,los-tekis,1,mention
dread-mar-i,tren-fantama,1,mention
dread-negast,negusa-negast,2,"bio,mention"
dread-negast,karamelo-santo,1,mention
dread-negast,malhu,1,mention
drei,la-nave,1,mention
drogaperrotrueno,vera-spinetta,1,mention
duendes-vagos,las-pelotas,1,mention
duenos-de-lo-ajeno,la-mosca,1,mention
duenos-de-lo-ajeno,tercer-ojo,1,mention
duff,2969,1,bio
duff,3315,1,bio
duff,405,1,bio
duff,fun-people,1,mention
dulce-natural,infierno-18,1,mention
dulce-natural,karamelo-santo,1,mention
dulce-natural,los-gardelitos,1,mention
dulce-natural,nine-lives,1,mention
dulce-natural,resistencia-suburbana,1,mention
dulce-pesadilla,voluntad-cero,1,mention
dulces-16,gabriel-conejo-jolivet,2,bio
dulces-16,pappo,1,bio
dulces-16,rosas-muertas,1,mention
dulces-16,luis-valenti,1,mention
dulces-diablitos,karamelo-santo,1,mention
dulces-diablitos,los-fabulosos-cadillacs,1,mention
dulces-diablitos,sergio-rotman,1,mention
dum,andres-gimenez,1,mention
duna,los-abejorros,1,bio
durante-el-invierno,primal,1,mention
durazno-de-gala,memphis-la-blusera,1,bio
durazno-de-gala,pappos-blues,1,bio
durazno-de-gala,daniel-yalo-lopez,1,bio
durazno-de-gala,victor-hamudis,1,mention
durazno-de-gala,gabriel-conejo-jolivet,1,mention
durazno-de-gala,los-teddy-boys,1,mention
durazno-de-gala,la-vieja-ruta,1,mention
durban-poison,15387,1,bio
durban-poison,mil-astillas,1,mention
durban-poison,los-del-fin,1,mention
el-dependiente,2035,1,bio
el-dependiente,los-latigos,2,"bio,mention"
el-dependiente,marcelo-zeoli,2,"bio,mention"
el-dorado,la-kgb,1,bio
el-dorado,equisalcubo,1,mention
el-dorado,jpa-reggae,1,mention
el-dorado,mama-santa,1,mention
el-dorado,mimi-maura,1,mention
el-dorado,peter-pank-y-los-chicos-perdidos,1,mention
el-dragon,chycle,1,bio
el-dragon,hermetica,1,bio
el-duelo,tan-bionica,1,mention
elio-delgado,el-hito,2,mention
elio-delgado,nuestra-raza,1,mention
emilio-del-guercio,edelmiro-molinari,1,bio
emilio-del-guercio,eduardo-rogatti,2,bio
emilio-del-guercio,la-electrica-rioplatense,2,bio
emilio-del-guercio,spinetta-jade,2,bio
emilio-del-guercio,luis-alberto-spinetta,1,bio
emilio-del-guercio,ruben-goldin,1,mention
fena-della-maggiora,charly-garcia,1,bio
fena-della-maggiora,fito-paez,1,bio
fena-della-maggiora,fontova-trio,1,bio
fena-della-maggiora,sueter,1,bio
fena-della-maggiora,horacio-fontova,1,bio
fena-della-maggiora,david-lebon,1,mention
fena-della-maggiora,miguel-zavaleta,1,mention
fena-della-maggiora,parralenos,1,mention
ignacio-del-portico,das-shutter-pal,1,mention
isabel-de-sebastian,metropoli,1,bio
isabel-de-sebastian,pat-coria-y-los-susceptibles,1,mention
isabel-de-sebastian,patricio-rey-y-sus-redonditos-de-ricota,1,mention
jorge-drexler,kevin-johansen,1,mention
jorge-drexler,sebastian-escofet,1,mention
jorge-drexler,zoe-gotusso,1,mention
jorge-drexler,victoria-maurette,1,mention
jorge-drexler,luciano-supervielle,1,mention
jorge-drexler,pablo-sciuto,1,mention
jorge-drexler,salvapantallas,1,mention
jorge-drexler,zelen,1,mention
jorge-durietz,pedro-y-pablo,2,bio
jorge-durietz,melimelum,1,bio
jorge-durietz,punch,1,mention
juan-del-barrio,hector-pomo-lorenzo,1,mention
juan-del-barrio,luis-alberto-spinetta,1,mention
juan-del-barrio,sueter,1,mention
julian-desbats,los-rusos-hijos-de-puta,1,bio
kubero-diaz,la-pesada-del-rocanrol,1,bio
kubero-diaz,jorge-senno,1,bio
kubero-diaz,furia-genetica,1,mention
la-doblada,imperio-maltes,1,mention
la-doble-traccion,2143,1,bio
la-doble-traccion,360,1,bio
lalo-de-los-santos,fito-paez,1,bio
lalo-de-los-santos,jorge-fandermole,2,bio
lalo-de-los-santos,litto-nebbia,2,"bio,mention"
lalo-de-los-santos,los-gatos,1,bio
lalo-de-los-santos,manal,1,bio
lalo-de-los-santos,pablo-el-enterrador,2,"bio,mention"
lalo-de-los-santos,rosarinos,2,bio
lalo-de-los-santos,ruben-goldin,2,"bio,mention"
lalo-de-los-santos,silvina-garre,1,bio
lalo-de-los-santos,cristobal-repetto,1,mention
las-diferencias,ariel-minimal,1,mention
las-diferencias,el-festival-de-los-viajes,1,mention
las-diferencias,el-perrodiablo,1,mention
las-diferencias,los-espiritus,1,mention
las-diferencias,stukas-en-vuelo,1,mention
las-diferencias,vox-dei,1,mention
las-diferencias,zona-ganjah,1,mention
los-del-fin,los-del-fin-2,1,mention
los-demoledores,fito-paez,1,mention
los-desconocidos-de-siempre,alejandro-lerner,2,bio
los-desconocidos-de-siempre,los-gatos,1,bio
los-desconocidos-de-siempre,maria-rosa-yorio,2,bio
los-desconocidos-de-siempre,nito-mestre,2,bio
los-desconocidos-de-siempre,sui-generis,1,bio
los-desconocidos-de-siempre,ciro-fogliatta,1,mention
los-desconocidos-de-siempre,juan-carlos-mono-fontana,1,mention
los-desconocidos-de-siempre,leonor-marchesi,1,mention
los-dubies,holy-piby,1,mention
los-dubies,ladran-sancho,1,mention
los-dukes,los-pick-ups,1,bio
los-dukes,tanguito,1,bio
los-dukes,jose-alberto-iglesias-tanguito,2,"bio,mention"
los-durabeat,ruben-gaitan,1,mention
marcelo-chelo-delgado,9349,1,bio
marcelo-chelo-delgado,la-zimbabwe,2,bio
mavi-diaz,los-twist,1,bio
mavi-diaz,viuda-e-hijas-de-roque-enrol,1,bio
mavi-diaz,charly-garcia,1,mention
mavi-diaz,fito-paez,1,mention
mavi-diaz,patricia-sosa,1,mention
mavi-diaz,soda-stereo,1,mention
mavi-diaz,viuda-e-hijas-de-roque-enroll,2,mention
mavi-diaz,daniela-herrero,1,mention
mavi-diaz,juguetes-en-el-vip,1,mention
mavi-diaz,pat-coria-y-los-susceptibles,1,mention
mavi-diaz,ser,1,mention
miguel-chucky-de-ipola,los-piojos,2,bio
miguel-chucky-de-ipola,hijos-del-oeste,1,mention
miguel-chucky-de-ipola,la-mississippi,1,mention
miguel-chucky-de-ipola,motor-loco,1,mention
miguel-chucky-de-ipola,rata-blanca,1,mention
mutantes-del-parana,juan-pollo-raffo,1,mention
pablo-dacal,la-orquesta-de-salon,1,bio
pablo-dacal,the-killer-burritos,1,bio
pablo-dacal,viajantes,2,bio
pablo-dacal,daniel-melingo,1,mention
pablo-dacal,fito-paez,1,mention
pablo-dacal,juan-jacinto,1,mention
pablo-dacal,orquesta-de-salon,1,mention
pablo-dacal,plan-v,1,mention
pablo-dacal,maria-ezquiaga,1,mention
pablo-dacal,la-filarmonica-cosmica,1,mention
pablo-dacal,jimena-lopez-chaplin,1,mention
pablo-dacal,la-perla-irregular,1,mention
pablo-dacal,paris-paris-musique,1,mention
pablo-dacal,ratola,1,mention
pablo-dacal,sebastian-volco,1,mention
pablo-di-nardo,mi-amigo-invencible,1,bio
pablo-di-nardo,pedro-el-ermitano,1,mention
das-shutter-pal,las-ligas-menores,1,mention
das-shutter-pal,los-reyes-del-falsete,1,mention
das-shutter-pal,luciana-tagliapietra,1,mention
das-shutter-pal,mi-nave,1,mention
sebastian-defranchesco,5006,1,bio
sergio-dawi,patricio-rey-y-sus-redonditos-de-ricota,1,bio
sergio-dawi,carlos-indio-solari,1,mention
sergio-dawi,senorita-carolina,1,mention
sergio-dawi,la-todo-mal-orquesta,1,mention
sergio-dawi,the-keruza,1,mention
sergio-dawi,la-vaca-del-fondo,1,mention
walter-dominguez,5707,1,bio
walter-dominguez,luis-salinas,1,mention
eco,3108,1,bio
eco,la-mancha,1,mention
eco,la-mancha-de-rolando,1,mention
efecto-tyndall-rock,el-ombligo,1,mention
einstein,1658,1,bio
einstein,los-visitantes,1,bio
el-mato-a-un-policia-motorizado,santiago-motorizado,2,"bio,mention"
el-mato-a-un-policia-motorizado,nino-elefante,2,"bio,mention"
el-mato-a-un-policia-motorizado,limbo-junior,1,mention
el-mato-a-un-policia-motorizado,morbo-y-mambo,1,mention
el-mato-a-un-policia-motorizado,petit-mort,1,mention
el-mato-a-un-policia-motorizado,telexx,1,mention
elale,sr-tomate,1,bio
electrocuerpo,entre-rios,1,mention
electrohope,javier-malosetti,1,bio
electron,juana-la-loca,1,bio
elektromanos,2536,1,bio
elektromanos,las-manos-de-filippi,1,bio
elektromanos,la-gente,1,mention
elixir,diego-torres,1,mention
ella-es-tan-cargosa,los-tipitos,1,bio
ella-es-tan-cargosa,no-te-va-gustar,1,bio
ella-es-tan-cargosa,hijos-de-babel,1,bio
ella-es-tan-cargosa,la-sangre,1,mention
ella-es-tan-cargosa,memphis-la-blusera,1,mention
ella-es-tan-cargosa,rodrigo-manigot,1,mention
ella-es-tan-cargosa,diego-mizrahi,1,mention
ella-es-tan-cargosa,ivan-noble,1,mention
ella-es-tan-cargosa,sideria,1,mention
ella-es-tan-cargosa,javier-vagnozzi,1,mention
eloy-rock-and-roll,leon-gieco,1,mention
elysees,la-montana-2,1,mention
emanero,la-movida,1,mention
emanero,open-your-kantos,1,mention
embajada-boliviana,el-sur,1,mention
embajada-boliviana,mes-de-mayo,1,mention
emboscados,la-mocosa,1,mention
emboscados,la-perra-que-los-pario,1,mention
emisor,la-forma,1,bio
emisor,resonantes,1,bio
emisor,victoria-mil,1,bio
emme,lito-vitale,1,bio
emme,lucas-marti,1,bio
encuentro,915,1,bio
encuentro,los-musicos-del-centro,1,mention
endlrg,perras-on-the-beach,1,bio
endlrg,usted-senalemelo,1,bio
enero-sera-mio,javier-mareco,1,mention
enero-sera-mio,lucas-marti,1,mention
enero-sera-mio,tweety-gonzalez,1,mention
engranaje,osvaldo-bocon-frascino,1,bio
engranaje,pappo,1,bio
engranaje,marcelo-roascio,1,bio
engranaje,el-reloj,1,mention
engranaje,javier-martinez,1,mention
engranaje,pescado-rabioso,1,mention
enhola,el-otro-yo,1,mention
enhola,juana-la-loca,1,mention
enhola,leo-garcia,1,mention
enhola,los-siete-delfines,1,mention
enhola,santos-inocentes,1,mention
enhola,soda-stereo,1,mention
ensamble-peripecia,la-tumba-del-alca,1,mention
entre-rios,6357,1,bio
entre-rios,paula-meijide,1,mention
entre-rios,rosario-ortega,2,mention
entre-rios,eruca-sativa,1,mention
entre-rios,flor-de-vida,1,mention
entre-rios,carlos-indio-solari,1,mention
entre-rios,imperio,1,mention
entre-rios,juan-domingo-y-los-bombarderos,1,mention
entre-rios,lauphan,1,mention
entre-rios,lucila-cueva,1,mention
entre-rios,magma,1,mention
entre-rios,no-somos-nada,1,mention
entre-rios,olvide-san-telmo,1,mention
entre-rios,robert-delirio,1,mention
entre-rios,los-solfa,1,mention
entre-rios,santos-complices,1,mention
entre-rios,tercer-dia,1,mention
entre-rios,the-gay-gay-guys,1,mention
enviados-de-thot,las-pastillas-del-abuelo,1,mention
epumer-machi-judurcha,machi-rufino,1,bio
epumer-machi-judurcha,carlos-alberto-machi-rufino,1,mention
epumer-machi-judurcha,lito-epumer,1,mention
epumer-machi-judurcha,luis-alberto-spinetta,1,mention
era-de-acuario,la-iddea-h,1,mention
era-de-acuario,los-natas,1,mention
eravolta,el-sitio,1,mention
eravolta,la-montana-2,1,mention
error-de-systema,los-violadores,1,mention
error-de-systema,stukapil,1,mention
eruca-sativa,david-lebon,1,bio
eruca-sativa,fito-paez,1,bio
eruca-sativa,minimo,1,bio
eruca-sativa,octafonic,1,bio
eruca-sativa,barbi-recanati,1,bio
eruca-sativa,mas-alla,1,mention
eruca-sativa,hotel-rush,1,mention
eruca-sativa,hysteria-lunar,1,mention
eruca-sativa,joystick,1,mention
eruca-sativa,mustafunk,1,mention
eruca-sativa,neuroina,1,mention
eruca-sativa,osiris,1,mention
eruca-sativa,la-rayada,1,mention
eruca-sativa,somnaluba,1,mention
eruca-sativa,todo-aparenta-normal,1,mention
eruca-sativa,tres-cinicos,1,mention
eruca-sativa,vetamadre,1,mention
eruca-sativa,javier-zuppi,1,mention
esas-cosas,klemm,1,mention
esas-cosas,alejandro-lerner,1,mention
escafandra,alejandro-medina,1,mention
escafandra,hugo-lobo,1,mention
escafandra,karamelo-santo,1,mention
escalando-peldanos,las-pastillas-del-abuelo,1,mention
escalando-peldanos,pampa-yakuza,1,mention
escalando-peldanos,piti-fernandez,1,mention
escocia,lethal,1,bio
escocia,riff,1,bio
escocia,rata-blanca,1,bio
esencia-vudu,ciro-fogliatta,1,mention
esencia-vudu,leon-gieco,1,mention
esencia-vudu,litto-nebbia,1,mention
esencia-vudu,pol-neiman,1,mention
esencia-vudu,vox-dei,1,mention
esonoes,litto-nebbia,1,mention
espias,242,1,bio
espias,450,1,bio
espias,los-fabulosos-cadillacs,1,bio
espias,hugo-lobo,1,mention
espias,los-intocables,1,mention
espias,mimi-maura,1,mention
espias,sergio-rotman,1,mention
espina-de-cristal,los-rancheros,1,mention
espiral,las-manos-de-filippi,1,mention
espiritu,la-pesada-del-rocanrol,1,bio
espiritu,raul-porchetto,1,bio
espiritu,sui-generis,1,bio
espiritu,vox-dei,2,bio
espiritu,ciro-fogliatta,2,"bio,mention"
espiritu,david-lebon,1,bio
espiritu,los-gatos,1,mention
estacion-cero,alberto-munoz,1,mention
estelares,fernando-samalea,1,bio
estelares,hilda-lizarazu,1,bio
estelares,los-pericos,1,bio
estelares,vito-martino-y-los-inolvidables,1,bio
estelares,palo-pandolfo,1,mention
estenopeikos,santa-rosa,1,mention
estilo-valentino,2016,1,bio
eterna-inocencia,piquete-de-ojos,1,mention
euroshima,leo-garcia,1,bio
excursiones-polares,mariano-manza-esain,1,mention
excursiones-polares,menos-que-cero,1,mention
excursiones-polares,principiantes,1,mention
exodo,los-videos,1,mention
explenden,2-minutos,1,mention
explenden,la-linea,1,mention
explenden,mal-momento,1,mention
expreso-nova,los-subterraneos,1,mention
expulsados,el-sur,1,mention
expulsados,los-pericos,1,mention
expulsados,trotsky-vengaran,1,mention
extra,valerio-rinaldi,1,bio
extremistas,los-violadores,1,mention
extremistas,mal-momento,1,mention
extremo-03,la-ley,1,mention
eyelites,la-torre,1,bio
ezeiza,abril-sosa,1,mention
ezquiaga-jalfin,rosal,1,bio
flavio-etcheto,daniel-melero,1,bio
flavio-etcheto,isla-de-los-estados,2,bio
flavio-etcheto,soda-stereo,2,"bio,mention"
flavio-etcheto,leandro-fresco,1,mention
flavio-etcheto,resonantes,1,mention
jorge-elena,618,1,bio
la-electrica-rioplatense,spinetta-jade,2,"bio,mention"
la-escena-del-crimen,media-octava,1,mention
la-esclava,la-franela,1,mention
la-esclava,la-mancha-de-rolando,1,mention
la-esclava,no-te-va-gustar,1,mention
la-escuela-del-desaprender,el-matadero,1,mention
la-escuela-del-desaprender,los-primos,1,mention
la-experiencia,hache,1,mention
la-experiencia,insulina-rock,1,mention
la-experiencia,juguete-ruidoso,1,mention
la-experiencia,david-lebon,1,mention
la-experiencia,la-medianera,1,mention
la-experiencia,oime,1,mention
la-experiencia,perro-ciego,1,mention
la-experiencia,pushit,1,mention
la-experiencia,giuliano-romagnoli,1,mention
la-experiencia,sueter,1,mention
la-experiencia,supercheria,1,mention
la-experiencia,tercer-dia,1,mention
lisandro-etala,julian-mourin,2,mention
lito-epumer,luis-alberto-spinetta,1,bio
lito-epumer,machi-rufino,1,bio
lito-epumer,madre-atomica,1,bio
lito-epumer,maria-gabriela-epumer,1,bio
lito-epumer,mono-fontana,1,bio
lito-epumer,raul-porchetto,1,bio
lito-epumer,ruben-rada,1,bio
lito-epumer,seleste,1,bio
lito-epumer,spinetta-jade,1,bio
lito-epumer,juan-carlos-mono-fontana,1,bio
lito-epumer,gringui-herrera,2,mention
lito-epumer,mex-urtizberea,1,mention
lito-epumer,hector-pomo-lorenzo,1,mention
lito-epumer,guillermo-vadala,1,mention
los-enanitos-verdes,felipe-staiti,1,bio
los-enanitos-verdes,martes-13,1,bio
los-enanitos-verdes,coti-sorokin,2,"bio,mention"
los-enanitos-verdes,vilma-palma-e-vampiros,1,bio
los-enanitos-verdes,ultramandaco,1,mention
los-encargados,daniel-melero,2,bio
los-encargados,friccion,1,bio
los-encargados,metropoli,1,bio
los-encargados,riff,1,bio
los-encargados,ideas-al-fuego,1,mention
los-encargados,los-pillos,1,mention
los-encargados,suburband,1,mention
los-espiritus,2-minutos,1,bio
los-espiritus,maxi-prietto,1,bio
los-espiritus,julieta-y-los-espiritus,1,mention
los-espiritus,potra,1,mention
los-espiritus,las-sombras,1,mention
marcelo-ezquiaga,mi-tortuga-montreux,2,bio
marcelo-ezquiaga,fernando-samalea,1,mention
marcelo-ezquiaga,los-planos,1,mention
marcelo-ezquiaga,rosal,1,mention
marcelo-ezquiaga,trebian,1,mention
maria-ezquiaga,axel-krygier,1,mention
maria-ezquiaga,lucas-marti,2,mention
maria-ezquiaga,varias-artistas,2,mention
maria-ezquiaga,jimena-lopez-chaplin,1,mention
maria-ezquiaga,diego-martez,1,mention
maria-ezquiaga,rosal,1,mention
maria-gabriela-epumer,charly-garcia,1,bio
maria-gabriela-epumer,maleta-de-loca,2,"bio,mention"
maria-gabriela-epumer,viuda-e-hijas-de-roque-enrol,1,bio
maria-gabriela-epumer,rouge,1,bio
maria-gabriela-epumer,fernando-samalea,2,"bio,mention"
maria-gabriela-epumer,los-tancredos,1,bio
maria-gabriela-epumer,vertigo-colectivo,1,bio
maria-gabriela-epumer,viuda-e-hijas-de-roque-enroll,1,bio
maria-gabriela-epumer,montecarlo-jazz-ensamble,2,mention
maria-gabriela-epumer,gato-urbano,1,mention
maria-gabriela-epumer,los-helicopteros,1,mention
maria-gabriela-epumer,fernando-kabusacki,1,mention
mariano-manza-esain,flopa-manza-minimal,2,bio
mariano-manza-esain,menos-que-cero,1,bio
mariano-manza-esain,valle-de-munecas,2,bio
mariano-manza-esain,ubika,1,mention
martin-elizalde,falsos-profetas,2,"bio,mention"
martin-elizalde,hache,1,mention
martin-esteves,12425,1,bio
martin-esteves,2d3,1,bio
miguel-angel-erausquin,pastoral,2,bio
pablo-echaniz,la-herejia,1,mention
ricky-espinosa,flema,2,bio
sebastian-escofet,gustavo-santaolalla,1,mention
sebastian-escofet,siete-remedios,1,mention
ciro-fogliatta,litto-nebbia,1,bio
ciro-fogliatta,los-gatos,2,bio
ciro-fogliatta,los-gatos-salvajes,2,bio
ciro-fogliatta,polifemo,2,bio
ciro-fogliatta,sacramento,2,bio
ciro-fogliatta,jose-alberto-iglesias-tanguito,1,bio
ciro-fogliatta,nito-mestre,1,mention
ciro-fogliatta,oscar-moro,1,mention
ciro-fogliatta,david-lebon,1,mention
ciro-fogliatta,hilda-lizarazu,1,mention
ciro-fogliatta,mad,1,mention
ciro-fogliatta,miguel-mateos,1,mention
ciro-fogliatta,moris,1,mention
ciro-fogliatta,jorge-senno,1,mention
diego-frenkel,la-portuaria,2,bio
diego-frenkel,proyecto-verona,1,bio
diego-frenkel,el-ombligo,1,mention
diego-frenkel,lucy-patane-2,1,mention
diego-frenkel,jimena-lopez-chaplin,1,mention
diego-frenkel,the-gay-gay-guys,1,mention
el-festival-de-los-viajes,juan-stewart,1,mention
facon,turco-chiodi,1,bio
falsa-cubana,pacha-santa,1,mention
falsos-profetas,superlasciva,1,mention
fanfarron,san-martin-vampire,1,mention
fantasia,leon-gieco,1,bio
fantasia,git,1,bio
fantasmagoria,fun-people,2,bio
fantasmagoria,gori,2,bio
fantasmagoria,sebastian-volco,1,bio
farenheit,litto-nebbia,1,bio
fargus,rumble-fish,1,mention
farolitos,leon-gieco,1,mention
farsantes,jovenes-pordioseros,1,mention
fattoruso-rada,180,1,bio
fattoruso-rada,ruben-rada,1,bio
fattoruso-rada,hugo-fattoruso,1,mention
fattoruso-rada,litto-nebbia,1,mention
fausto-y-banda-cuenco,hugo-lobo,1,mention
fausto-y-banda-cuenco,mimi-maura,1,mention
fausto-y-banda-cuenco,un-kuartito,1,mention
fede-kempff-y-tarantinos,19155,1,bio
felix-y-los-sin-fritz,juan-subira,1,mention
felix-y-los-sin-fritz,los-fabulosos-cadillacs,1,mention
feria-de-los-pajaros,la-feria,1,mention
fernandez-4,nicolas-sorin,2,"bio,mention"
fernandez-4,maquiavelos,1,mention
fernandez-fierro,pil-trafa,1,mention
fernandez-fierro,tomi-lebrero,1,mention
fernandez-fierro,telepod,1,mention
fernandez-pereyra,leandro-kalen,1,mention
ficciones,charly-garcia,1,mention
fidel-comiso,karamelo-santo,1,mention
fierro,gustavo-rowek,1,mention
fierro,rata-blanca,1,mention
fierro-y-cruz,fernando-scarcella,1,mention
fierro-y-cruz,la-torre,1,mention
fierro-y-cruz,rata-blanca,1,mention
fin-del-mundo,placard,1,mention
firenze,giuliano-romagnoli,1,mention
fisura2,la-renga,1,bio
flema,4787,1,bio
flema,kapanga,1,bio
flema,ricky-espinoza,1,bio
flema,mal-pasar,1,bio
flema,topos,1,bio
flema,el-sur,1,mention
flopa-manza-minimal,ariel-minimal,2,bio
flopa-manza-minimal,flopa-lestani,2,bio
flopa-manza-minimal,vito-martino-y-los-inolvidables,1,mention
flopa-minimal,ariel-minimal,1,mention
flopa-minimal,flopa-lestani,1,mention
flor,gustavo-santaolalla,1,bio
flor,sumo,1,bio
florencia-ruiz-ariel-minimal,ariel-minimal,1,bio
florencia-ruiz-ariel-minimal,florencia-ruiz,1,bio
florentino,la-torre,1,mention
florian-fernandez-capello,los-fabulosos-cadillacs,1,mention
florian-fernandez-capello,vicentico,1,mention
florlangosta,virus,1,bio
fluya,trujaman,1,bio
fluya,robot-zonda,1,mention
fluya,santos-inocentes,1,mention
fok,good-time-for-dynacom,1,mention
folie,charly-garcia,1,bio
fordeban,diego-mizrahi,1,mention
fordeban,el-sur,1,mention
fordeban,la-vela-puerca,1,mention
fotos-del-otono,principiantes,1,mention
fradiavolo,sebastian-smor-oriani,1,bio
fradiavolo,mariano-prover,1,mention
francisca-y-les-exploradores,fito-paez,1,mention
francisca-y-les-exploradores,juan-ingaramo,1,mention
francisca-y-les-exploradores,lo-pibitos,1,mention
francisca-y-les-exploradores,los-ratones-paranoicos,1,mention
francisca-y-les-exploradores,tan-bionica,1,mention
franov-pomo-suarez,hector-pomo-lorenzo,1,mention
franzo,los-tipitos,1,mention
friccion,charly-garcia,1,bio
friccion,david-lebon,1,bio
friccion,fernando-samalea,2,bio
friccion,los-twist,1,bio
friccion,metropoli,1,bio
friccion,soda-stereo,1,bio
friccion,los-rodriguez,1,bio
friccion,la-sobrecarga,1,bio
friccion,los-siete-delfines,1,bio
friccion,sachet,1,bio
fruta-deliciosa,el-regreso,1,mention
fruta-deliciosa,fito-paez,1,mention
fruta-deliciosa,guillermo-vadala,1,mention
fruta-deliciosa,karamelo-santo,1,mention
full-chamba,16188,1,bio
full-chamba,jimena-lopez-chaplin,1,mention
full-nothing,fernando-scarcella,1,mention
fun-people,gori,1,mention
fun-people,juan-terrenal,1,mention
fun-people,loquero,1,mention
fun-people,psicotraccion,1,mention
fun-people,smitten,1,mention
fun-people,sortie,1,mention
funka,fito-paez,1,bio
furgonautas,humo-del-cairo,1,mention
furgonautas,sur-oculto,1,mention
furia-genetica,te-de-brujas,1,mention
futbol,ariel-minimal,1,mention
futbol,sergio-rotman,1,mention
gabo-ferro,1939,1,bio
gabo-ferro,ariel-minimal,1,bio
gabo-ferro,porco,1,bio
gabo-ferro,flopa-lestani,1,mention
gabo-ferro,miss-bolivia,1,mention
gabo-ferro,matasiete,1,mention
gabo-ferro,senorita-carolina,1,mention
horacio-fontova,daniel-melingo,1,bio
horacio-fontova,claudio-gabis,1,bio
horacio-fontova,viuda-e-hijas-de-roque-enroll,1,bio
horacio-fontova,leon-gieco,1,mention
horacio-fontova,liliana-herrero,1,mention
horacio-fontova,lito-vitale,1,mention
horacio-fontova,divina-gloria,1,mention
hugo-fattoruso,los-shakers,2,bio
hugo-fattoruso,opa,2,"bio,mention"
hugo-fattoruso,trio-fattoruso,1,bio
hugo-fattoruso,zoe-gotusso,1,mention
ivo-ferrer,los-tremendos,1,mention
jorge-fandermole,rosarinos,2,bio
jorge-fandermole,ruben-goldin,2,"bio,mention"
jorge-fandermole,julian-venegas,1,mention
jose-luis-fernandez,charly-garcia,1,bio
jose-luis-fernandez,la-maquina-de-hacer-pajaros,1,bio
jose-luis-fernandez,seru-giran,1,bio
jose-luis-fernandez,sui-generis,1,bio
jose-luis-fernandez,oscar-moro,1,mention
juan-carlos-mono-fontana,luis-alberto-spinetta,1,bio
juan-carlos-mono-fontana,madre-atomica,1,bio
juan-carlos-mono-fontana,nito-mestre,1,bio
juan-carlos-mono-fontana,spinetta-jade,1,bio
juan-carlos-mono-fontana,guillermo-vadala,1,mention
juan-carlos-mono-fontana,santiago-vazquez,1,mention
juan-carlos-mono-fontana,los-pinguinos,1,mention
juan-carlos-mono-fontana,marcelo-torres,1,mention
juan-farre,charly-garcia,1,mention
juan-farre,luis-alberto-spinetta,1,mention
julio-franchi,mavi,1,mention
julio-franchi,giuliano-romagnoli,1,mention
julio-franchi,los-senores-hyde,1,mention
la-familia-ingle,4045,1,bio
la-fanfarria-del-capitan,los-pericos,1,mention
la-favorita,las-morochas,1,mention
la-femme-dargent,el-zar,1,mention
la-femme-dargent,juan-stewart,1,mention
la-feria,submarino-pirata,1,mention
la-filarmonica-cosmica,el-kuelgue,1,mention
la-filarmonica-cosmica,onda-vaga,1,mention
la-filarmonica-cosmica,puerto-infinito,1,mention
la-forma,daniel-melero,2,"bio,mention"
la-forma,la-sobrecarga,1,mention
la-franela,los-piojos,2,bio
la-franela,las-pastillas-del-abuelo,1,mention
la-franela,no-te-va-gustar,1,mention
la-franela,piti-fernandez,1,mention
la-franela,la-mancha-de-rolando,1,mention
la-franela,neuroina,1,mention
la-franela,la-rayada,1,mention
la-fuente,japo,1,mention
la-fuente,mala-vida,1,mention
la-fuente,el-sitio,1,mention
la-fuga,los-ratones-paranoicos,1,mention
la-funcion,resiste-reggae,1,mention
la-furia-de-petruza,las-pastillas-del-abuelo,1,mention
leandro-fresco,leo-garcia,1,mention
leandro-fresco,soda-stereo,1,mention
leandro-fresco,tweety-gonzalez,1,mention
leo-ferradas,lunar-69,1,mention
leonel-felipelli,la-secuela,1,mention
lolo-fuentes,kobra-key,1,mention
lolo-fuentes,miranda,1,mention
los-fabulosos-cadillacs,ariel-minimal,2,bio
los-fabulosos-cadillacs,ariel-minimal-sanzo,1,bio
los-fabulosos-cadillacs,el-siempreterno,1,bio
los-fabulosos-cadillacs,fito-paez,2,bio
los-fabulosos-cadillacs,gerardo-toto-rotblat,2,bio
los-fabulosos-cadillacs,los-sedantes,1,bio
los-fabulosos-cadillacs,mimi-maura,2,bio
los-fabulosos-cadillacs,pez,2,bio
los-fabulosos-cadillacs,sergio-rotman,2,"bio,mention"
los-fabulosos-cadillacs,todos-tus-muertos,2,bio
los-fabulosos-cadillacs,vicentico,2,bio
los-fabulosos-cadillacs,el-general-paz-y-la-triple-frontera,1,bio
los-fabulosos-cadillacs,il-phantasmo,1,bio
los-fabulosos-cadillacs,iorio-cianciarulo,1,bio
los-fabulosos-cadillacs,massacre,1,bio
los-fabulosos-cadillacs,minoria-activa,1,bio
los-fabulosos-cadillacs,misterio,1,bio
los-fabulosos-cadillacs,los-ratones-paranoicos,1,bio
los-fabulosos-cadillacs,richter,1,bio
los-fabulosos-cadillacs,rip,1,bio
los-fabulosos-cadillacs,los-tipitos,1,bio
los-fabulosos-cadillacs,las-vacas-sagradas,1,bio
los-fabulosos-cadillacs,gigio,1,mention
los-fabulosos-cadillacs,infierno-18,1,mention
los-fabulosos-cadillacs,los-intocables,1,mention
los-fabulosos-cadillacs,juan-rosasco-en-banda,1,mention
los-fabulosos-cadillacs,kumbia-queers,1,mention
los-fabulosos-cadillacs,los-kahunas,1,mention
los-fabulosos-cadillacs,cris-pulian,1,mention
los-fabulosos-cadillacs,kaled-pan,1,mention
los-fabulosos-cadillacs,sera-panico,1,mention
los-fabulosos-cadillacs,surfistas-del-sistema,1,mention
los-fabulosos-cadillacs,tintoreros,1,mention
los-fabulosos-cadillacs,wdk,1,mention
los-fabulosos-cadillacs,el-zombie,1,mention
los-fabulosos-cadillacs,zelen,1,mention
lucas-finocchi,mostruo,1,mention
marcos-french,guillermo-vadala,1,mention
marina-fages,infierno-18,1,mention
marina-fages,karina-vismara,1,mention
marina-fages,lucio-mantel,1,mention
marina-fages,el-tronador,1,mention
osvaldo-bocon-frascino,1039,1,bio
osvaldo-bocon-frascino,14084,1,bio
osvaldo-bocon-frascino,383,1,bio
osvaldo-bocon-frascino,luis-alberto-spinetta,2,"bio,mention"
osvaldo-bocon-frascino,pappo,1,bio
osvaldo-bocon-frascino,pescado-rabioso,1,bio
osvaldo-bocon-frascino,sacramento,1,bio
piti-fernandez,las-pastillas-del-abuelo,2,mention
piti-fernandez,josefita,1,mention
piti-fernandez,ocaso-2012,1,mention
piti-fernandez,los-piojos,1,mention
piti-fernandez,la-rayada,1,mention
piti-fernandez,tango-party,1,mention
piti-fernandez,el-viejo-puber,1,mention
ramiro-flores,17816,1,bio
ramiro-flores,741,1,bio
ramiro-flores,mariano-otero,1,mention
ramiro-flores,la-grande,1,mention
ramiro-flores,loli-molina,1,mention
ramiro-flores,esteban-sehinkman,1,mention
ramiro-flores,sambara,1,mention
tito-fargo-daviero,gran-martell,1,mention
tito-fargo-daviero,hurlingham-reggae-band,1,mention
alina-gandini,charly-garcia,1,mention
alina-gandini,fito-paez,2,mention
alina-gandini,tweety-gonzalez,1,mention
alina-gandini,guilo-villar,1,mention
alina-gandini,sebastian-volco,1,mention
andres-gimenez,leon-gieco,1,mention
andres-gimenez,kapanga,1,mention
andres-gimenez,matasiete,1,mention
andres-gimenez,gustavo-rowek,1,mention
andres-gimenez,rottten,1,mention
carlos-garcia-lopez,charly-garcia,1,bio
carlos-garcia-lopez,la-garcia-lopez-band,1,bio
carlos-garcia-lopez,la-torre,2,bio
carlos-garcia-lopez,zas,1,bio
carlos-garcia-lopez,la-garcia-lopez,2,"bio,mention"
carlos-garcia-lopez,the-pelos,1,bio
carlos-garcia-lopez,los-tipitos,1,bio
carlos-garcia-lopez,david-lebon,1,mention
carlos-garcia-lopez,miguel-mateos,1,mention
carlos-garcia-lopez,manto,1,mention
charly-garcia,307,1,bio
charly-garcia,daniel-melingo,2,bio
charly-garcia,david-lebon,2,bio
charly-garcia,fito-paez,2,bio
charly-garcia,garcia-lopez-band,1,bio
charly-garcia,illya-kuryaki,1,bio
charly-garcia,la-maquina-de-hacer-pajaros,2,bio
charly-garcia,la-portuaria,2,bio
charly-garcia,leon-gieco,2,bio
charly-garcia,luis-alberto-spinetta,2,"bio,mention"
charly-garcia,man-ray,2,bio
charly-garcia,maria-rosa-yorio,2,"bio,mention"
charly-garcia,migue-garcia,2,bio
charly-garcia,nito-mestre,2,bio
charly-garcia,porsuigieco,2,bio
charly-garcia,raul-porchetto,1,bio
charly-garcia,seru-giran,2,bio
charly-garcia,soda-stereo,2,bio
charly-garcia,sui-generis,2,bio
charly-garcia,viuda-e-hijas-de-roque-enrol,1,bio
charly-garcia,claudio-gabis,1,bio
charly-garcia,el-general-paz-y-la-triple-frontera,1,bio
charly-garcia,git,1,bio
charly-garcia,la-garcia-lopez,1,bio
charly-garcia,silvina-garre,1,bio
charly-garcia,ideas-al-fuego,1,bio
charly-garcia,illya-kuryaki-the-valderramas,2,"bio,mention"
charly-garcia,cachorro-lopez,1,bio
charly-garcia,hilda-lizarazu,1,bio
charly-garcia,luxuria,1,bio
charly-garcia,manal,1,bio
charly-garcia,mata-violeta,1,bio
charly-garcia,moro-satragni,1,bio
charly-garcia,oscar-moro,1,bio
charly-garcia,sergio-makaroff,1,bio
charly-garcia,no-te-va-gustar,1,bio
charly-garcia,oconnor,1,bio
charly-garcia,jorge-pinchevsky,1,bio
charly-garcia,panza,1,bio
charly-garcia,pastoral,1,bio
charly-garcia,pilotos,1,bio
charly-garcia,polifemo,1,bio
charly-garcia,los-ratones-paranoicos,1,bio
charly-garcia,los-rodriguez,1,bio
charly-garcia,rinaldo-rafanelli,1,bio
charly-garcia,fernando-samalea,2,"bio,mention"
charly-garcia,jorge-senno,1,bio
charly-garcia,los-siete-delfines,1,bio
charly-garcia,sandro,1,bio
charly-garcia,spinetta-jade,1,bio
charly-garcia,sueter,1,bio
charly-garcia,la-torre,2,"bio,mention"
charly-garcia,los-twist,1,bio
charly-garcia,turf,1,bio
charly-garcia,vertigo-colectivo,1,bio
charly-garcia,virus,1,bio
charly-garcia,ruben-gaitan,1,mention
charly-garcia,daniela-herrero,1,mention
charly-garcia,heroicos-sobrevivientes,1,mention
charly-garcia,hotel-rush,1,mention
charly-garcia,los-hi-hats,1,mention
charly-garcia,axel-krygier,1,mention
charly-garcia,fernando-kabusacki,1,mention
charly-garcia,klemm,1,mention
charly-garcia,lunar-69,1,mention
charly-garcia,marcelo-mapelman,1,mention
charly-garcia,murcielagos,1,mention
charly-garcia,oliva,1,mention
charly-garcia,rosario-ortega,1,mention
charly-garcia,el-popinauta,1,mention
charly-garcia,gady-pampillon,1,mention
charly-garcia,septima-ola,1,mention
charly-garcia,sister-psicosis,1,mention
charly-garcia,sobretodo-en-invierno,1,mention
charly-garcia,suruba,1,mention
charly-garcia,talles-espaciales,1,mention
charly-garcia,tan-bionica,1,mention
charly-garcia,the-johns,1,mention
charly-garcia,unisono,1,mention
charly-garcia,zelen,1,mention
claudio-gabis,alejandro-medina,1,bio
claudio-gabis,javier-martinez,2,bio
claudio-gabis,la-pesada-del-rocanrol,1,bio
claudio-gabis,leon-gieco,1,bio
claudio-gabis,manal,2,bio
claudio-gabis,ricardo-soule,1,bio
claudio-gabis,la-nave,2,"bio,mention"
claudio-gabis,jorge-senno,1,bio
claudio-gabis,gigio,1,mention
claudio-gabis,gabriel-conejo-jolivet,1,mention
claudio-gabis,phantom-club,1,mention
claudio-gabis,ivan-salo,1,mention
daniel-garcia,mensajeros-reggae,1,mention
divina-gloria,fontova-trio,1,bio
divina-gloria,leo-garcia,1,bio
divina-gloria,los-twist,1,bio
divina-gloria,cachorro-lopez,1,bio
divina-gloria,law,1,mention
divina-gloria,proceso-a-ricutti,1,mention
el-general-paz-y-la-triple-frontera,3139,1,bio
el-general-paz-y-la-triple-frontera,3710,1,bio
el-general-paz-y-la-triple-frontera,los-ratones-paranoicos,1,bio
el-general-paz-y-la-triple-frontera,los-violadores,1,bio
el-general-paz-y-la-triple-frontera,los-politicos,1,mention
el-general-paz-y-la-triple-frontera,romina-vitale,1,mention
el-general-paz-y-la-triple-frontera,surfistas-del-sistema,1,mention
el-grito,soda-stereo,1,bio
erica-garcia,gustavo-santaolalla,1,bio
erica-garcia,mata-violeta,2,bio
erica-garcia,mountain-party,2,bio
erica-garcia,gigio,1,mention
erica-garcia,mamporro,1,mention
fabian-gallardo,fito-paez,2,bio
fabian-gallardo,la-torre,1,bio
fabian-gallardo,litto-nebbia,1,bio
fabian-gallardo,maria-rosa-yorio,1,bio
fabian-gallardo,silvina-garre,1,bio
fabian-gallardo,ruben-goldin,1,mention
fabian-gallardo,leone-mavi,1,mention
fabian-gallardo,mavi,1,mention
fabian-gallardo,patagonia-revelde,1,mention
fabian-gallardo,evelina-sanzo,1,mention
federico-gil-sola,palo-pandolfo,2,"bio,mention"
federico-gil-sola,pablo-sbaraglia,1,bio
federico-gil-sola,pablo-guerra,1,mention
federico-gil-sola,hijos-del-hijo,1,mention
federico-gil-sola,iris-maple,1,mention
federico-gil-sola,lhgs,1,mention
federico-gil-sola,man-ray,1,mention
federico-gil-sola,laura-ros,1,mention
federico-gil-sola,el-suburbio,1,mention
federico-gironelli,gatos-sucios,1,mention
federico-gironelli,tren-loco,1,mention
federico-gironelli,tristemente-celebres,1,mention
fernando-goin,maxi-trusso,1,mention
git,291,1,bio
git,leon-gieco,1,bio
git,los-gatos,1,bio
git,los-gatos-salvajes,1,bio
git,nito-mestre,2,bio
git,raul-porchetto,2,bio
git,sacramento,1,bio
git,zas,1,bio
git,daniela-herrero,1,bio
git,fito-paez,1,bio
git,valerio-rinaldi,1,bio
git,villanos,1,bio
git,celsa-mel-gowland,1,mention
git,el-regreso,1,mention
git,willy-iturri,1,mention
gabriela,david-lebon,1,bio
gabriela,edelmiro-molinari,1,bio
gabriela,leon-gieco,1,bio
gabriela,litto-nebbia,1,bio
gabriela,oscar-moro,1,mention
galacticas-mareas,lito-vitale,1,mention
gallega,javier-malosetti,1,mention
gallega,luis-robinson,1,mention
gardenia,las-manos-de-filippi,1,mention
garza-polaca,los-pericos,1,mention
gasolina,la-torre,1,bio
gaspar-om,1141,1,bio
gato-urbano,las-pelotas,1,mention
gatos-sucios,julio-y-agosto,1,mention
gatos-sucios,los-violadores,1,mention
gatos-sucios,mal-de-parkinson,1,mention
gatos-sucios,patricia-sosa,1,mention
gatos-sucios,stukapil,1,mention
gatos-sucios,tren-loco,1,mention
gatos-sucios,portico,1,mention
gauchos-rabiosos,346,1,bio
gauchos-rabiosos,los-ratones-paranoicos,1,bio
gauchos-rabiosos,sumo,1,bio
gauchos-rabiosos,adrian-otero,1,mention
generacion-zombie,inolvidable,1,mention
gente-de-barrio,jovenes-pordioseros,1,mention
gente-de-barrio,la-renga,1,mention
gente-de-barrio,no-tengo,1,mention
gente-de-barrio,pablo-guerra,1,mention
geo-ramma,illya-kuryaki-and-the-valderramas,1,bio
geo-ramma,luis-alberto-spinetta,1,bio
geo-ramma,leeva,1,bio
gigio,daniel-melingo,1,mention
gigio,hilda-lizarazu,1,mention
gigio,jorge-serrano,1,mention
gigio,mimi-maura,1,mention
gillespi,roberto-pettinato,1,bio
gillespi,sumo,1,bio
gillespi,las-pelotas,2,"bio,mention"
gillespi,sui-generis,1,mention
giros,andres-pomato,1,mention
giros,los-tipitos,1,mention
giuseppe,10083,1,bio
giuseppe,6694,1,bio
go-neko,ultravelocidad,1,mention
gori,minoria-activa,1,mention
gori,soda-stereo,1,mention
gotan-project,koxmoz,1,mention
gran-martell,luca-prodan,1,bio
gran-martell,patricio-rey-y-sus-redonditos-de-ricota,1,bio
gran-martell,porco,1,bio
gran-martell,sumo,1,bio
gran-martell,locura-delivery,1,mention
gran-martell,mate-cosido,1,mention
gran-martell,metamorfica,1,mention
gran-martell,soplo-el-fantasma,1,mention
granada,plan-4,1,mention
grand-prix,sebastian-rubin,1,bio
grand-prix,juan-stewart,1,mention
granja-x,alejandro-lerner,1,bio
granja-x,vox-dei,1,bio
grupo-uno,tanguito,1,bio
grupo-zar,226,1,bio
grupo-zar,leon-gieco,1,bio
grupo-zar,sui-generis,1,bio
guachass,los-natas,1,mention
guachass,satan-dealers,1,mention
guasones,caballeros-de-la-quema,1,bio
guasones,los-ratones-paranoicos,1,bio
guasones,coti-sorokin,1,bio
guasones,salvese-quien-pueda,1,bio
guerra-de-almohadas,tomas-stagnaro,2,mention
guia-de-viaje,1438,1,bio
guia-de-viaje,5505,1,bio
guia-de-viaje,martes-menta,1,mention
guillermina,la-renga,1,bio
guru,3332,1,bio
javier-garcia,los-monkys,1,mention
javier-garcia,el-resto-2,1,mention
javier-garcia,rainher,1,mention
juliana-gattas,miranda,2,bio
juliana-gattas,klemm,1,mention
juliana-gattas,leandro-viernes,1,mention
juliana-gattas,varias-artistas,1,mention
la-gente,leon-gieco,1,mention
la-gente,indica,1,mention
la-gente,iris-maple,1,mention
la-gente,loquero,1,mention
la-gente,tomi-lebrero,1,mention
la-gente,malicia,1,mention
la-gente,manal,1,mention
la-gente,manijas,1,mention
la-gente,no-reactivo,1,mention
la-gente,la-pandilla-del-verano,1,mention
la-gente,la-perra-que-los-pario,1,mention
la-gente,renacer,1,mention
la-gente,seru-giran,1,mention
la-gente,sin-semilla,1,mention
la-gente,la-tripera,1,mention
la-gente,torre-negra,1,mention
la-gente,uv17,1,mention
la-gente,luis-valenti,1,mention
la-gente,virus,1,mention
la-gestacion,man-ray,1,mention
la-gran-7,las-pelotas,1,mention
la-gran-7,los-piojos,1,mention
la-gran-7,inmaduros,1,mention
la-grande,puerto-infinito,1,mention
la-grande,renacer,1,mention
la-gringa,el-regreso,1,mention
la-guapa,viejas-locas,1,mention
la-guardia-del-fuego,luis-alberto-spinetta,1,bio
la-guardia-del-fuego,metropoli,1,bio
la-guardia-del-fuego,sandra-mihanovich,1,bio
la-guardia-del-fuego,tanguito,1,bio
la-guardia-del-fuego,zas,1,bio
laura-goldar,marcelo-roascio,1,mention
leo-garcia,daniel-melero,1,bio
leo-garcia,soda-stereo,1,bio
leo-garcia,klem,1,bio
leo-garcia,parralenos,1,bio
leo-garcia,tan-bionica,1,bio
leo-garcia,la-posta,1,mention
leo-garcia,hotel-casino,1,mention
leo-garcia,juan-jacinto,1,mention
leo-garcia,klemm,1,mention
leo-garcia,hilda-lizarazu,1,mention
leo-garcia,nacho-lafflitto,1,mention
leo-garcia,miranda,1,mention
leo-garcia,miss-bolivia,1,mention
leo-garcia,naifeel,1,mention
leo-garcia,olimpica,1,mention
leo-garcia,paris-paris-musique,1,mention
leo-garcia,cristobal-repetto,1,mention
leo-garcia,resumen-porteno,1,mention
leo-garcia,usted-senalemelo,1,mention
leon-gieco,david-lebon,1,bio
leon-gieco,edelmiro-molinari,1,bio
leon-gieco,fito-paez,1,bio
leon-gieco,gustavo-santaolalla,2,"bio,mention"
leon-gieco,hermetica,1,bio
leon-gieco,la-renga,2,"bio,mention"
leon-gieco,las-pelotas,2,bio
leon-gieco,litto-nebbia,1,bio
leon-gieco,los-piojos,1,bio
leon-gieco,maria-rosa-yorio,1,bio
leon-gieco,moris,1,bio
leon-gieco,nito-mestre,1,bio
leon-gieco,oveja-negra,1,bio
leon-gieco,pajarito-zaguri,1,bio
leon-gieco,porsuigieco,2,bio
leon-gieco,raul-porchetto,2,bio
leon-gieco,todos-tus-muertos,2,bio
leon-gieco,horizonte,1,bio
leon-gieco,iorio-cianciarulo,1,bio
leon-gieco,miguel-krochik,1,bio
leon-gieco,alejandro-lerner,1,bio
leon-gieco,claudio-marciello,1,bio
leon-gieco,la-maquina-de-hacer-pajaros,1,bio
leon-gieco,manal,1,bio
leon-gieco,miguel-y-eugenio,1,bio
leon-gieco,mr-mojo,1,bio
leon-gieco,negro-can,1,bio
leon-gieco,no-te-va-gustar,1,bio
leon-gieco,paula-neder,1,bio
leon-gieco,piero,1,bio
leon-gieco,eduardo-rogatti,1,bio
leon-gieco,el-regreso-del-coelacanto,1,bio
leon-gieco,el-reloj,1,bio
leon-gieco,jorge-senno,1,bio
leon-gieco,seru-giran,1,bio
leon-gieco,soluna,1,bio
leon-gieco,la-tregua,1,bio
leon-gieco,los-tipitos,1,bio
leon-gieco,las-vacas-sagradas,1,bio
leon-gieco,los-violadores,1,bio
leon-gieco,sandra-vazquez,1,bio
leon-gieco,virus,1,bio
leon-gieco,la-linea,1,mention
leon-gieco,oscar-moro,1,mention
leon-gieco,ruben-rada,1,mention
leon-gieco,ruben-goldin,1,mention
leon-gieco,hijos-de-babel,1,mention
leon-gieco,infierno-18,1,mention
leon-gieco,los-juacos,1,mention
leon-gieco,el-mas-aca,1,mention
leon-gieco,leonor-marchesi,1,mention
leon-gieco,matasiete,1,mention
leon-gieco,la-naranja,1,mention
leon-gieco,ariel-prat,1,mention
leon-gieco,gady-pampillon,1,mention
leon-gieco,los-perez-garcia,1,mention
leon-gieco,patagonia-revelde,1,mention
leon-gieco,perro-ciego,1,mention
leon-gieco,pilsen,1,mention
leon-gieco,andres-ruiz,1,mention
leon-gieco,cristobal-repetto,1,mention
leon-gieco,resumen-porteno,1,mention
leon-gieco,rey-por-un-dia,1,mention
leon-gieco,beto-satragni,1,mention
leon-gieco,ivan-salo,1,mention
leon-gieco,skamas,1,mention
leon-gieco,soplo-el-fantasma,1,mention
leon-gieco,yabor,1,mention
los-gangsters,luis-robinson,1,mention
los-gangsters,viviana-scaliza,2,mention
los-gansos,los-platillos-voladores,1,mention
los-gardelitos,lujuria,1,mention
los-gardelitos,motor-loco,1,mention
los-gardelitos,la-pala-mecanica,1,mention
los-gardelitos,perro-ciego,1,mention
los-gardelitos,qacelga,1,mention
los-gatos,fito-paez,1,bio
los-gatos,litto-nebbia,2,bio
los-gatos,los-gatos-salvajes,2,bio
los-gatos,oscar-moro,2,bio
los-gatos,pappo,2,bio
los-gatos,huinca,1,bio
los-gatos,el-jardin-de-la-esquina,1,bio
los-gatos,la-joven-guardia,1,bio
los-gatos,manal,1,bio
los-gatos,moris,1,bio
los-gatos,los-nuevos-coleccionistas-de-pasillos,1,bio
los-gatos,polifemo,1,bio
los-gatos,jose-alberto-iglesias-tanguito,1,bio
los-gatos,the-walkers,1,bio
los-gatos,los-grillos,1,mention
los-gatos,ruben-goldin,1,mention
los-gatos,daniela-herrero,1,mention
los-gatos,lunar-69,1,mention
los-gatos,los-reyes-del-falsete,1,mention
los-gatos-salvajes,litto-nebbia,1,bio
los-gatos-salvajes,oscar-moro,1,bio
los-gatos-salvajes,los-perros,1,bio
los-gauchos-alemanes,385,1,bio
los-gauchos-alemanes,fernando-kabusacki,2,"bio,mention"
los-gauchos-alemanes,fernando-samalea,1,bio
los-gauchos-alemanes,santos-luminosos,1,bio
los-gongs,morbo-y-mambo,1,mention
los-grillos,litto-nebbia,1,mention
los-grillos,los-kahunas,1,mention
los-grillos,los-peyotes,1,mention
los-grillos,vox-dei,1,mention
los-guarros,hibridos,1,mention
los-guarros,murcielagos,1,mention
los-guarros,rainher,1,mention
lu-glass,juan-stewart,1,mention
lu-glass,maniac-mantu,1,mention
lu-glass,ministerio-de-energia,1,mention
masi-garcia,daniel-perez,1,mention
masi-garcia,los-sucesores-de-la-bestia,1,mention
migue-garcia,570,1,bio
migue-garcia,maria-rosa-yorio,1,bio
migue-garcia,lucas-marti,2,"bio,mention"
pablo-guerra,no-tengo,1,mention
pablo-guerra,el-popinauta,1,mention
pablo-guerra,revelados,1,mention
ruben-gaitan,la-mississippi,1,mention
ruben-gaitan,la-suburbana,1,mention
ruben-gaitan,luis-alberto-spinetta,1,mention
ruben-gaitan,rutas-lejanas,1,mention
ruben-goldin,silvina-garre,2,"bio,mention"
ruben-goldin,carlos-alberto-machi-rufino,1,bio
ruben-goldin,fito-paez,2,"bio,mention"
ruben-goldin,rosarinos,1,bio
ruben-goldin,beto-satragni,1,mention
ruben-goldin,la-maquina-de-hacer-pajaros,1,mention
ruben-goldin,los-ratones-paranoicos,1,mention
ruben-goldin,moro-satragni,1,mention
ruben-goldin,nito-mestre,1,mention
ruben-goldin,oscar-moro,1,mention
ruben-goldin,pablo-el-enterrador,2,mention
ruben-goldin,ruben-rada,1,mention
ruben-goldin,seru-giran,1,mention
ruben-goldin,pablo-juarez,1,mention
ruben-goldin,cristobal-repetto,1,mention
santiago-gonella,diego-mizrahi,1,mention
santiago-gonella,fernando-samalea,1,mention
santiago-gonella,gringui-herrera,1,mention
santiago-gonella,la-secuela,1,mention
santiago-gonella,luis-salinas,1,mention
santiago-gonella,miguel-zavaleta,1,mention
santiago-gonella,patricia-sosa,1,mention
santiago-gonella,polandria,1,mention
silvina-garre,david-lebon,1,bio
silvina-garre,fito-paez,2,bio
silvina-garre,lito-vitale,1,bio
silvina-garre,litto-nebbia,2,bio
silvina-garre,nito-mestre,1,bio
silvina-garre,sui-generis,1,bio
tomas-justo-gaggero,11554,1,bio
tomas-justo-gaggero,11660,1,bio
tomas-justo-gaggero,onda-vaga,2,"bio,mention"
tomas-justo-gaggero,michael-mike,1,mention
tweety-gonzalez,fito-paez,2,bio
tweety-gonzalez,illya-kuryaki-and-the-valderramas,1,bio
tweety-gonzalez,man-ray,1,bio
tweety-gonzalez,santos-inocentes,2,bio
tweety-gonzalez,soda-stereo,2,"bio,mention"
tweety-gonzalez,sometidos-por-morgan,1,bio
tweety-gonzalez,zona-purpura,1,bio
tweety-gonzalez,illya-kuryaki-the-valderramas,1,mention
tweety-gonzalez,emmanuel-horvilleur,1,mention
tweety-gonzalez,los-hijos-de-lopez,1,mention
tweety-gonzalez,eloisa-lopez,1,mention
tweety-gonzalez,loli-molina,1,mention
tweety-gonzalez,piel-de-judas,1,mention
tweety-gonzalez,sandra-y-celeste,1,mention
tweety-gonzalez,sponsors,1,mention
tweety-gonzalez,los-telepatas,1,mention
tweety-gonzalez,usted-senalemelo,1,mention
tweety-gonzalez,sebastian-volco,1,mention
tweety-gonzalez,valentin-y-los-volcanes,1,mention
valeria-goberna,11503,1,bio
valeria-goberna,6027,1,bio
walter-gandini,the-acoustic-blues,2,"bio,mention"
walter-gandini,la-saga,1,mention
walter-giardino,rata-blanca,1,bio
walter-giardino,fernando-scarcella,1,mention
walter-giardino,gustavo-rowek,1,mention
walter-giardino,ricardo-iorio,1,mention
walter-giardino,proyecto-esencial,1,mention
zoe-gotusso,salvapantallas,2,bio
zoe-gotusso,el-kuelgue,1,mention
zoe-gotusso,el-zar,1,mention
zoe-gotusso,fito-paez,1,mention
zoe-gotusso,juan-ingaramo,1,mention
zoe-gotusso,no-te-va-gustar,1,mention
zoe-gotusso,louta,1,mention
daniela-herrero,pappo,1,bio
daniela-herrero,coti-sorokin,1,mention
daniela-herrero,fernando-samalea,1,mention
daniela-herrero,soda-stereo,1,mention
daniela-herrero,viuda-e-hijas-de-roque-enroll,1,mention
daniela-herrero,la-nave-de-carton,1,mention
el-hijo-de-mi-padre,sol-pereyra,1,mention
el-hito,nuestra-raza,1,mention
el-hombre,el-hombre-del-dado,1,mention
el-hombre,illya-kuryaki-the-valderramas,1,mention
el-hombre,jose-alberto-iglesias-tanguito,1,mention
el-hombre,viejas-locas,1,mention
el-hombre,mustafa-yoda,1,mention
el-huevo,hector-pomo-lorenzo,1,mention
emmanuel-horvilleur,dante-spinetta,2,"bio,mention"
emmanuel-horvilleur,illya-kuryaki-and-the-valderramas,1,bio
emmanuel-horvilleur,illya-kuryaki-the-valderramas,2,"bio,mention"
emmanuel-horvilleur,lucas-marti,2,"bio,mention"
emmanuel-horvilleur,la-nave,1,mention
emmanuel-horvilleur,juan-jacinto,1,mention
emmanuel-horvilleur,plastic-fever,1,mention
emmanuel-horvilleur,sergio-verdinelli,1,mention
emmanuel-horvilleur,1915-musica,1,mention
florencia-hana-ciliberti,la-usina,1,mention
gringui-herrera,nito-mestre,1,bio
gringui-herrera,fito-paez,2,"bio,mention"
gringui-herrera,alejandro-lerner,1,mention
gringui-herrera,raul-porchetto,1,mention
gringui-herrera,lhgs,1,mention
gringui-herrera,palo-pandolfo,1,mention
gringui-herrera,ser,1,mention
gringui-herrera,vicentico,1,mention
hlqp,la-mira,1,mention
hache,ariel-prat,1,mention
hallibour-fiberglass-sereneiders,mex-urtizberea,1,mention
hamacas-al-rio,axel-krygier,1,mention
hamacas-al-rio,puente-celeste,1,mention
hamacas-al-rio,noches-florentinas,1,mention
hamacas-al-rio,los-planos,1,mention
hammer,hermetica,1,bio
hammer,horcas,1,bio
hammer,lethal,1,bio
hasta-las-manos,korso-gomes,1,mention
hate,246,1,bio
headroom,1561,1,bio
headroom,el-otro-yo,1,bio
headroom,tristemente-celebres,1,mention
hellion,mario-ian,2,bio
herederos,mas-alla,1,mention
hermanos-de-la-calle,la-ilegal,1,mention
hermetica,2112,1,bio
hermetica,antonio-tano-romano,1,bio
hermetica,claudio-oconnor,1,bio
hermetica,horcas,1,bio
hermetica,kamikaze,1,bio
hermetica,logos,1,bio
hermetica,malon,2,bio
hermetica,manal,1,bio
hermetica,pappo,1,bio
hermetica,patricio-rey-y-sus-redonditos-de-ricota,1,bio
hermetica,rata-blanca,1,bio
hermetica,ricardo-iorio,2,bio
hermetica,riff,1,bio
hermetica,v8,2,bio
hermetica,claudio-marciello,1,mention
heroes-del-asfalto,1749,1,bio
heroes-del-asfalto,riff,1,bio
heroes-del-asfalto,heroicos-sobrevivientes,1,mention
heroes-del-asfalto,michel-peyronel,1,mention
heroicos-sobrevivientes,gabriel-conejo-jolivet,1,mention
heroicos-sobrevivientes,rutas-lejanas,1,mention
heroicos-sobrevivientes,el-suburbio,1,mention
heroicos-sobrevivientes,vamos-de-vuelta,1,mention
hierrock,8903,1,bio
hijas-de-zion,mas-alla,1,mention
hijos-de-babel,4943,1,bio
hijos-de-babel,litto-nebbia,1,bio
hijos-de-babel,los-tipitos,1,bio
hijos-de-babel,gustavo-santaolalla,1,mention
hijos-de-nadie,mal-momento,1,mention
hijos-del-hijo,lito-vitale,1,mention
hijos-del-oeste,4706,1,bio
hijos-del-oeste,jovenes-pordioseros,1,bio
hijos-del-oeste,la-mancha-de-rolando,1,mention
hijos-del-oeste,viejo-paranoico,1,mention
hipnosis,354,1,bio
hipnosis,rata-blanca,1,bio
hipnosis,raul-porchetto,1,bio
hipnosis,fernando-scarcella,2,"bio,mention"
historia-del-crimen,motorama,2,"bio,mention"
historia-del-crimen,daniel-melero,1,mention
hoguera,humo-del-cairo,1,bio
horcas,imperio,1,bio
horcas,lethal,1,bio
horcas,logos,1,bio
horcas,rata-blanca,1,bio
horcas,v8,1,bio
horizonte,seru-giran,1,bio
hormigas-negras,karamelo-santo,1,mention
hormigas-negras,quebrantahuesos,1,mention
hotel-casino,daniel-melero,1,mention
hotel-rush,3108,1,bio
hotel-rush,la-mancha-de-rolando,1,mention
hts,fito-paez,1,mention
hts,luis-alberto-spinetta,1,mention
huinca,litto-nebbia,2,bio
humanimal,3253,1,bio
humanimal,pablo-soler,2,"bio,mention"
humanimal,tren-loco,1,mention
humanoides-disidentes,michel-peyronel,1,mention
humo-del-cairo,sanador,1,bio
humo-del-cairo,madre-tierra,1,mention
humo-del-cairo,narcoiris,1,mention
hurlingham-reggae-band,122,1,bio
hurlingham-reggae-band,luca-prodan,1,bio
hurlingham-reggae-band,roberto-pettinato,1,bio
hurlingham-reggae-band,sumo,2,bio
hurlingham-reggae-band,mate-cosido,1,mention
hurlingham-reggae-band,nohh,1,mention
hyperstatic,juan-terrenal,1,mention
hyperstatic,las-pelotas,1,mention
hyperstatic,timmy-otool,1,mention
hysteria-lunar,los-violadores,1,mention
juan-huertas,10898,1,bio
la-herejia,la-mezcla,1,bio
la-herencia,laika,1,mention
la-hermana-menor,pez,1,mention
liliana-herrero,claudia-puyo,1,bio
liliana-herrero,fito-paez,2,bio
liliana-herrero,beto-satragni,1,mention
liliana-herrero,fernando-kabusacki,1,mention
liliana-herrero,miss-bolivia,1,mention
liliana-herrero,guillermo-vadala,1,mention
liliana-herrero,julian-venegas,1,mention
los-heladeros-del-tiempo,chano-moreno-charpentier,1,mention
los-heladeros-del-tiempo,marcelo-moura,1,mention
los-heladeros-del-tiempo,palo-pandolfo,1,mention
los-hermanos-butaca,las-manos-de-filippi,1,mention
los-hi-hats,la-mancha-de-rolando,1,mention
lucas-heredia,12452,1,bio
lucas-heredia,madre-chicha,1,mention
lucas-heredia,pulsar,1,mention
lucas-heredia,julian-venegas,1,mention
manu-hattom,17119,1,bio
manu-hattom,giuliano-romagnoli,1,mention
manu-hattom,the-raccoons,1,mention
sara-hebe,sara-hebe-ramiro-jota,1,mention
sissi-hansen,392,1,bio
sissi-hansen,los-twist,1,mention
sissi-hansen,los-violadores,1,mention
sissi-hansen,martes-menta,1,mention
sissi-hansen,michel-peyronel,1,mention
sissi-hansen,soda-stereo,1,mention
sissi-hansen,stukas-en-vuelo,1,mention
victor-hamudis,claudia-puyo,1,mention
victor-hamudis,gabriel-conejo-jolivet,1,mention
victor-hamudis,vox-dei,1,mention
carlos-indio-solari,patricio-rey-y-sus-redonditos-de-ricota,2,bio
carlos-indio-solari,el-soldado,1,bio
carlos-indio-solari,pablo-sbaraglia,1,bio
carlos-indio-solari,la-mira,1,mention
ideal,kevin-johansen,1,mention
ideal,los-latigos,1,mention
ideal,panico-ramirez,1,mention
ideas-al-fuego,fito-paez,1,bio
identicos-a-identikit,identikit,2,bio
identikit,225,1,bio
identikit,vilma-palma-e-vampiros,1,bio
idilica,309,1,bio
idilica,gustavo-rowek,1,mention
il-phantasmo,los-pericos,1,bio
il-phantasmo,adrian-otero,1,mention
il-phantasmo,ariel-minimal,1,mention
il-santo,malhu,1,mention
illya-kuryaki-the-valderramas,dante-spinetta,2,"bio,mention"
illya-kuryaki-the-valderramas,invisible,1,bio
illya-kuryaki-the-valderramas,luis-alberto-spinetta,2,bio
illya-kuryaki-the-valderramas,fernando-samalea,1,mention
illya-kuryaki-the-valderramas,sergio-verdinelli,1,mention
illya-kuryaki-the-valderramas,victoria-maurette,1,mention
illya-kuryaki-the-valderramas,zona-purpura,1,mention
imperio,264,1,bio
imperio,la-nave,1,mention
imperio,la-renga,1,mention
imperio-diablo,gaby-kerpel,1,mention
imperio-maltes,el-soldado,1,mention
imperio-maltes,las-pastillas-del-abuelo,1,mention
impuntuales,los-tipitos,1,mention
inazulina,la-renga,1,mention
inconsciente-micro,el-ombu,1,mention
inconsciente-micro,rinaldo-rafanelli,1,mention
increibles-ciudadanos-vivientes,toto,1,mention
indica,daniel-melero,1,mention
indio-brujo,santa-rosa,1,mention
indio-chaman,lima-sur,1,mention
indios,pornopop,1,bio
indios,potra,1,bio
indra-mantras,23862,1,bio
infierno-18,malos-aires,1,mention
infierno-18,osiris,1,mention
inmaduros,jovenes-pordioseros,1,mention
inmaduros,no-tan-distintos,1,mention
inmaduros,sexto-sentido,1,mention
instruccion-civica,kevin-johansen,2,bio
instruccion-civica,axel-krygier,1,mention
instruccion-civica,fernando-samalea,1,mention
insulina-rock,yocasta,1,mention
intoxicados,viejas-locas,2,bio
intoxicados,nada-mas-que-hoy,1,bio
intoxicados,resistencia-suburbana,1,bio
intoxicados,virus,1,bio
intrepidos-navegantes,fito-paez,1,mention
intrepidos-navegantes,litto-nebbia,1,mention
intrepidos-navegantes,tan-bionica,1,mention
intrepidos-navegantes,jvlian,1,mention
invisible,carlos-alberto-machi-rufino,1,bio
invisible,carlos-machi-rufino,1,bio
invisible,hector-pomo-lorenzo,2,bio
invisible,luis-alberto-spinetta,2,bio
invisible,pappos-blues,1,bio
invisible,pescado-rabioso,2,bio
invisible,tanguito,1,bio
invisible,spinetta-jade,1,bio
invisible,the-walkers,1,bio
ioja,mimi-maura,1,mention
iorio-cianciarulo,ricardo-iorio,1,bio
irreal,daniel-tuerto-wirzt,2,bio
isla-de-caras,rosario-ortega,1,mention
isla-mujeres,un-planeta,1,bio
iwanido,los-violadores,1,mention
juan-ingaramo,litto-nebbia,1,mention
juan-ingaramo,la-isla-comun,1,mention
la-inoxidable-roll,la-nave,1,mention
la-isla-comun,23601,1,bio
la-isla-comun,24054,1,bio
los-insectos,los-violadores,1,bio
los-insectos,virus,1,bio
los-intocables,ariel-tenenbaum,1,mention
los-intocables,todos-tus-muertos,1,mention
los-intocables,los-teddy-boys,1,mention
mario-ian,rata-blanca,2,bio
mario-ian,gustavo-rowek,1,bio
mario-ian,gady-pampillon,1,mention
ricardo-iorio,v8,2,bio
ricardo-iorio,claudio-marciello,1,bio
ricardo-iorio,la-ley,1,mention
ricardo-iorio,malon,1,mention
ricardo-iorio,los-natas,1,mention
ricardo-iorio,la-pandilla-del-punto-muerto,1,mention
ricardo-iorio,vorax,1,mention
willy-iturri,valerio-rinaldi,1,mention
willy-iturri,maria-rosa-yorio,1,mention
el-jaguar,la-mancha-de-rolando,1,mention
el-jardin-de-la-esquina,fito-paez,1,bio
el-jardin-de-la-esquina,litto-nebbia,1,bio
el-jardin-de-la-esquina,los-twist,1,bio
el-jardin-de-la-esquina,moris,1,bio
gabriel-conejo-jolivet,pappos-blues,1,bio
gabriel-conejo-jolivet,patricio-rey-y-sus-redonditos-de-ricota,1,bio
gabriel-conejo-jolivet,tao-de-king,1,bio
gabriel-conejo-jolivet,alejandro-medina,1,mention
gabriel-conejo-jolivet,el-soldado,1,mention
gabriel-conejo-jolivet,la-mississippi,1,mention
gabriel-conejo-jolivet,pajarito-zaguri,1,mention
gabriel-conejo-jolivet,rey-sonambulo,1,mention
jackson-souvenirs,la-perla-irregular,1,mention
jaf,pappo,2,bio
jaf,riff,2,bio
jaf,rata-blanca,1,bio
jaime-sin-tierra,el-robot-bajo-el-agua,1,bio
jaime-sin-tierra,voltura,1,bio
jaime-sin-tierra,juan-stewart,1,mention
jaime-sin-tierra,sebastian-kramer,1,mention
jaime-sin-tierra,lara-la,1,mention
jaime-sin-tierra,lucarda,1,mention
jama,la-murga,1,mention
jama,luca-prodan,1,mention
jama,paella-virgen,1,mention
jaque-reina,vetamadre,1,mention
jaque-reina,zellekin,1,mention
jaque-reina,21-gramos,1,mention
jaqueca,la-mosca,1,mention
jauria,880,1,bio
jauria,ciro-pertusi,1,bio
jauria,el-otro-yo,1,bio
jauria,esteban-pichu-serniotti,1,bio
jazzy-mel,mataplantas,1,mention
jeriko,264,1,bio
jeth,12456,1,bio
jeth,la-torre,1,bio
jeth,pipas-rhum,1,mention
jhanniel,juan-jacinto,1,mention
jinete-lendrix,3108,1,bio
jinete-lendrix,la-mancha-de-rolando,1,mention
jinete-lendrix,los-twist,1,mention
jinete-lendrix,rey-sonambulo,1,mention
jordan,los-natas,1,mention
jose-miel,2688,1,bio
josefina-pretende,seru-giran,1,mention
josefina-pretende,spinetta-jade,1,mention
josefita,17411,1,bio
josefita,19574,1,bio
josefita,5612,1,bio
josefita,8960,1,bio
josefita,las-pastillas-del-abuelo,1,mention
jotaeme,panda-elliot,1,mention
jovenes-pordioseros,mas-de-lo-mismo,1,mention
jovenes-pordioseros,rutas-lejanas,1,mention
jovenes-pordioseros,sherman-y-los-crocantes,1,mention
jovenes-pordioseros,siete-millas,1,mention
jovenes-pordioseros,viejo-empedrado,1,mention
jovenes-pordioseros,viejo-paranoico,1,mention
jovenes-transmutados,1922,1,bio
joystick,hilda-lizarazu,1,mention
joystick,marcelo-moura,1,mention
jpa-reggae,el-otro-yo,1,mention
jpa-reggae,la-mancha,1,mention
jpa-reggae,la-mancha-de-rolando,1,mention
jpa-reggae,la-renga,1,mention
juan-domingo-y-los-bombarderos,2-minutos,1,mention
juan-domingo-y-los-bombarderos,los-violadores,1,mention
juan-jacinto,fernando-samalea,1,mention
juan-rosasco-en-banda,jorge-serrano,1,mention
juan-rosasco-en-banda,sergio-rotman,1,mention
juan-terrenal,el-otro-yo,1,mention
juan-terrenal,monsenor-terrenal,1,mention
juan-terrenal,250-centavos,1,mention
juan-y-los-que-rien,3542,1,bio
juan-y-los-que-rien,kapanga,1,bio
juana-la-loca,daniel-melero,2,"bio,mention"
juana-la-loca,soda-stereo,1,bio
juana-la-loca,sumo,1,bio
juana-la-loca,polaris,1,bio
juana-la-loca,tan-bionica,1,bio
juana-la-loca,las-vacas-sagradas,1,bio
juana-la-loca,virus,1,bio
juana-la-loca,kringer,1,mention
juana-la-loca,mamushkas,1,mention
juana-la-loca,motorama,1,mention
juana-la-loca,no-ves-nada,1,mention
juana-la-loca,otono-2,1,mention
juana-la-loca,pasaporte-lunar,1,mention
juana-la-loca,summerhouse,1,mention
juana-la-loca,volador-g,1,mention
juanse,los-ratones-paranoicos,2,bio
juanse,mister-leen,1,bio
juanse,la-naranja-2,1,bio
juanse,alejandro-lerner,1,mention
juanse,la-triple-nelson,1,mention
juarez-venegas,julian-venegas,1,mention
juarez-venegas,pablo-juarez,1,mention
juguetes-en-el-vip,los-tipitos,1,mention
juguetes-en-el-vip,mariano-otero,1,mention
juguetes-en-el-vip,viuda-e-hijas-de-roque-enroll,1,mention
julieta-y-los-espiritus,potra,1,mention
julio-y-agosto,kevin-johansen,1,mention
julio-y-agosto,axel-krygier,1,mention
julio-y-agosto,cristobal-repetto,1,mention
julio-y-agosto,julian-venegas,1,mention
jungla-sahara,mariano-otero,1,mention
kevin-johansen,superlasciva,1,bio
kevin-johansen,cachorro-lopez,1,mention
kevin-johansen,lito-vitale,1,mention
kevin-johansen,miss-bolivia,1,mention
kevin-johansen,axel-krygier,1,mention
kevin-johansen,loli-molina,1,mention
kevin-johansen,miranda,1,mention
kevin-johansen,rosal,1,mention
kevin-johansen,sherman-y-los-crocantes,1,mention
la-jove,sexto-sentido,1,mention
la-joven-guardia,litto-nebbia,1,bio
la-joven-guardia,roque-narvaja,2,bio
la-joven-guardia,vitico,1,bio
la-joven-guarrior,santa-rosa,1,mention
pablo-juarez,julian-venegas,1,mention
axel-krygier,la-portuaria,2,"bio,mention"
axel-krygier,sexteto-irreal,2,"bio,mention"
axel-krygier,daniel-melingo,1,mention
axel-krygier,fernando-samalea,1,mention
axel-krygier,la-linea,1,mention
axel-krygier,los-pericos,1,mention
axel-krygier,soda-stereo,1,mention
axel-krygier,puerto-infinito,1,mention
axel-krygier,rosal,1,mention
el-kuelgue,hugo-lobo,1,mention
el-kuelgue,maca-mona-mu,1,mention
federico-kempff,siempre-lucrecia,2,mention
federico-kempff,otono-intenso,1,mention
fernando-kabusacki,samalea-kabusacki,1,bio
fernando-kabusacki,santos-luminosos,1,bio
fernando-kabusacki,vertigo-colectivo,1,bio
fernando-kabusacki,juana-molina,1,mention
fernando-kabusacki,la-usina,1,mention
fernando-kabusacki,gaston-massenzio,1,mention
fernando-kabusacki,roberto-pettinato,1,mention
fernando-kabusacki,senorita-carolina,1,mention
fernando-kabusacki,maxi-trusso,1,mention
gaby-kerpel,terraplen,1,bio
gaby-kerpel,leandro-kalen,1,mention
gaby-kerpel,la-yegros,1,mention
kameleba,karamelo-santo,1,bio
kameleba,nonpalidece,1,bio
kamikaze,18945,1,bio
kamikaze,219,1,bio
kamikaze,55,1,bio
kamikaze,rata-blanca,2,bio
kamikaze,kz4,1,bio
kapanga,klub,1,bio
kapanga,nube-9,1,bio
kapanga,eduardo-schmidt,1,mention
kapanga,el-sur,1,mention
kapanga,hugo-lobo,1,mention
kapanga,mimi-maura,1,mention
karamelo-santo,guillermo-goy-ogalde,2,bio
karamelo-santo,la-renga,1,bio
karamelo-santo,todos-tus-muertos,1,bio
karamelo-santo,leandro-maturano,1,bio
karamelo-santo,negusa-negast,1,bio
karamelo-santo,nonpalidece,1,bio
karamelo-santo,resistencia-suburbana,1,bio
karamelo-santo,sancamaleon,1,bio
karamelo-santo,sr-valdez,1,bio
karamelo-santo,tatadio,1,bio
karamelo-santo,la-perra-que-los-pario,2,mention
karamelo-santo,lito-vitale,1,mention
karamelo-santo,palo-pandolfo,1,mention
karamelo-santo,peligrosos-gorriones,1,mention
karamelo-santo,kaya-dub-sistema,1,mention
karamelo-santo,kunva,1,mention
karamelo-santo,luzbel,1,mention
karamelo-santo,el-majebri,1,mention
karamelo-santo,maldito-pez,1,mention
karamelo-santo,mamazuka,1,mention
karamelo-santo,orbis-tertius,1,mention
karamelo-santo,oye-primate,1,mention
karamelo-santo,papas-ni-pidamos,1,mention
karamelo-santo,pezones-cardozo,1,mention
karamelo-santo,piquete-de-ojos,1,mention
karamelo-santo,puel-kona,1,mention
karamelo-santo,puerto-infinito,1,mention
karamelo-santo,quedate-asi,1,mention
karamelo-santo,ser,1,mention
karamelo-santo,trujaman,1,mention
karamelo-santo,el-zombie,1,mention
karamelo-santo,13h,1,mention
karkaman,pappo,1,bio
karma-sudaca,tucson,1,mention
karma-sudaca,undertaker,1,mention
katarro-vandaliko,virus,1,bio
katarro-vandaliko,ciro-pertusi,1,mention
katarro-vandaliko,porfiria,1,mention
kausal,panda-elliot,1,mention
kefren,mafia,1,bio
king-coya,la-yegros,1,mention
klauss,los-natas,1,mention
klub,daniel-melingo,1,bio
klub,vicentico,1,bio
klub,la-zimbabwe,1,mention
klub,mimi-maura,1,mention
knei,santa-rosa,1,mention
kobra-key,el-otro-yo,1,mention
korso-gomes,la-saga,1,mention
koxmoz,soda-stereo,1,mention
kringer,el-sur,1,mention
kringer,panico-ramirez,1,mention
kringer,soda-stereo,1,mention
kunva,el-soldado,1,mention
kunva,resistencia-suburbana,1,mention
leandro-kalen,la-nieta-de-godar,1,mention
leandro-kalen,la-secuela,1,mention
leandro-kalen,luis-alberto-spinetta,1,mention
leandro-kalen,oscar-kreimer,1,mention
los-kahunas,la-renga,1,mention
martin-cuervo-karakachoff,peligrosos-gorriones,2,"bio,mention"
matias-kritz,2130,1,bio
miguel-krochik,pedro-y-pablo,1,bio
miguel-krochik,sui-generis,1,bio
oscar-kreimer,alejandro-lerner,1,mention
pablo-krantz,flopa-lestani,1,mention
pablo-krantz,nerdkids,1,mention
pablo-krantz,sebastian-salvador,1,mention
sebastian-kramer,4033,1,bio
alejandro-lerner,gustavo-santaolalla,2,"bio,mention"
alejandro-lerner,lito-vitale,1,bio
alejandro-lerner,maria-rosa-yorio,2,bio
alejandro-lerner,nito-mestre,1,bio
alejandro-lerner,raul-porchetto,1,bio
alejandro-lerner,sandra-mihanovich,1,bio
alejandro-lerner,soluna,2,bio
alejandro-lerner,coti-sorokin,1,bio
alejandro-lerner,vox-dei,1,bio
alejandro-lerner,patricia-sosa,1,mention
alejandro-lerner,panza,1,mention
alejandro-lerner,manuel-wirzt,1,mention
ariel-leira,1728,1,bio
ariel-leira,puf,1,mention
cachorro-lopez,david-lebon,1,bio
cachorro-lopez,diego-torres,2,bio
cachorro-lopez,miranda,1,bio
cachorro-lopez,vicentico,2,"bio,mention"
cachorro-lopez,zas,1,bio
cachorro-lopez,daniel-melingo,1,bio
cachorro-lopez,meteoros,1,bio
cachorro-lopez,nito-mestre,1,bio
cachorro-lopez,los-pericos,1,bio
cachorro-lopez,coti-sorokin,1,bio
cachorro-lopez,chano-moreno-charpentier,1,mention
cachorro-lopez,daniel-melero,1,mention
cachorro-lopez,miguel-mateos,1,mention
cachorro-lopez,moura-sergi,1,mention
cachorro-lopez,rosario-ortega,1,mention
cachorro-lopez,ismael-torres,1,mention
corina-lawrence,miss-bolivia,1,mention
david-lebon,la-pesada-del-rock-and-roll,1,bio
david-lebon,luis-alberto-spinetta,2,bio
david-lebon,pappo,2,bio
david-lebon,pappos-blues,2,bio
david-lebon,pescado-rabioso,2,bio
david-lebon,polifemo,2,bio
david-lebon,seleste,2,bio
david-lebon,seru-giran,2,bio
david-lebon,sui-generis,1,bio
david-lebon,vitico,1,bio
david-lebon,lila,1,bio
david-lebon,edelmiro-molinari,2,"bio,mention"
david-lebon,la-maquina-de-hacer-pajaros,1,bio
david-lebon,moro-satragni,1,bio
david-lebon,oscar-moro,2,"bio,mention"
david-lebon,raices,1,bio
david-lebon,soda-stereo,1,bio
david-lebon,spinetta-jade,1,bio
david-lebon,rinaldo-rafanelli,1,mention
david-lebon,vox-dei,1,mention
david-lebon,hector-pomo-lorenzo,1,mention
david-lebon,hilda-lizarazu,1,mention
david-lebon,mar-de-java,1,mention
david-lebon,los-ojos-de-clarence,1,mention
david-lebon,los-rancheros,1,mention
david-lebon,bautista-santos,1,mention
david-lebon,beto-satragni,1,mention
david-lebon,patricia-sosa,1,mention
david-lebon,los-tipitos,1,mention
david-lebon,guillermo-vadala,1,mention
david-lebon,jeronimo-verdun,1,mention
david-lebon,maria-rosa-yorio,1,mention
david-lebon,el-60,1,mention
el-limbo,trompos,1,mention
flopa-lestani,mata-violeta,2,bio
flopa-lestani,ariel-minimal,1,mention
flopa-lestani,juan-stewart,1,mention
hector-pomo-lorenzo,pappos-blues,1,bio
hector-pomo-lorenzo,spinetta-jade,2,bio
hector-pomo-lorenzo,luis-alberto-spinetta,2,"bio,mention"
hector-pomo-lorenzo,fito-paez,1,mention
hilda-lizarazu,los-twist,2,bio
hilda-lizarazu,man-ray,2,bio
hilda-lizarazu,sueter,2,"bio,mention"
hilda-lizarazu,claudia-puyo,1,mention
hilda-lizarazu,gustavo-santaolalla,1,mention
hilda-lizarazu,lito-vitale,1,mention
hilda-lizarazu,palo-pandolfo,2,mention
hilda-lizarazu,roque-narvaja,1,mention
hilda-lizarazu,javier-mareco,1,mention
hilda-lizarazu,maca-mona-mu,1,mention
hilda-lizarazu,milhojas,1,mention
hilda-lizarazu,los-romeos,1,mention
hilda-lizarazu,manuel-wirzt,1,mention
hugo-lobo,lions-in-love,1,mention
hugo-lobo,mil-astillas,1,mention
hugo-lobo,miss-bolivia,1,mention
hugo-lobo,motorama,1,mention
hugo-lobo,fidel-nadal,1,mention
hugo-lobo,pezones-cardozo,1,mention
hugo-lobo,raza-urbana,1,mention
hugo-lobo,el-zombie,1,mention
jimena-lopez-chaplin,7885,1,bio
jimena-lopez-chaplin,las-taradas,1,mention
jimena-lopez-chaplin,lucas-marti,1,mention
jimena-lopez-chaplin,lucy-patane-2,1,mention
jimena-lopez-chaplin,todos-tus-muertos,1,mention
jimena-lopez-chaplin,varias-artistas,1,mention
jimena-lopez-chaplin,rosal,1,mention
joaquin-levinton,turf,1,bio
joaquin-levinton,pato-lange,1,mention
joaquin-levinton,la-posta,1,mention
joaquin-levinton,satelites,1,mention
joaquin-levinton,terrapio,1,mention
juan-long,la-nave,1,mention
juan-long,tren-fantama,1,mention
la-de-mora,las-pastillas-del-abuelo,1,mention
la-de-mora,pasos-perdidos,1,mention
la-ley,la-mancha-de-rolando,1,mention
la-ley,pil-y-los-violadores-de-la-ley,1,mention
la-ley,christian-roth,1,mention
la-linea,lux-raptor,1,mention
la-linea,magma,1,mention
la-linea,nelumbo,1,mention
la-linea,la-paranoia-del-barba,1,mention
la-linea,cristobal-repetto,1,mention
la-linea,resumen-porteno,1,mention
la-llave,orsaid,1,mention
la-llave,turu-saez,1,mention
la-llave,la-torre,1,mention
ladran-sancho,mamita-peyote,1,mention
lara-la,4033,1,bio
lara-la,juan-stewart,1,mention
las-ligas-menores,maria-luli-zamtlejfer,1,mention
lauphan,5912,1,bio
lautremont,418,1,bio
lavanda-fulton,gonza-nehuen,1,mention
lavial,potra,1,bio
laydown,8432,1,bio
le-temps,21-gramos,1,mention
led-ladies,leticia-lee,1,bio
leeva,illya-kuryaki-and-the-valderramas,1,bio
leeva,luis-alberto-spinetta,1,bio
leeva,dante-spinetta,1,mention
leggo,las-pelotas,1,mention
leghost,la-movida,1,mention
legion-oeste,tienda-de-rarezas,1,mention
lenoise,turf,1,bio
les-amateurs,puerto-infinito,1,mention
lethal,sumo,1,bio
lhgs,los-twist,1,bio
libertino,el-regreso,1,mention
lila,1155,1,bio
lima-sur,luis-alberto-spinetta,1,mention
limbo,virus,1,bio
limbo,julio-moura,1,mention
limon,juana-molina,1,mention
limon-2,mi-amigo-invencible,1,mention
lions-in-love,327,1,bio
lions-in-love,daniel-melingo,2,bio
lions-in-love,cristobal-repetto,1,mention
lo-bruno,lo-bruno-2,1,mention
locos-de-nacimiento,las-pastillas-del-abuelo,1,mention
locos-de-turno,la-nave,1,mention
locos-de-turno,viejas-locas,1,mention
locura-delivery,las-pelotas,1,mention
logos,v8,2,bio
logos,primal,1,bio
loop-lascano,11455,1,bio
loop-lascano,socio,1,bio
los-de-fuego,sandro,1,bio
los-de-fuego,padre,1,mention
los-latigos,marcelo-zeoli,2,bio
los-latigos,daniel-melero,2,mention
los-latigos,fernando-nale,1,mention
los-latigos,javier-zuppi,1,mention
los-leones,viejo-paranoico,1,mention
lovecraft,mas-alla,1,mention
lovorne,edelmiro-molinari,1,mention
lovorne,luis-robinson,1,mention
lovorne,machy-madco,1,mention
lucarda,4033,1,bio
lucarda,6465,1,bio
lucarda,el-robot-bajo-el-agua,1,mention
luces-blancas,paralelo-b,1,mention
luciernaga-curiosa,uv17,1,mention
lucila-cueva,la-renga,1,mention
lujuria,el-otro-yo,1,mention
lujuria,fidel-nadal,1,mention
lujuria,los-visitantes,1,mention
lumumba,1893,1,bio
lumumba,amilcar-nadal,1,bio
lumumba,fidel-nadal,2,bio
lumumba,pablo-molina,2,bio
lumumba,todos-tus-muertos,1,bio
lunar-69,pescado-rabioso,1,mention
lunar-69,sui-generis,1,mention
luxuria,luis-alberto-spinetta,1,bio
luz-roja,los-piojos,1,bio
luz-roja,pappo,1,bio
luzbel,14499,1,bio
lymon,lito-vitale,1,mention
marcos-luc,12452,1,bio
leone-mavi,luis-alberto-spinetta,1,mention
leone-mavi,mavi,1,mention
milton-lego,nicolas-sorin,1,mention
nacho-lafflitto,litto-nebbia,1,mention
nacho-lafflitto,luis-alberto-spinetta,1,mention
nacho-lafflitto,sandra-mihanovich,1,mention
pato-lange,209,1,bio
pato-lange,3170,1,bio
pato-lange,7959,1,bio
pato-lange,miss-bolivia,1,mention
pato-lange,paula-maffia,1,mention
pato-lange,soda-stereo,1,mention
pato-lange,militta-bora,1,mention
tomi-lebrero,ratola,1,mention
tomi-lebrero,rosal,1,mention
alberto-munoz,liliana-vitale,1,mention
alejandro-medina,la-pesada-del-rocanrol,1,bio
alejandro-medina,manal,2,bio
alejandro-medina,pappos-blues,2,bio
alejandro-medina,carlos-mellino,1,bio
alejandro-medina,javier-martinez,1,bio
alejandro-medina,pappo,1,bio
alejandro-medina,pelvis,1,bio
alejandro-medina,jose-alberto-iglesias-tanguito,1,bio
alejandro-medina,the-seasons,1,bio
alejandro-medina,mostruo,1,mention
alejandro-medina,gady-pampillon,1,mention
alejandro-medina,pegaso,1,mention
alejandro-medina,soplo-el-fantasma,1,mention
alejandro-medina,viniloss-blues,1,mention
alejandro-medina,21-gramos,1,mention
andres-ciro-martinez,los-piojos,2,bio
ariel-minimal,12837,1,bio
ariel-minimal,florencia-ruiz,1,bio
ariel-minimal,litto-nebbia,1,bio
ariel-minimal,martes-menta,2,bio
ariel-minimal,pez,2,"bio,mention"
ariel-minimal,el-siempreterno,1,bio
ariel-minimal,palo-pandolfo,1,mention
ariel-minimal,juan-ravioli,1,mention
ariel-minimal,sergio-rotman,1,mention
ariel-minimal,franco-salvador,1,mention
ariel-minimal,sherman-y-los-crocantes,1,mention
bambi-moreno-charpentier,chano-moreno-charpentier,2,"bio,mention"
bambi-moreno-charpentier,tan-bionica,2,"bio,mention"
carlos-alberto-machi-rufino,226,1,bio
carlos-alberto-machi-rufino,241,1,bio
carlos-alberto-machi-rufino,398,1,bio
carlos-alberto-machi-rufino,fito-paez,1,bio
carlos-alberto-machi-rufino,illya-kuryaki-and-the-valderramas,1,bio
carlos-alberto-machi-rufino,las-pelotas,1,bio
carlos-alberto-machi-rufino,lito-vitale,1,bio
carlos-alberto-machi-rufino,luis-alberto-spinetta,1,bio
carlos-alberto-machi-rufino,pappo,1,bio
carlos-alberto-machi-rufino,pappos-blues,1,bio
carlos-alberto-machi-rufino,sandra-mihanovich,1,bio
carlos-alberto-machi-rufino,hector-starc,1,mention
carlos-alberto-machi-rufino,leo-sujatovich,1,mention
carlos-mellino,1324,1,bio
carlos-mellino,jose-alberto-iglesias-tanguito,1,bio
carlos-mellino,the-seasons,2,"bio,mention"
celsa-mel-gowland,fito-paez,1,mention
chano-moreno-charpentier,tan-bionica,2,"bio,mention"
chano-moreno-charpentier,coti-sorokin,1,mention
charlie-martinez,nito-mestre,1,mention
charlie-martinez,soda-stereo,1,mention
charlie-martinez,sui-generis,1,mention
claudio-marciello,la-renga,1,bio
claudio-marciello,pappo,1,bio
claudio-marciello,el-reloj,1,mention
claudio-marciello,patagonia-revelde,1,mention
claudio-marciello,renacer,1,mention
daniel-melero,soda-stereo,2,bio
daniel-melero,todos-tus-muertos,1,bio
daniel-melero,ministerio-de-energia,1,bio
daniel-melero,polaris,1,bio
daniel-melero,rendo,1,bio
daniel-melero,la-sobrecarga,1,bio
daniel-melero,sentimiento-incontrolable,1,bio
daniel-melero,sonotipo,1,bio
daniel-melero,victoria-mil,1,bio
daniel-melero,los-pillos,1,mention
daniel-melero,resonantes,1,mention
daniel-melero,shaman-y-los-pilares-de-la-creacion,1,mention
daniel-melero,spleen,1,mention
daniel-melingo,los-twist,2,bio
daniel-melingo,fernando-samalea,1,bio
daniel-melingo,juan-ravioli,1,mention
daniel-melingo,el-natty-combo,1,mention
daniel-melingo,nolbelto,1,mention
daniel-melingo,cristobal-repetto,1,mention
daniel-melingo,sueter,1,mention
daniel-melingo,vicentico,1,mention
daniel-melingo,vruma-y-los-dinamos,1,mention
diego-martez,sofia-viola,1,mention
diego-mizrahi,la-mancha-de-rolando,1,mention
diego-mizrahi,la-mizrahi-blues-band,1,mention
diego-mizrahi,motivos-olvidables,1,mention
edelmiro-molinari,luis-alberto-spinetta,2,bio
edelmiro-molinari,oscar-moro,1,bio
edelmiro-molinari,jorge-senno,1,bio
edelmiro-molinari,ricardo-soule,1,bio
edelmiro-molinari,los-tipitos,1,bio
edelmiro-molinari,rinaldo-rafanelli,1,mention
edelmiro-molinari,rcm,1,mention
el-magnifico-sonido-91bis,la-mosca,1,mention
el-majebri,resistencia-suburbana,1,mention
el-matadero,maldita-suerte,1,mention
el-mendigo,la-mancha,1,mention
el-mendigo,la-mancha-de-rolando,1,mention
el-mendigo,las-manos-de-filippi,1,mention
el-mendigo,moris,1,mention
gabriel-maccioco,1612,1,bio
gaston-massenzio,claudia-puyo,1,mention
gaston-massenzio,via-varela,1,mention
gustavo-montesano,2254,1,bio
gustavo-montesano,328,1,bio
gustavo-montesano,415,1,bio
gustavo-montesano,merlin,1,bio
gustavo-montesano,montesano,1,bio
hernan-martinez-mosquera,4820,1,bio
javier-malosetti,15984,1,bio
javier-malosetti,lito-vitale,1,bio
javier-malosetti,luis-alberto-spinetta,1,bio
javier-malosetti,pappo,1,bio
javier-malosetti,rada-malosetti,1,bio
javier-malosetti,mex-urtizberea,1,bio
javier-malosetti,javier-mareco,1,mention
javier-malosetti,loli-molina,1,mention
javier-malosetti,mavi,1,mention
javier-malosetti,miguel-mateos,1,mention
javier-malosetti,victoria-maurette,1,mention
javier-malosetti,mariano-otero,1,mention
javier-malosetti,cristobal-repetto,1,mention
javier-malosetti,fernando-samalea,1,mention
javier-malosetti,lucas-sedler,1,mention
javier-malosetti,sambara,1,mention
javier-malosetti,los-tipitos,1,mention
javier-malosetti,vento,1,mention
javier-mareco,lito-vitale,1,mention
javier-martinez,la-pesada-del-rocanrol,1,bio
javier-martinez,manal,2,bio
javier-martinez,la-mezcla,1,bio
javier-martinez,sandro,1,bio
javier-martinez,jose-alberto-iglesias-tanguito,1,bio
javier-martinez,pappo,1,mention
javier-martinez,uv17,1,mention
javier-martinez,viniloss-blues,1,mention
jorge-minissale,mamporro,1,mention
jorge-minissale,cris-pulian,1,mention
jorge-minissale,sueter,1,mention
juana-molina,victoria-maurette,1,mention
juana-molina,puerto-infinito,1,mention
juana-molina,surfistas-del-sistema,1,mention
juana-molina,trilicos,1,mention
julian-mourin,lucio-mantel,1,mention
julio-moura,virus,1,bio
julio-moura,fernando-samalea,1,mention
julio-moura,nohh,1,mention
julio-moura,victoria-mil,1,mention
julio-moura,1000-watts,1,mention
la-maga,miguel-mateos,1,mention
la-maga,sometidos-por-morgan,1,mention
la-mancha,la-maza,1,mention
la-mancha,la-mancha-de-rolando,1,mention
la-mancha,miranda,1,mention
la-mancha,pampas-electricas,1,mention
la-mancha,pedro-el-ermitano,1,mention
la-mancha,soul-to-soul,1,mention
la-mancha,yanimer,1,mention
la-mancha,2d3,1,mention
la-maquina-de-hacer-pajaros,gustavo-santaolalla,1,bio
la-maquina-de-hacer-pajaros,nito-mestre,1,bio
la-maquina-de-hacer-pajaros,oscar-moro,2,bio
la-maquina-de-hacer-pajaros,raul-porchetto,1,bio
la-maquina-de-hacer-pajaros,seru-giran,2,bio
la-maquina-de-hacer-pajaros,sui-generis,1,bio
la-maquina-de-hacer-pajaros,jose-alberto-iglesias-tanguito,1,bio
la-maquina-de-hacer-pajaros,tia-newton,1,bio
la-maquina-de-hacer-pajaros,los-navarros,1,mention
la-maza,la-mancha-de-rolando,1,mention
la-maza,las-pelotas,1,mention
la-maza,los-tekis,1,mention
la-mejor-flor,natty-dread,1,mention
la-mezcla,manal,1,bio
la-miamanca,mala-vida,1,mention
la-mississippi,beto-satragni,1,mention
la-mississippi,los-piojos,1,mention
la-mississippi,luis-robinson,2,mention
la-mississippi,malditos-simuladores,1,mention
la-mississippi,motivos-olvidables,1,mention
la-mississippi,nolbelto,1,mention
la-mississippi,la-posta,1,mention
la-mississippi,perro-ciego,1,mention
la-mississippi,jorge-senno,1,mention
la-mississippi,somnaluba,1,mention
la-mississippi,sutil-stock,1,mention
la-mississippi,la-window,1,mention
la-mistonga,las-pelotas,1,mention
la-mocosa,las-morochas,1,mention
la-mocosa,la-surena-blues-band,1,mention
la-mocosa,tren-fantama,1,mention
la-moladora-blues,vox-dei,1,mention
la-moneda,pablo-sbaraglia,1,mention
la-mono,las-manos-de-filippi,1,mention
la-montana,la-montana-2,1,mention
la-montana-2,gustavo-santaolalla,1,mention
la-mosca,pezones-cardozo,1,mention
la-mosca,los-super-ratones,1,mention
la-mosca,santamusic,1,mention
la-mosca,savoretti-y-los-indescriptibles,1,mention
la-mosca,sin-semilla,1,mention
la-mosca,talvgtal,1,mention
la-movida,la-sobrecarga,1,mention
la-movida,salamanca-non-presta,1,mention
la-movida,tauro,1,mention
la-murga,no-te-va-gustar,1,mention
la-murga,la-perra-que-los-pario,1,mention
la-murga,pajarito-zaguri,1,mention
las-manos-de-filippi,410,1,bio
las-manos-de-filippi,el-otro-yo,1,bio
las-manos-de-filippi,shaila,1,bio
las-manos-de-filippi,la-paranoia-del-barba,1,mention
las-manos-de-filippi,la-pata-de-la-tuerta,1,mention
las-manos-de-filippi,los-pichones,1,mention
las-manos-de-filippi,piquete-de-ojos,1,mention
las-manos-de-filippi,salta-la-banca,1,mention
las-manos-de-filippi,spooks,1,mention
las-manos-de-filippi,tintoreros,1,mention
las-mil-de-zafiro,lito-vitale,1,mention
las-morochas,las-pastillas-del-abuelo,1,mention
las-morochas,los-piojos,1,mention
leonor-marchesi,purpura,2,bio
leonor-marchesi,santa,1,bio
leonor-marchesi,nito-mestre,1,mention
leonor-marchesi,soda-stereo,1,mention
les-mentettes,la-perla-irregular,1,mention
les-mentettes,principiantes,1,mention
loli-molina,mariana-paraway,1,mention
lorena-mayol,1217,1,bio
lorena-mayol,pablo-sbaraglia,1,bio
los-maxilares-de-peron,roberto-pettinato,1,bio
los-maxilares-de-peron,sumo,1,bio
los-mockers,los-shakers,1,bio
los-mockers,los-peyotes,1,mention
los-muchachos-de-la-secta,la-secta,1,mention
los-musicos-del-centro,fito-paez,1,bio
los-musicos-del-centro,litto-nebbia,2,bio
lucas-marti,miranda,1,bio
lucas-marti,no-lo-soporto,1,bio
lucas-marti,rosal,1,bio
lucas-marti,varias-artistas,2,bio
lucas-marti,masufrita,1,bio
lucas-marti,juan-ravioli,1,mention
lucio-mantel,perota-chingo,1,mention
maca-mona-mu,paula-neder,1,mention
machy-madco,jorge-pinchevsky,1,mention
machy-madco,lito-vitale,1,mention
machy-madco,pappos-blues,1,mention
mader-funker,las-pelotas,1,mention
madi-walter,la-nave,1,mention
madi-walter,oveja-negra,1,mention
madre-atomica,739,1,bio
magma,lito-vitale,1,bio
magma,litto-nebbia,1,bio
mahatma-dandys,sofia-viola,2,mention
mal-de-parkinson,los-pichones,1,mention
mal-momento,ciro-pertusi,1,mention
mal-momento,rekonfundidos,1,mention
mal-pasar,2-minutos,1,bio
mala-reina,gustavo-rowek,1,mention
mala-reina,rata-blanca,1,mention
mala-suerte,superuva,1,mention
mala-vida,mamazuka,1,mention
malabares,viejas-locas,1,mention
maldita-suerte,tiempos-duros,1,mention
maleta-de-loca,307,1,bio
maleta-de-loca,viuda-e-hijas-de-roque-enrol,1,bio
malhu,smocking-flamingo,1,mention
malon,antonio-tano-romano,1,bio
malon,claidio-oconnor,1,bio
malon,claudio-o-connor,1,bio
malon,razones-concientes,1,bio
malon,claudio-oconnor,2,"bio,mention"
malon,oconnor,1,bio
mam,omar-mollo,2,bio
mam,sumo,1,bio
mama-santa,las-pelotas,1,mention
mama-santa,narvales,1,mention
mama-vaca,los-platillos-voladores,1,mention
mamabirra,mas-alla,1,mention
mamazuka,las-pelotas,1,mention
mamita-peyote,evelina-sanzo,1,mention
mamporro,334,1,bio
mamporro,los-twist,1,bio
mamporro,memphis-la-blusera,1,bio
mamporro,sueter,1,bio
mamporro,juan-pollo-raffo,1,mention
mamporro,miguel-zavaleta,1,mention
mamporro,pablo-sbaraglia,1,mention
mamushkas,el-otro-yo,1,mention
mamushkas,los-visitantes,1,mention
mamushkas,me-daras-mil-hijos,1,mention
man-ray,327,1,bio
man-ray,fito-paez,1,bio
man-ray,los-ratones-paranoicos,1,bio
man-ray,los-twist,1,bio
man-ray,luis-alberto-spinetta,1,bio
man-ray,soda-stereo,2,bio
man-ray,pablo-sbaraglia,1,bio
man-ray,miguel-zavaleta,1,mention
man-ray,marcelo-mapelman,1,mention
man-ray,los-romeos,1,mention
manal,medellin,1,bio
manal,la-nave,1,bio
manal,la-pandilla-del-punto-muerto,1,bio
manal,pappo,1,bio
manal,jose-alberto-iglesias-tanguito,1,bio
manal,the-seasons,1,bio
manal,v-a-g-o,1,bio
manal,vox-dei,1,bio
la-mancha-de-rolando,la-renga,1,bio
la-mancha-de-rolando,v8,1,bio
la-mancha-de-rolando,fidel-nadal,1,mention
la-mancha-de-rolando,tan-bionica,1,mention
la-mancha-de-rolando,marcelo-mapelman,1,mention
la-mancha-de-rolando,miranda,1,mention
la-mancha-de-rolando,narvales,1,mention
la-mancha-de-rolando,no-somos-nada,1,mention
la-mancha-de-rolando,pampas-electricas,1,mention
la-mancha-de-rolando,pedro-el-ermitano,1,mention
la-mancha-de-rolando,coti-sorokin,1,mention
la-mancha-de-rolando,sur-du-monde,1,mention
la-mancha-de-rolando,yanimer,1,mention
la-mancha-de-rolando,2d3,1,mention
maniaco-proyect,11057,1,bio
manijas,claudia-puyo,1,mention
manijas,mes-de-mayo,1,mention
manto,fernando-samalea,1,mention
manto,viejas-locas,1,mention
maple-azul,391,1,bio
maple-azul,vox-dei,1,bio
maple-azul,fernando-scarcella,1,mention
maple-azul,rata-blanca,1,mention
marcelo-mapelman,3574,1,bio
marcelo-mapelman,fernando-samalea,1,mention
marcelo-mapelman,los-pulgones,2,mention
marcelo-mapelman,martin-pastor,1,mention
marcelo-moura,virus,2,"bio,mention"
marcelo-moura,moura-sergi,1,bio
marcelo-moura,soda-stereo,1,mention
marcelo-moura,sueter,1,mention
marcelo-moura,viajantes,1,mention
maria-mulata,409,1,bio
maria-mulata,la-zimbabwe,1,bio
martes-menta,luis-alberto-spinetta,1,bio
martes-menta,soda-stereo,1,bio
martes-menta,tia-newton,1,bio
martes-menta,los-telepatas,1,mention
martez,virus,1,bio
marvin,juan-stewart,1,mention
mas-alla,sin-kausa,1,mention
mas-alla,submarino-pirata,1,mention
mas-alla,martin-van,1,mention
mas-alla,maria-rosa-yorio,1,mention
mas-de-lo-mismo,4706,1,bio
mas-de-lo-mismo,los-ratones-paranoicos,1,bio
mas-de-lo-mismo,memphis-la-blusera,1,bio
mas-de-lo-mismo,pescado-rabioso,1,bio
mas-de-lo-mismo,skamas,1,mention
mas-que-humano,soda-stereo,1,mention
massacre,peligrosos-gorriones,2,bio
massacre,pez,1,bio
massacre,restos-fosiles,1,bio
mata-violeta,gustavo-santaolalla,1,bio
mata-violeta,las-pelotas,1,bio
matasiete,los-piojos,1,mention
matasiete,resistencia-suburbana,1,mention
mate-cosido,gustavo-rowek,1,mention
mate-cosido,los-natas,1,mention
mate-cosido,los-piojos,1,mention
mate-cosido,mate-cosido-2,1,mention
mate-cosido,otra-vez-sopa,1,mention
mate-cosido,palo-pandolfo,1,mention
mate-cosido,rata-blanca,1,mention
mateo-moreno,no-te-va-gustar,2,"bio,mention"
materia-gris,naranja-mecanica,1,mention
mavi,giuliano-romagnoli,1,mention
max-capote,leandro-viernes,1,mention
me-daras-mil-hijos,gerardo-toto-rotblat,1,mention
me-daras-mil-hijos,palo-pandolfo,1,mention
medellin,pescado-rabioso,1,bio
medellin,soda-stereo,1,bio
media-estacion,the-hojas-secas,1,mention
mejor-actor-de-reparto,23367,1,bio
mejor-actor-de-reparto,los-nuevos-monstruos,1,mention
melena-boogie,fernando-scarcella,1,mention
melena-boogie,rata-blanca,1,mention
melissa,4861,1,bio
memphis-la-blusera,adrian-otero,2,bio
memphis-la-blusera,pajarito-zaguri,1,bio
memphis-la-blusera,viejos-lobos,2,bio
memphis-la-blusera,mr-mojo,1,bio
memphis-la-blusera,la-petrolera-boogie-band,1,bio
memphis-la-blusera,pampa-yakuza,1,bio
memphis-la-blusera,lucas-sedler,1,bio
memphis-la-blusera,murcielagos,1,mention
memphis-la-blusera,perro-ciego,1,mention
memphis-la-blusera,sideria,1,mention
memphis-la-blusera,la-vieja-ruta,1,mention
menos-que-cero,valle-de-munecas,1,bio
merlin,pastoral,1,bio
mes-de-mayo,nadin,1,mention
mes-de-mayo,neuroina,1,mention
mes-de-mayo,cristobal-repetto,1,mention
mes-de-mayo,telexx,1,mention
mes-de-mayo,tercer-modulo-ska,1,mention
mes-de-mayo,tremenda-sanata,1,mention
mes-de-mayo,leandro-viernes,1,mention
mestizo,valerio-rinaldi,1,bio
mestizo,freddy-salami,1,mention
metele-plancha,resistencia-suburbana,1,mention
metele-plancha,tren-loco,1,mention
metele-plancha,viejas-locas,1,mention
meteoros,rosario-ortega,1,bio
metropoli,miguel-mateos,1,bio
metropoli,los-siete-delfines,1,bio
mi-amigo-invencible,trilicos,1,mention
mi-pequena-muerte,la-perla-irregular,1,mention
mia,liliana-vitale,2,bio
mia,lito-vitale,2,bio
mia,patricio-rey-y-sus-redonditos-de-ricota,1,bio
mia,mex-urtizberea,1,bio
michael-mike,11554,1,bio
michael-mike,onda-vaga,2,"bio,mention"
miguel-mateos,zas,2,bio
miguel-mateos,soda-stereo,1,bio
miguel-mateos,maria-rosa-yorio,1,bio
miguel-mateos,guillermo-vadala,1,mention
miguel-mateos,sebastian-schon,1,mention
miguel-mateos,ricardo-pegnotti,1,mention
miguel-y-eugenio,litto-nebbia,1,bio
miguel-y-eugenio,raul-porchetto,1,bio
mil-astillas,eduardo-schmidt,1,bio
mil-hormigas,los-piojos,1,mention
miltode,el-sur,1,mention
mimi-maura,fito-paez,1,bio
mimi-maura,el-natty-combo,1,bio
mimi-maura,el-siempreterno,1,bio
mimi-maura,el-sur,1,mention
mimi-maura,miss-bolivia,1,mention
mimi-maura,los-pericos,1,mention
mimi-maura,sergio-rotman,1,mention
mimi-maura,tercer-modulo-ska,1,mention
mimi-maura,el-zombie,1,mention
minco,sofia-viola,1,mention
minimo,10487,1,bio
minimo,soda-stereo,1,bio
minimo,todo-aparenta-normal,1,mention
minimo,tristemente-celebres,1,mention
minoria-activa,ninos-enfermos,1,mention
miranda,aaaaa,1,bio
miranda,potra,1,bio
miranda,tan-bionica,1,bio
miranda,virus,1,bio
miranda,2-minutos,1,mention
miranda,eduardo-schmidt,1,mention
miranda,fernando-ruiz-diaz,1,mention
miranda,las-pelotas,1,mention
miranda,totus-toss,1,mention
miss-bolivia,284,1,bio
miss-bolivia,lito-vitale,1,mention
miss-bolivia,todos-tus-muertos,1,mention
miss-bolivia,morbo-y-mambo,1,mention
miss-bolivia,ovejas,1,mention
miss-bolivia,ratola,1,mention
miss-bolivia,senorita-carolina,1,mention
miss-wichita,socio,1,bio
misson,rata-blanca,1,mention
mister-leen,los-ratones-paranoicos,1,bio
misterio,motorama,1,bio
modista,virus,1,bio
modular,el-triangulo,1,mention
mole,soda-stereo,2,bio
molo,plasticoinevitable,1,bio
monclus-ventosa,pedro-y-pablo,1,bio
mono,la-usina,1,mention
montecarlo-jazz-ensamble,307,1,bio
montecarlo-jazz-ensamble,327,1,bio
montecarlo-jazz-ensamble,572,1,bio
montecarlo-jazz-ensamble,fernando-samalea,2,"bio,mention"
morbo-y-mambo,placard,1,mention
moris,alejandro-schanzenbach,1,bio
moris,litto-nebbia,1,bio
moris,la-pandilla-del-punto-muerto,1,bio
moris,pajarito-zaguri,1,bio
moris,pelvis,1,bio
moris,ariel-rot,1,bio
moris,beto-satragni,1,bio
moris,schanzenbach,1,bio
moris,jose-alberto-iglesias-tanguito,1,bio
moro-satragni,beto-satragni,2,bio
moro-satragni,luis-alberto-spinetta,1,bio
moro-satragni,oscar-moro,1,bio
moro-satragni,seru-giran,1,bio
mortadela-rancia,fito-paez,1,bio
mortttales,sin-nombre,1,mention
motor-loco,viejas-locas,2,bio
motor-loco,la-renga,1,mention
motor-loco,los-ratones-paranoicos,1,mention
motor-loco,tren-fantama,1,mention
motor-loco,viejo-empedrado,1,mention
motor-loco,viejo-paranoico,1,mention
motorama,6718,1,bio
motorama,valle-de-munecas,1,mention
mountain-party,334,1,bio
moura-sergi,4298,1,bio
moura-sergi,virus,1,bio
moura-sergi,sebastian-schon,1,mention
movil-vission,las-plantas-no-pecan,1,mention
mozambique,resistencia-suburbana,1,mention
mozambique,satelite-kingston,1,mention
mozambique,verde-reggae,1,mention
mueran-humanos,mujercitas-terror,1,mention
muerte-al-tio-cosa,7979,1,bio
muerte-al-tio-cosa,no-ta-va-gustar,1,bio
muertos-nuevos,usted-senalemelo,1,mention
mukunda,pablo-molina,1,bio
munecas,munecas-rusas,2,bio
munecas,una-fabrica,1,mention
murcielagos,diego-torres,1,mention
murcielagos,los-pericos,1,mention
murcielagos,los-ratones-paranoicos,1,mention
murcielagos,rata-blanca,1,mention
murio-de-asco,piter-funk,1,mention
mustafunk,11752,1,bio
mustafunk,lito-vitale,1,mention
nito-mestre,237,1,bio
nito-mestre,maria-rosa-yorio,2,bio
nito-mestre,sui-generis,2,bio
nito-mestre,oveja-negra,2,"bio,mention"
nito-mestre,fito-paez,1,bio
nito-mestre,pastoral,1,bio
nito-mestre,polifemo,1,bio
nito-mestre,porsuigieco,1,bio
nito-mestre,seru-giran,1,bio
nito-mestre,la-naranja,1,mention
nito-mestre,la-roque,1,mention
nito-mestre,ratola,1,mention
omar-mollo,los-navarros,1,mention
omar-mollo,vruma-y-los-dinamos,1,mention
oscar-moro,litto-nebbia,2,"bio,mention"
oscar-moro,pappo,1,bio
oscar-moro,riff,2,"bio,mention"
oscar-moro,seru-giran,2,bio
oscar-moro,raices,1,mention
oscar-moro,beto-satragni,1,mention
oscar-moro,la-unica-ruta,1,mention
pablo-molina,fidel-nadal,1,bio
pablo-molina,todos-tus-muertos,2,bio
pablo-molina,la-traktora,1,mention
paula-maffia,las-taradas,2,bio
paula-maffia,lucy-patane,1,bio
paula-maffia,viva-zapata,1,bio
paula-maffia,lucy-patane-2,3,"disco,mention"
paula-meijide,varias-artistas,1,mention
sandra-mihanovich,sandra-y-celeste,2,bio
sandra-mihanovich,vane-mihanovich,1,bio
sandra-mihanovich,marilina-ross,1,bio
sandra-mihanovich,lito-vitale,1,bio
santiago-motorizado,rescate-internacional,1,mention
santiago-motorizado,107-faunos,1,mention
sergio-makaroff,0,1,bio
sergio-makaroff,ariel-rot,1,bio
amilcar-nadal,1893,1,bio
amilcar-nadal,8635,1,bio
amilcar-nadal,natty-dread,1,mention
el-natty-combo,nonpalidece,1,bio
el-natty-combo,resistencia-suburbana,1,bio
fernando-nale,fito-paez,1,mention
fernando-nale,guillermo-vadala,1,mention
fernando-nale,soda-stereo,1,mention
fernando-nale,fernando-samalea,1,mention
fernando-nale,suavestar,1,mention
fernando-nale,javier-zuppi,1,mention
fidel-nadal,todos-tus-muertos,2,bio
fidel-nadal,sergio-rotman,1,mention
fidel-nadal,papas-ni-pidamos,1,mention
fidel-nadal,pecadores,1,mention
fidel-nadal,smocking-flamingo,1,mention
fidel-nadal,la-traktora,1,mention
fidel-nadal,mustafa-yoda,1,mention
fidel-nadal,9-menos-cuarto,1,mention
ivan-noble,9891,1,bio
ivan-noble,fito-paez,1,mention
ivan-noble,pol-neiman,1,mention
ivan-noble,juan-mariano-taboada,1,mention
la-napolitana,gady-pampillon,1,mention
la-naranja-2,la-renga,1,bio
la-naranja-2,silvestre-y-la-naranja,1,mention
la-naranja-2,voltage,1,mention
la-nave,la-nave-de-oniro,1,mention
la-nave,la-nave-esta-de-fiesta,1,mention
la-nave,samurai,1,mention
la-nave,vikingo,1,mention
la-nave,vorax,1,mention
la-nave,3o-cielo,1,mention
la-nave-de-carton,las-pelotas,1,mention
la-nave-de-carton,los-ratones-paranoicos,1,mention
la-negra,qacelga,1,mention
la-nevera-de-rogel,nabla,1,mention
litto-nebbia,315,1,bio
litto-nebbia,fito-paez,1,bio
litto-nebbia,los-siete-delfines,1,bio
litto-nebbia,tanguito,1,bio
litto-nebbia,los-nuevos-coleccionistas-de-pasillos,1,bio
litto-nebbia,roque-narvaja,1,bio
litto-nebbia,pastoral,1,bio
litto-nebbia,coti-sorokin,1,bio
litto-nebbia,jose-alberto-iglesias-tanguito,1,bio
litto-nebbia,the-walkers,1,bio
litto-nebbia,lito-vitale,1,bio
litto-nebbia,virus,1,bio
litto-nebbia,andres-ruiz,1,mention
litto-nebbia,esteban-sehinkman,1,mention
litto-nebbia,luciana-tagliapietra,1,mention
litto-nebbia,the-beladies,1,mention
litto-nebbia,viajantes,1,mention
litto-nebbia,pez,1,disco
los-natas,picaporters,1,mention
los-natas,puerto-infinito,1,mention
los-natas,resumen-porteno,1,mention
los-natas,sick-porky,1,mention
los-natas,maxi-trusso,1,mention
los-natas,telexx,1,mention
los-natas,thc,1,mention
los-natas,tiempo-perdido,1,mention
los-natas,23-otonos,1,mention
los-naufragos,pajarito-zaguri,2,bio
los-naufragos,tanguito,1,bio
los-navarros,el-regreso,1,mention
los-navarros,raul-porchetto,1,mention
mi-nave,queridas,1,mention
nacho-ladisa-blues-club,el-subte,1,mention
nacho-y-los-caracoles,11554,1,bio
nacho-y-los-caracoles,9217,1,bio
nadin,coti-sorokin,1,mention
nagoba,pablo-soler,1,mention
nagual,la-renga,1,mention
napalm-dread,resistencia-suburbana,1,mention
naranja-mecanica,1514,1,bio
narcoiris,9856,1,bio
narvales,3108,1,bio
narvales,gustavo-rowek,1,mention
nasta-super-blues,tiempo-perdido,1,mention
nativo,rata-blanca,1,bio
nativo,ciro-pertusi,1,mention
nativo,gustavo-rowek,1,mention
nativo,la-renga,1,mention
nativo,soda-stereo,1,mention
natty-dread,resistencia-reggae,1,mention
navemadre,los-violadores,1,bio
ndi,satan-dealers,1,bio
ndi,2-minutos,1,mention
negusa-negast,12147,1,bio
negusa-negast,12150,1,bio
negusa-negast,negusa-reggae,2,mention
negusa-reggae,12147,1,bio
negusa-reggae,6998,1,bio
nepal,larry-zavala,1,mention
nerdkids,peligrosos-gorriones,1,mention
nerdkids,resistencia-suburbana,1,mention
neuroina,tracy-lord,1,mention
newgarden,patricio-rey-y-sus-redonditos-de-ricota,1,bio
ni-idea,1132,1,bio
ni-idea,el-otro-yo,1,bio
nincognita,la-renga,1,mention
nino-elefante,sue-mon-mont,1,mention
ninos-enfermos,restos-fosiles,1,mention
no-lo-soporto,fernando-samalea,1,mention
no-lo-soporto,los-pericos,1,mention
no-lo-soporto,super-yo,1,mention
no-lo-soporto,telexx,1,mention
no-salgas-con-robots,la-torre,1,mention
no-ser,voluntad-cero,1,mention
no-somos-nada,17411,1,bio
no-somos-nada,salta-la-banca,1,mention
no-tan-distintos,raza-urbana,1,mention
no-tan-distintos,1-segundo-es-demasiado,1,mention
no-te-va-gustar,la-renga,1,bio
no-te-va-gustar,la-vela-puerca,1,bio
no-te-va-gustar,la-zurda,1,bio
no-te-va-gustar,los-pericos,1,bio
no-te-va-gustar,los-piojos,1,bio
no-te-va-gustar,luis-alberto-spinetta,1,bio
no-te-va-gustar,peyote-asesino,1,bio
no-te-va-gustar,ruben-rada,1,bio
no-te-va-gustar,fernando-ruiz-diaz,1,mention
no-te-va-gustar,luciano-supervielle,1,mention
no-te-va-gustar,piter-funk,1,mention
no-te-va-gustar,raza-urbana,1,mention
no-te-va-gustar,socio,1,mention
no-te-va-gustar,la-trampa,1,mention
no-tengo,sutil-stock,1,mention
no-tengo,viejo-puber,1,mention
no-ve-tv,los-tipitos,1,mention
no-zafa-ninguno,los-violadores,1,mention
no-zafa-ninguno,sur-du-monde,1,mention
nohh,reggae-rockers,1,mention
nolbelto,pescado-rabioso,1,bio
nonpalidece,los-pericos,1,bio
nonpalidece,ciro-pertusi,1,mention
nube-9,los-super-ratones,1,bio
nube-9,the-beladies,1,bio
nucleo,santa-rosa,1,mention
nuestra-raza,salta-la-banca,1,mention
nuevas-raices,thc,1,mention
pol-neiman,ariel-prat,1,mention
pol-neiman,los-piojos,1,mention
titin-naves,113-vicios,1,mention
adrian-otero,viejos-lobos,1,bio
adrian-otero,los-rancheros,1,mention
adrian-otero,4-mundos,1,mention
claudio-oconnor,oconnor,2,bio
claudio-oconnor,los-tipitos,1,mention
el-ojo-de-sanchez,56,1,bio
el-ojo-de-sanchez,las-pelotas,1,bio
el-ombligo,los-primos,1,mention
el-otro-yo,victoria-mil,1,bio
el-otro-yo,tan-bionica,1,bio
el-otro-yo,ubika,1,bio
el-otro-yo,volador-g,1,bio
el-otro-yo,she-devils,1,mention
el-otro-yo,sugar-tampaxxx,1,mention
el-otro-yo,richter,1,mention
el-otro-yo,shaila,1,mention
el-otro-yo,somos-jardin,1,mention
el-otro-yo,los-telepatas,1,mention
el-otro-yo,tio-roman,1,mention
el-otro-yo,wdk,1,mention
el-otro-yo,250-centavos,1,mention
guillermo-goy-ogalde,la-pena-pop,1,bio
la-orden,las-papas,1,mention
la-orden,rock-a-la-orden,1,mention
la-otra-cara,2122,1,bio
la-otra-cara,4706,1,bio
la-otra-cara,895,1,bio
la-otra-cara,pescado-rabioso,1,bio
la-otra-cara,juan-subira,1,mention
la-otra-cara,los-perez-garcia,1,mention
la-otra-cara,la-otra-cara-de-la-nada,1,mention
la-otra-cara-de-la-nada,los-tipitos,1,mention
la-otra-cara-de-la-nada,tan-bionica,1,mention
los-ojos,todos-tus-muertos,1,bio
los-ojos,los-ojos-de-clarence,1,mention
los-ojos,luis-alberto-spinetta,1,mention
los-ojos,sur-banda,1,mention
los-ojos,leandro-viernes,1,mention
los-ojos,maria-rosa-yorio,1,mention
mariano-otero,luis-alberto-spinetta,1,mention
mariano-otero,juan-mariano-taboada,1,mention
oconnor,luis-alberto-spinetta,1,bio
oconnor,mate-cocido,1,bio
oconnor,pappo,1,bio
oconnor,patricio-rey-y-sus-redonditos-de-ricota,1,bio
ocaso-2012,los-piojos,1,mention
octafonic,nicolas-sorin,2,bio
octafonic,esteban-sehinkman,1,mention
oisin,soda-stereo,1,bio
ojas,2-minutos,1,mention
ojas,matias-zundel,1,mention
ojo-de-buey,piter-funk,1,mention
oliva,luis-alberto-spinetta,1,mention
oliva,rata-blanca,1,mention
olvide-san-telmo,6310,1,bio
once-tiros,la-vela-puerca,1,mention
once-tiros,vade-retro,1,mention
onda-vaga,fito-paez,1,bio
onda-vaga,nacho-rodriguez,2,"bio,mention"
onda-vaga,satelite-kingston,1,bio
onda-vaga,rosal,1,mention
onnix,el-sur,1,mention
opa,ruben-rada,1,mention
open-24,pescado-rabioso,1,bio
open-your-kantos,martina-vior,1,mention
orbis-tertius,las-pelotas,1,mention
oridios,19574,1,bio
orions-beethoven,luis-alberto-spinetta,1,bio
orions-beethoven,orions,2,bio
orions,sumo,1,bio
orquesta-de-salon,la-perla-irregular,1,mention
orquesta-metafisica,sebastian-volco,2,"bio,mention"
orsaid,fito-paez,1,mention
osiris,fito-paez,1,mention
otra-vez-sopa,8003,1,bio
otra-vez-sopa,los-piojos,1,bio
otra-vez-sopa,la-vela-puerca,1,mention
oveja-negra,vagantes-nocturnos,1,mention
rosario-ortega,23257,1,bio
rosario-ortega,6356,1,bio
rosario-ortega,fernando-samalea,1,mention
rosario-ortega,potra,1,mention
rosario-ortega,maxi-trusso,1,mention
the-otherness,el-reino,1,mention
the-ovnis,nicolas-pauls,1,mention
agustina-paz,los-pericos,1,mention
andrea-prodan,luca-prodan,1,bio
andrea-prodan,roma-pagana,1,bio
andrea-prodan,sumo,1,bio
andrea-prodan,romapagana,1,bio
andrea-prodan,la-simona,1,mention
ariel-prat,lito-vitale,1,mention
ciro-pertusi,la-pandilla-del-punto-muerto,1,mention
ciro-pertusi,los-pericos,1,mention
ciro-pertusi,eduardo-schmidt,1,mention
ciro-pertusi,superuva,1,mention
claudia-puyo,fito-paez,2,"bio,mention"
claudia-puyo,punch,1,bio
claudia-puyo,jorge-senno,1,bio
claudia-puyo,sueter,1,bio
claudia-puyo,la-torre,1,bio
claudia-puyo,los-tipitos,1,bio
claudia-puyo,trapani-anden,1,bio
claudia-puyo,rosas-muertas,1,mention
claudia-puyo,patricia-sosa,1,mention
claudia-puyo,vudu,1,mention
claudio-pedreira,882,1,bio
cris-pulian,sentidos-bs-as,1,mention
daniel-perez,los-sucesores-de-la-bestia,1,mention
daniel-perez,el-regreso-del-coelacanto,1,mention
el-peyote-asesino,santullo,1,bio
el-peyote-asesino,gustavo-santaolalla,1,mention
el-peyote-asesino,luciano-supervielle,1,mention
el-popinauta,los-visitantes,1,mention
el-popinauta,palo-pandolfo,1,mention
fito-paez,ariel-rot,2,bio
fito-paez,guillermo-vadala,2,bio
fito-paez,illya-kuryaki,1,bio
fito-paez,luca-prodan,1,bio
fito-paez,luis-alberto-spinetta,2,bio
fito-paez,seru-giran,1,bio
fito-paez,todos-tus-muertos,2,bio
fito-paez,los-perros,1,bio
fito-paez,palo-pandolfo,1,bio
fito-paez,the-pelos,1,bio
fito-paez,sistematica,1,bio
fito-paez,soda-stereo,1,bio
fito-paez,spinetta-paez,1,bio
fito-paez,la-tregua,1,bio
fito-paez,liliana-vitale,1,bio
fito-paez,virus,1,bio
fito-paez,vox-dei,1,bio
fito-paez,daniel-tuerto-wirzt,1,bio
fito-paez,zona-purpura,1,bio
fito-paez,miguel-zavaleta,1,mention
fito-paez,proceso-a-ricutti,1,mention
fito-paez,pushit,1,mention
fito-paez,rocco-posca,1,mention
fito-paez,rosal,1,mention
fito-paez,sandra-y-celeste,1,mention
fito-paez,tan-bionica,1,mention
fito-paez,jeronimo-verdun,1,mention
fito-paez,sergio-verdinelli,1,mention
fito-paez,viajantes,1,mention
fito-paez,vinilo,1,mention
gady-pampillon,12049,1,bio
gady-pampillon,1283,1,bio
gady-pampillon,1747,1,bio
gady-pampillon,la-torre,2,bio
gady-pampillon,la-rusa,1,mention
gady-pampillon,los-romeos,1,mention
gady-pampillon,luis-robinson,1,mention
gady-pampillon,pappos-blues,1,mention
gady-pampillon,patricia-sosa,1,mention
gady-pampillon,rata-blanca,1,mention
ike-parodi,tocamos-igual-blues-band,1,bio
ike-parodi,vudu,1,bio
jorge-pinchevsky,322,1,bio
jorge-pinchevsky,82,1,bio
jorge-pinchevsky,la-pesada-del-rocanrol,1,bio
jorge-pinchevsky,sui-generis,1,bio
jorge-pinchevsky,la-petrolera-boogie-band,1,bio
juane-pelegrin,talles-espaciales,1,bio
kaled-pan,random-blue,1,mention
la-pala-mecanica,336,1,bio
la-pandilla-del-verano,los-twist,1,mention
la-paranoia-del-barba,2536,1,bio
la-paranoia-del-barba,270,1,bio
la-paranoia-del-barba,451,1,bio
la-parla-de-raviolo,el-triangulo,1,mention
la-paspada,la-renga,1,mention
la-paspada,viejas-locas,1,mention
la-patrulla-espacial,shaman-y-los-hombres-en-llamas,1,mention
la-pecosa-blues-band,la-torre,1,mention
la-peluca,la-peluca-rabiosa,1,mention
la-pena-pop,todos-los-martes,1,mention
la-perla-irregular,guilo-villar,1,mention
la-perra-que-los-pario,las-pastillas-del-abuelo,1,mention
la-perra-que-los-pario,los-pericos,1,mention
la-portuaria,luis-alberto-spinetta,1,bio
la-portuaria,pelvis,1,bio
la-portuaria,proyecto-verona,1,bio
la-portuaria,los-visitantes,1,bio
la-portuaria,el-regreso,1,mention
la-portuaria,maxi-pardo,1,mention
la-portuaria,perro-ciego,1,mention
la-portuaria,ivan-salo,1,mention
la-portuaria,la-todo-mal-orquesta,1,mention
la-portuaria,leandro-viernes,1,mention
la-posta,la-renga,1,mention
la-posta,tienda-de-rarezas,1,mention
la-posta,vuelta-en-falso,1,mention
la-propina,11151,1,bio
las-pastillas-del-abuelo,las-pelotas,1,bio
las-pastillas-del-abuelo,los-piojos,1,mention
las-pastillas-del-abuelo,ivan-salo,1,mention
las-pastillas-del-abuelo,surrebire,1,mention
las-pastillas-del-abuelo,la-todo-mal-orquesta,1,mention
las-pastillas-del-abuelo,tango-party,1,mention
las-pastillas-del-abuelo,el-viejo-puber,1,mention
las-pastillas-del-abuelo,viejo-paranoico,1,mention
las-pelotas,la-renga,2,"bio,mention"
las-pelotas,los-piojos,2,bio
las-pelotas,luca-prodan,1,bio
las-pelotas,todos-tus-muertos,2,bio
las-pelotas,salvese-quien-pueda,1,bio
las-pelotas,somnaluba,1,bio
las-pelotas,sumo,1,bio
las-pelotas,superlasciva,1,bio
las-pelotas,the-keruza,1,bio
las-pelotas,tia-newton,1,bio
las-pelotas,el-vuelto-s-a,1,bio
las-pelotas,fernando-ruiz-diaz,1,mention
las-pelotas,ruben-rada,1,mention
las-pelotas,los-platillos-voladores,1,mention
las-pelotas,maxi-pardo,1,mention
las-pelotas,paliza,1,mention
las-pelotas,patagonia-revelde,1,mention
las-pelotas,perro-ciego,1,mention
las-pelotas,polmilanga,1,mention
las-pelotas,ricardo-pegnotti,1,mention
las-pelotas,ivan-salo,1,mention
las-pelotas,la-simona,1,mention
las-pelotas,salta-la-banca,1,mention
las-pelotas,superextra,1,mention
las-pelotas,la-tapera,1,mention
las-pelotas,todo-aparenta-normal,1,mention
las-pelotas,trazo-fino,1,mention
las-pelotas,vetamadre,1,mention
las-plantas-no-pecan,los-padrinos,1,mention
las-plantas-no-pecan,martin-rivero,1,mention
las-plantas-no-pecan,piquete-de-ojos,1,mention
los-perdedores-pop,el-sur,1,mention
los-pericos,89,1,bio
los-pericos,luca-prodan,1,bio
los-pericos,paris,1,bio
los-pericos,el-signo,1,bio
los-pericos,los-super-ratones,1,bio
los-pericos,sumo,1,bio
los-pericos,la-zimbabwe,1,bio
los-pericos,2-minutos,1,bio
los-pericos,parientes,1,mention
los-pericos,perro-ciego,1,mention
los-pericos,ser,1,mention
los-pericos,sig-ragga,1,mention
los-pericos,los-tekis,1,mention
los-perros,pappos-blues,1,bio
los-perros,rey-sonambulo,1,mention
los-perros,rosas-muertas,1,mention
los-pick-ups,sin-luz,1,mention
los-pinguinos,698,1,bio
los-pinguinos,8473,1,bio
los-pinguinos,maria-rosa-yorio,1,bio
los-piojos,el-vuelo-de-la-grulla,2,"bio,mention"
los-piojos,la-que-faltaba,2,bio
los-piojos,patricio-rey-y-sus-redonditos-de-ricota,1,bio
los-piojos,revelados,1,bio
los-piojos,pappo,1,bio
los-piojos,la-renga,2,"bio,mention"
los-piojos,todos-tus-muertos,1,bio
los-piojos,viejas-locas,1,mention
los-piojos,perro-ciego,1,mention
los-piojos,rutas-lejanas,1,mention
los-piojos,los-super-ratones,1,mention
los-piojos,sera-panico,1,mention
los-piojos,sonadores,1,mention
los-piojos,tren-fantama,1,mention
los-piojos,los-umbanda,1,mention
los-planos,andres-ruiz,1,mention
los-planos,valle-de-munecas,1,mention
los-pulgones,los-ratones-paranoicos,1,bio
luca-prodan,sumo,2,bio
luca-prodan,virus,1,bio
lucy-patane,las-taradas,2,bio
lucy-patane-2,25080,1,bio
lucy-patane-2,el-tronador,1,mention
mariana-paraway,el-sotano,1,mention
mi-paracaidas,25903,1,bio
michel-peyronel,riff,1,bio
michel-peyronel,tarzen,1,bio
michel-peyronel,los-violadores,1,bio
michel-peyronel,virus,1,bio
michel-peyronel,pappo,1,mention
michel-peyronel,pier,1,mention
michel-peyronel,placer,1,mention
michel-peyronel,los-tabaleros,1,mention
michel-peyronel,los-tipitos,1,mention
milhouse-palacios,13733,1,bio
nahuel-piscitelli,22353,1,bio
nicolas-pauls,la-terminal,2,"bio,mention"
nicolas-pauls,4to-espacio,2,"bio,mention"
nicolas-pauls,los-tekis,1,mention
pachuco-cadaver,327,1,bio
pachuco-cadaver,roberto-pettinato,1,bio
pachuco-cadaver,sumo,1,bio
pacifico,1684,1,bio
pacifico,hector-starc,1,mention
padre,palo-pandolfo,1,mention
paisajes-tragicos,titan-flor,1,mention
pajarito-zaguri,la-barra-del-chocolate,1,bio
pajarito-zaguri,la-blues-banda,1,bio
pajarito-zaguri,pappo,1,bio
pajarito-zaguri,piel-de-pueblo,1,bio
pajarito-zaguri,tunante-bellaco,1,mention
pajaro-de-fuego,esteban-sehinkman,2,mention
pajaro-inflamable,luis-alberto-spinetta,1,mention
pajaros-de-plomo,romulo-y-remo,1,mention
paliza,6240,1,bio
paliza,los-ratones-paranoicos,1,mention
paliza,resistencia-suburbana,1,mention
palo-pandolfo,los-visitantes,2,bio
palo-pandolfo,juan-subira,2,mention
palo-pandolfo,los-super-ratones,1,mention
palo-pandolfo,los-tipitos,1,mention
palo-pandolfo,pequena-orquesta-reincidentes,1,mention
palo-pandolfo,rosal,1,mention
palo-pandolfo,rosas-muertas,1,mention
pampa-yakuza,los-tipitos,1,bio
pampa-yakuza,salta-la-banca,1,mention
pampas-electricas,los-siete-delfines,1,bio
panico-ramirez,los-siete-delfines,1,bio
papas-ni-pidamos,todos-tus-muertos,1,mention
pappo,la-pesada-del-rock-and-roll,1,bio
pappo,la-renga,1,bio
pappo,pappos-blues,2,bio
pappo,patricio-rey-y-sus-redonditos-de-ricota,1,bio
pappo,riff,2,bio
pappo,viejas-locas,2,bio
pappo,vitico,2,bio
pappo,pier,1,bio
pappo,polifemo,1,bio
pappo,los-ratones-paranoicos,1,bio
pappo,luis-robinson,2,"bio,mention"
pappo,jose-alberto-iglesias-tanguito,1,bio
pappo,las-vacas-sagradas,1,bio
pappo,v8,1,bio
pappos-blues,carlos-machi-rufino,1,bio
pappos-blues,riff,2,bio
pappos-blues,los-robertones,1,bio
pappos-blues,la-trifulca,1,bio
pappos-blues,the-walkers,1,bio
pappos-blues,vitico,1,bio
pappos-blues,luis-robinson,1,mention
pappos-blues,rcm,1,mention
pappos-blues,rockmotor,1,mention
pappos-blues,la-surena-blues-band,1,mention
pappos-blues,luis-valenti,1,mention
paranoia,rapaz,1,bio
paranoia,volta,1,bio
pario-la-choca,vikingos,1,mention
paris-1980,juan-ravioli,1,mention
paso-cebra,3871,1,bio
paso-cebra,vuelo-zero,1,bio
pastoral,seru-giran,2,bio
pastoral,sui-generis,1,bio
pastoral,soluna,1,bio
patagonia-revelde,113-vicios,1,mention
patricio-rey-y-sus-redonditos-de-ricota,lito-vitale,1,bio
patricio-rey-y-sus-redonditos-de-ricota,pier,1,bio
patricio-rey-y-sus-redonditos-de-ricota,el-soldado,1,bio
patricio-rey-y-sus-redonditos-de-ricota,jorge-senno,1,bio
patricio-rey-y-sus-redonditos-de-ricota,la-saga-de-sayweke,1,bio
patricio-rey-y-sus-redonditos-de-ricota,sumo,1,bio
patricio-rey-y-sus-redonditos-de-ricota,superlogico,1,bio
patricio-rey-y-sus-redonditos-de-ricota,tan-bionica,1,bio
patricio-rey-y-sus-redonditos-de-ricota,polmilanga,1,mention
patricio-rey-y-sus-redonditos-de-ricota,rey-sonambulo,1,mention
patrick-steve-and-the-baileys,patrick-steve,1,mention
pecadores,2-minutos,1,mention
pecadores,tren-loco,1,mention
pecera,federico-wiske,1,mention
pedro-y-pablo,punch,2,bio
pedro-y-pablo,la-sangre,1,bio
pedro-y-pablo,ratola,1,mention
pegaso,los-tipitos,1,mention
peligrosos-gorriones,pop3,1,bio
peligrosos-gorriones,sistematica,1,bio
peligrosos-gorriones,soda-stereo,1,bio
peligrosos-gorriones,te-traje-flores,1,bio
peligrosos-gorriones,titan-flor,1,bio
peligrosos-gorriones,the-plasticos,1,mention
pelvis,150,1,bio
pelvis,hector-starc,1,bio
pelvis,los-violadores,1,bio
pelvis,v8,1,bio
pelvis,virus,1,bio
perras-on-the-beach,simon-poxyran,2,mention
perras-on-the-beach,usted-senalemelo,1,mention
perro-ciego,166,1,bio
perro-ciego,418,1,bio
perro-ciego,los-ratones-paranoicos,1,mention
pescado-rabioso,luis-alberto-spinetta,2,bio
pescado-rabioso,picaporters,1,bio
pescado-rabioso,los-robertones,1,bio
pescado-rabioso,luis-robinson,1,bio
pescado-rabioso,jorge-senno,1,bio
pescado-rabioso,los-siete-delfines,1,bio
pescado-rabioso,septima-ola,1,bio
pescado-rabioso,soda-stereo,1,bio
pescado-rabioso,jose-alberto-iglesias-tanguito,1,bio
pescado-rabioso,tristemente-celebres,1,bio
pescado-rabioso,la-window,1,bio
pescado-rabioso,la-resaca-bohemia,1,mention
pescado-rabioso,superextra,1,mention
pescado-rabioso,the-beladies,1,mention
pez,ariel-minimal-sanzo,1,bio
pez,franco-salvador,2,bio
pez,jua-ravioli,1,bio
pez,juan-ravioli,1,bio
pezones-cardozo,sin-futuro,1,mention
pezones-cardozo,tony-70,1,mention
pictus,36,1,bio
pictus,37,1,bio
pictus,zas,1,bio
pictus,ricardo-pegnotti,1,mention
pier,gustavo-rowek,1,mention
pil-trafa,los-violadores,2,bio
pil-trafa,pilsen,2,bio
pil-trafa,pil-y-los-violadores-de-la-ley,1,bio
pil-trafa,stukapil,1,mention
pil-y-los-violadores-de-la-ley,pilsen,1,bio
pil-y-los-violadores-de-la-ley,los-violadores,1,mention
pilsen,los-violadores,2,bio
pipas-rhum,2103,1,bio
pipas-rhum,la-torre,1,mention
piquete-de-ojos,running-potatoes,1,mention
piquete-de-ojos,todos-tus-muertos,1,mention
piter-funk,el-sotano,1,mention
pixel,soplo-el-fantasma,1,mention
placard,18136,1,bio
placer,victoria-mil,1,mention
plan-4,3233,1,bio
plan-4,raiz,1,bio
plan-v,soda-stereo,1,bio
plus,rata-blanca,1,bio
plus,riff,2,bio
polaris,1131,1,bio
polaris,209,1,bio
polaris,los-ratones-paranoicos,1,bio
polaris,los-siete-delfines,1,bio
polaroid,6472,1,bio
polifemo,rinaldo-rafanelli,2,bio
polifemo,sui-generis,1,bio
polifemo,seleste,1,bio
polmilanga,12-monos,1,mention
porco,7657,1,bio
porsuigieco,maria-rosa-yorio,2,bio
porsuigieco,raul-porchetto,2,bio
porsuigieco,sui-generis,1,bio
portico,los-visitantes,1,mention
poseidotica,martin-rodriguez,1,mention
postal-a-noruega,yang,1,bio
presa-del-odio,proyecto-verona,1,mention
prietto-viaja-al-cosmos-con-mariano,shaman-y-los-hombres-en-llamas,1,mention
princesa,dani-umpi,1,mention
principiantes,andres-ruiz,1,mention
prostitutos,tan-bionica,1,mention
proyecto-aphostol,2880,1,bio
proyecto-aphostol,5178,1,bio
proyecto-aphostol,sur-oculto,1,mention
proyecto-infinito,hector-starc,1,mention
proyecto-infinito,lito-vitale,1,mention
proyecto-verona,375,1,bio
proyecto-verona,pablo-sbaraglia,1,bio
proyecto-verona,juan-ravioli,1,mention
psicotraccion,405,1,bio
psicotraccion,6569,1,bio
puente-celeste,puerto-infinito,1,mention
puerta-3,4496,1,bio
pulpo-negro,21-gramos,1,mention
purasangre,rata-blanca,1,mention
purple-house,dante-spinetta,1,mention
purple-house,las-sombras,1,mention
purple-house,soda-stereo,1,mention
pyramides,23478,1,bio
pyramides,temporada-de-tormentas,1,mention
raul-porchetto,seru-giran,2,bio
raul-porchetto,sui-generis,1,bio
raul-porchetto,virus,1,bio
raul-porchetto,vox-dei,1,bio
ricardo-pegnotti,zas,1,bio
roberto-pettinato,2173,1,bio
roberto-pettinato,2469,1,bio
roberto-pettinato,sumo,2,bio
the-pelos,11395,1,bio
the-pelos,23884,1,bio
the-pocamadre,luis-robinson,1,mention
la-que-faltaba,2461,1,bio
la-quimera,los-ratones-paranoicos,1,mention
los-que-nunca-dejaron,1142,1,bio
los-que-nunca-dejaron,gustavo-rowek,1,mention
los-que-nunca-dejaron,juan-subira,1,mention
los-que-nunca-dejaron,rata-blanca,1,mention
qacelga,la-renga,1,mention
quedate-asi,880,1,bio
quedate-asi,esteban-pichu-serniotti,1,mention
quedate-asi,nicolas-sorin,1,mention
quemar,fernando-scarcella,1,bio
queridas,21897,1,bio
quienes-somos,the-johns,1,mention
quiero-vale-3,quiero-vale-3-2,1,mention
andres-ruiz,luis-alberto-spinetta,1,mention
andres-ruiz,viva-elastico,1,mention
antonio-tano-romano,266,1,bio
antonio-tano-romano,407,1,bio
antonio-tano-romano,razones-concientes,1,mention
ariel-rot,los-rodriguez,2,bio
barbi-recanati,utopians,1,bio
cristobal-repetto,gustavo-santaolalla,1,mention
cristobal-repetto,juan-subira,1,mention
cristobal-repetto,la-vela-puerca,1,mention
cristobal-repetto,laura-ros,1,mention
cristobal-repetto,liliana-vitale,1,mention
cristobal-repetto,los-twist,1,mention
cristobal-repetto,luciano-supervielle,1,mention
daniel-rodrigues,1959,1,bio
eduardo-rogatti,692,1,bio
eduardo-rogatti,sueter,1,bio
eduardo-rogatti,rcm,1,mention
el-regreso,el-regreso-del-coelacanto,1,mention
el-regreso,raices,1,mention
el-regreso,tan-bionica,1,mention
el-regreso,victoria-mil,1,mention
el-regreso,viejas-locas,1,mention
el-regreso,manuel-wirzt,1,mention
el-reino,rudy,1,mention
el-reino,rata-blanca,1,mention
el-reloj,luis-valenti,2,mention
el-reloj,patricia-sosa,1,mention
el-reloj,3o-cielo,1,mention
el-rey-yo,el-sitio,1,mention
el-rio-sabe,234,1,bio
fernando-ruiz-diaz,sick-porky,1,mention
fernando-ruiz-diaz,steinein,1,mention
fernando-ruiz-diaz,zumbadores,1,mention
florencia-ruiz,12837,1,bio
florencia-ruiz,1439,1,bio
florencia-ruiz,senorita-carolina,1,mention
giuliano-romagnoli,13784,1,bio
giuliano-romagnoli,21878,1,bio
gustavo-rowek,1137,1,bio
gustavo-rowek,264,1,bio
gustavo-rowek,rata-blanca,2,bio
gustavo-rowek,v8,2,bio
gustavo-rowek,rotor,1,mention
gustavo-rowek,rowek,1,mention
gustavo-rowek,viticus,1,mention
juan-ravioli,13729,1,bio
juan-ravioli,franco-salvador,2,mention
la-rayada,gustavo-santaolalla,1,mention
la-renga,santuca,1,bio
la-renga,todos-tus-muertos,2,"bio,mention"
la-renga,los-violadores,1,bio
la-renga,viejas-locas,1,bio
la-renga,renacer,1,mention
la-renga,santa-esquina,1,mention
la-renga,sonadores,1,mention
la-renga,sucio-dengue,1,mention
la-renga,za-za,1,mention
la-renga,la-22,1,mention
la-resistencia,santa-esquina,1,mention
la-rimanblu,rinaldo-rafanelli,1,bio
la-rocka,la-surena-blues-band,1,mention
la-rollinga,serez,1,mention
la-rusa,la-surena-blues-band,1,mention
leandro-rostein,leo-sujatovich,1,mention
leandro-rostein,luna-sujatovich,1,mention
los-rancheros,los-tekis,1,mention
los-rancheros,los-tipitos,1,mention
los-rancheros,yanimer,1,mention
los-ratones-paranoicos,la-torre,1,bio
los-ratones-paranoicos,los-violadores,1,bio
los-ratones-paranoicos,luis-alberto-spinetta,1,bio
los-ratones-paranoicos,v8,1,bio
los-ratones-paranoicos,soda-stereo,1,bio
los-ratones-paranoicos,turf,1,bio
los-ratones-paranoicos,vagantes-nocturnos,1,bio
los-ratones-paranoicos,sur-du-monde,1,mention
los-ratones-paranoicos,9-menos-cuarto,1,mention
los-robertones,la-pesada-del-rocanrol,1,bio
los-romeos,409,1,bio
los-romeos,86,1,bio
los-romeos,pablo-sbaraglia,2,"bio,mention"
luis-robinson,5968,1,bio
luis-robinson,rcm,1,mention
luis-robinson,vikingos,1,mention
luis-robinson,la-66,1,mention
marcelo-roascio,535,1,bio
nacho-rodriguez,11554,1,bio
rcm,2821,1,bio
rcm,hector-starc,1,mention
rcm,ricardo-soule,1,mention
rada-malosetti,ruben-rada,1,bio
radical-radio,superuva,1,bio
radical-radio,zona-84,1,mention
raices,beto-satragni,2,bio
raices,seru-giran,1,bio
raices,leo-sujatovich,1,mention
raivan-perez,soda-stereo,1,mention
raiz,1710,1,bio
raiz,264,1,bio
raizarbol,jeronimo-verdun,1,mention
ram-venus,209,1,bio
ranas-toro,rata-blanca,1,mention
rapaz,12937,1,bio
rata-blanca,fernando-scarcella,2,bio
rata-blanca,rotor,1,mention
rata-blanca,rowek,1,mention
reggae-rockers,3225,1,bio
reina-venus,los-tipitos,1,mention
rekonfundidos,2-minutos,1,mention
rekonfundidos,sin-ley,1,mention
rendo,9240,1,bio
reno-y-los-castores-cosmicos,todos-los-rayos,1,mention
resistencia-chaco,tonolec,1,mention
resistencia-reggae,18985,1,bio
resistencia-reggae,6240,1,bio
resistencia-reggae,resistencia-suburbana,1,mention
resistencia-suburbana,resistencia,1,bio
resistencia-suburbana,rockeros-y-borregos,1,mention
resistencia-suburbana,rondamon,1,mention
resistencia-suburbana,sin-semilla,1,mention
resistencia-suburbana,tren-fantama,1,mention
resonantes,tia-newton,1,mention
restos-fosiles,1132,1,bio
restos-fosiles,1710,1,bio
resumen-porteno,los-tipitos,1,mention
resumen-porteno,luis-alberto-spinetta,1,mention
resumen-porteno,spinetta-jade,1,mention
retorno-cero,soda-stereo,1,mention
revolucion-paraiso,soda-stereo,1,mention
rey-momo,7656,1,bio
rey-momo,santa-rosa,1,mention
rey-momo,sindicato-argentino-del-hip-hop,1,mention
rey-momo,visigodos,1,mention
rey-por-un-dia,patricia-sosa,1,mention
rey-sonambulo,el-soldado,1,mention
riesgo-mondiola,tifosis-del-rey,1,mention
riff,los-violadores,2,bio
riff,vitico,2,bio
riff,sumo,1,bio
riff,tarzen,1,bio
riff,las-vacas-sagradas,1,bio
riff,v8,1,bio
riff,viticus,1,bio
rimanbloom,rinaldo-rafanelli,1,bio
rinaldo-rafanelli,luis-alberto-spinetta,1,bio
rinaldo-rafanelli,seleste,1,bio
rinaldo-rafanelli,sui-generis,1,bio
rinaldo-rafanelli,vade-retro,1,mention
rispico,turf,1,bio
ritmika,ariel-tenenbaum,1,mention
rockeros-y-borregos,sexto-sentido,1,mention
romulo-y-remo,10024,1,bio
rondamon,el-sur,1,mention
rosal,fernando-samalea,1,mention
rosas-muertas,la-tregua,1,mention
rosas-muertas,viejas-locas,1,mention
rottten,los-violadores,1,mention
rouge,300,1,bio
rouge,viuda-e-hijas-de-roque-enroll,1,mention
ruben-rada,13072,1,bio
ruben-rada,totem,1,bio
ruben-rada,beto-satragni,1,mention
sebastian-rubin,6463,1,bio
sergio-rotman,el-siempreterno,2,"bio,mention"
sergio-rotman,los-sedantes,2,"bio,mention"
abril-sosa,superfluo,1,mention
alejandro-schanzenbach,schanzenbach,1,mention
alejandro-schanzenbach,la-tolva,1,mention
bautista-santos,los-tipitos,1,mention
ber-stinco,vilma-palma-e-vampiros,1,mention
beto-satragni,spinetta-jade,2,bio
beto-satragni,luis-alberto-spinetta,1,bio
beto-satragni,el-60,1,bio
cachin-selis,8317,1,bio
cachin-selis,sr-valdez,1,mention
coti-sorokin,3108,1,bio
coti-sorokin,448,1,bio
coti-sorokin,5702,1,bio
coti-sorokin,diego-torres,1,mention
coti-sorokin,tan-bionica,1,mention
daniel-sacroisky,12217,1,bio
dante-spinetta,812,1,bio
dante-spinetta,illya-kuryaki-and-the-valderramas,1,bio
dante-spinetta,luis-alberto-spinetta,1,bio
dante-spinetta,sergio-verdinelli,1,mention
eduardo-schmidt,semilla,1,mention
el-soldado,la-simona,1,mention
el-sotano,under-my-feet,1,mention
el-sur,subzero,1,mention
el-sur,la-turca,1,mention
el-sur,ut-ut-ut,1,mention
esteban-pichu-serniotti,soda-stereo,1,mention
esteban-pichu-serniotti,super-yo,1,mention
esteban-pichu-serniotti,zaiph,1,mention
evelina-sanzo,las-taradas,1,mention
felipe-staiti,santo-tabu,1,mention
felipe-staiti,ultramandaco,1,mention
felix-sisti-ripoll,107-faunos,1,bio
fernando-samalea,hal9000,1,bio
fernando-samalea,illya-kuryaki-and-the-valderramas,1,bio
fernando-samalea,samalea-kabusacki,1,bio
fernando-samalea,vertigo-colectivo,1,bio
fernando-samalea,siga-la-flecha,1,mention
fernando-samalea,sebastian-volco,1,mention
fernando-samalea,zelen,1,mention
gustavo-santaolalla,10700,1,bio
gustavo-santaolalla,117,1,bio
gustavo-santaolalla,177,1,bio
gustavo-santaolalla,200,1,bio
gustavo-santaolalla,278,1,bio
gustavo-santaolalla,283,1,bio
gustavo-santaolalla,389,1,bio
gustavo-santaolalla,401,1,bio
gustavo-santaolalla,8797,1,bio
gustavo-santaolalla,90,1,bio
gustavo-santaolalla,santullo,1,bio
gustavo-santaolalla,semilla,1,bio
gustavo-santaolalla,soluna,1,bio
gustavo-santaolalla,terraplen,1,bio
gustavo-santaolalla,la-vela-puerca,1,bio
gustavo-santaolalla,wet-pic-nic,2,"bio,mention"
gustavo-santaolalla,luciano-supervielle,2,mention
gustavo-santaolalla,la-zurda,1,mention
hector-starc,el-60,1,mention
ivan-salo,lito-vitale,1,mention
ivan-salo,los-tipitos,1,mention
javier-sisti-ripoll,107-faunos,1,bio
jorge-senno,sandra-vazquez,1,mention
jorge-serrano,ser,1,mention
jorge-serrano,sponsors,1,mention
jorge-serrano,viajantes,1,mention
juan-stewart,valle-de-munecas,1,mention
juan-stewart,viva-marte,1,mention
juan-subira,via-varela,1,mention
julieta-sabanes,1892,1,bio
la-saga,vertigo-colectivo,1,mention
la-saga-de-sayweke,vertigo-colectivo,1,bio
la-secta,virus,1,bio
la-secta,1000-watts,1,mention
la-senda-del-kaos,turu-saez,1,mention
la-sobrecarga,soda-stereo,1,bio
la-sobrecarga,todos-tus-muertos,1,bio
la-sobrecarga,virus,1,bio
la-sonora-de-bruno-alberto,daniel-tuerto-wirzt,2,"bio,mention"
la-sonora-del-plata,mex-urtizberea,1,mention
la-suburbana,tres-extranos,1,mention
las-sombras,santa-rosa,1,mention
leo-sujatovich,spinetta-jade,1,mention
leo-sujatovich,tantor,1,mention
leo-sujatovich,guillermo-vadala,1,mention
los-senores,la-vela-puerca,1,mention
los-senores,los-senores-hyde,1,mention
los-senores,13h,1,mention
los-senores-hyde,303,1,bio
los-shakers,sandro,1,bio
los-siete-delfines,luis-alberto-spinetta,1,bio
los-siete-delfines,soda-stereo,1,bio
los-siete-delfines,todos-tus-muertos,1,bio
los-sucesores-de-la-bestia,dani-perez,1,bio
los-super-ratones,2414,1,bio
los-super-ratones,septima-ola,1,bio
los-super-ratones,sister-psicosis,1,mention
lucas-sedler,luis-salinas,1,mention
luciano-supervielle,la-vela-puerca,1,mention
luis-alberto-spinetta,carlos-machi-rufino,1,bio
luis-alberto-spinetta,spinetta-jade,2,bio
luis-alberto-spinetta,valentino-spinetta,1,bio
luis-alberto-spinetta,sebastian-salvador,1,bio
luis-alberto-spinetta,seleste,1,bio
luis-alberto-spinetta,seru-giran,1,bio
luis-alberto-spinetta,soda-stereo,1,bio
luis-alberto-spinetta,spinetta-paez,1,bio
luis-alberto-spinetta,liliana-vitale,1,bio
luis-alberto-spinetta,virus,1,bio
luis-alberto-spinetta,vox-dei,1,bio
luis-alberto-spinetta,daniel-tuerto-wirzt,1,bio
luis-alberto-spinetta,marcelo-torres,2,mention
luis-alberto-spinetta,sophie-sobral-y-factor-paracaidas,1,mention
luis-alberto-spinetta,sortie,1,mention
luis-alberto-spinetta,superextra,1,mention
luis-alberto-spinetta,sur,1,mention
luis-alberto-spinetta,tan-bionica,1,mention
luis-alberto-spinetta,jeronimo-verdun,1,mention
luis-alberto-spinetta,sergio-verdinelli,1,mention
luis-alberto-spinetta,vento,1,mention
luis-alberto-spinetta,andres-zamorano,1,mention
luis-alberto-spinetta,ze-pequenho,1,mention
luis-alberto-spinetta,zumbadores,1,mention
nicolas-sorin,la-fernandez-4,1,bio
pablo-sbaraglia,8529,1,bio
patricia-sosa,la-torre,2,bio
patricia-sosa,virus,1,bio
ricardo-soule,vox-dei,2,bio
sopa,la-zurda,1,mention
salta-la-banca,24432,1,bio
salta-la-banca,la-vela-puerca,1,mention
salta-la-banca,suruba,1,mention
salvese-quien-pueda,17411,1,bio
salvia,23128,1,bio
sanador,15749,1,bio
sanador,24141,1,bio
sanandino,la-zimbabwe,1,mention
sancamaleon,soda-stereo,1,bio
sanchez-no-te-enganches,tucson,1,mention
sandro,139,1,bio
santa,2112,1,bio
santa,377,1,bio
santa-rosa,ultramandaco,1,mention
santa-rosa,visigodos,1,mention
santamusic,413,1,bio
santos-inocentes,soda-stereo,1,bio
santos-inocentes,snake,1,mention
santullo,peyote-asesino,1,bio
satelite-kingston,smocking-flamingo,1,mention
satelite-kingston,thc,1,mention
sayon,266,1,bio
sayon,351,1,bio
se-va-el-camello,410,1,bio
sebastian-salvador,2950,1,bio
sebastian-salvador,sr-lopez,1,mention
sebastian-schon,ismael-torres,1,mention
segba,3462,1,bio
segba,4515,1,bio
segundo-juan,los-vandalos,1,mention
segundo-nova,368,1,bio
seleste,seru-giran,1,bio
sendero-luminoso,4225,1,bio
senorita-carolina,sofia-viola,1,mention
sentidos-bs-as,la-unica-ruta,1,mention
septima-ola,169,1,bio
septima-ola,208,1,bio
septima-ola,2414,1,bio
ser,soda-stereo,1,mention
ser,todos-tus-muertos,1,mention
serpentor,2204,1,bio
serpentor,264,1,bio
serpentor,296,1,bio
seru-giran,spinetta-jade,2,bio
seru-giran,sui-generis,2,bio
seru-giran,soda-stereo,1,bio
seru-giran,los-violadores,1,bio
seru-giran,virus,1,bio
sexydance,dani-umpi,1,mention
shaila,totus-toss,1,mention
shaman-y-los-hombres-en-llamas,21848,1,bio
shaman-y-los-hombres-en-llamas,7979,1,bio
shaman-y-los-hombres-en-llamas,shaman-y-los-pilares-de-la-creacion,1,mention
shaman-y-los-pilares-de-la-creacion,11897,1,bio
shambala,yicos,1,bio
she-devils,trujaman,1,mention
she-devils,utopians,1,mention
sherman-y-los-crocantes,sherman,1,bio
shh,los-visitantes,1,bio
shoot-the-radio,12076,1,bio
sick-porky,21-gramos,1,mention
sidernova,diego-torres,1,mention
sig-ragga,diego-torres,1,mention
sig-ragga,soda-stereo,1,mention
sikarios,el-ajenjo-rosario,1,bio
simbiosis-2,266,1,bio
simon-basta,11032,1,bio
simon-basta,19574,1,bio
simon-basta,lito-vitale,1,mention
sin-ley,triple-cero,1,mention
sin-nombre,1000-watts,1,mention
sistematica,7979,1,bio
smitten,1132,1,bio
smitten,405,1,bio
smitten,7920,1,bio
smitten,los-tipitos,1,bio
so-abra,lito-vitale,1,mention
socio,11465,1,bio
socio,no-ta-va-gustar,1,bio
soda-stereo,294,1,bio
soda-stereo,957,1,bio
soda-stereo,charly-alberti,1,bio
soda-stereo,sumo,1,bio
soda-stereo,virus,1,bio
soda-stereo,summerhouse,1,mention
soda-stereo,los-telepatas,1,mention
soda-stereo,unisono,1,mention
sonic-revolt,4466,1,bio
speranthas,tren-loco,1,mention
spinetta-jade,electrica-rioplatense,1,bio
spinetta-jade,sui-generis,1,bio
spinetta-jade,los-violadores,1,bio
spinetta-paez,daniel-tuerto-wirzt,1,bio
sponsors,134,1,bio
sponsors,turf,1,bio
spooks,2536,1,bio
sr-valdez,3233,1,bio
sr-valdez,4047,1,bio
sr-valdez,428,1,bio
sr-valdez,todos-tus-muertos,1,bio
steinein,la-zimbabwe,1,mention
steinein,los-violadores,1,mention
steinein,stukas-en-vuelo,1,mention
stukapil,los-violadores,2,bio
stuka,15766,1,bio
stuka,392,1,bio
stuka,los-violadores,2,bio
stukas-en-vuelo,los-violadores,2,bio
sueter,miguel-zavaleta,2,bio
sui-generis,la-trifasica,1,bio
sui-generis,los-tipitos,1,bio
sui-generis,vox-dei,1,bio
sui-generis,maria-rosa-yorio,1,bio
sui-generis,zas,1,bio
suite-19,1891,1,bio
suite-19,5171,1,bio
sujetos,vox-dei,1,mention
summerhouse,victoria-mil,1,mention
sumo,diego-torres,1,bio
sumo,los-violadores,1,bio
sumo,tia-newton,1,bio
sumo,el-vuelto-s-a,1,bio
super-yo,super-yo-yo,1,mention
supercheria,4173,1,bio
supercheria,utopians,1,bio
superuva,2-minutos,1,mention
sur-banda,victoria-y-los-del-sur,1,mention
sur-du-monde,303,1,bio
sur-du-monde,los-tipitos,1,mention
surfistas-del-sistema,los-violadores,1,mention
turu-saez,tristemente-celebres,1,mention
el-triangulo,21-gramos,1,mention
facu-tobogan,tobogan-andaluz,1,bio
facu-tobogan,tobogan-andaluz-2,1,mention
jose-alberto-iglesias-tanguito,1319,1,bio
jose-alberto-iglesias-tanguito,150,1,bio
jose-alberto-iglesias-tanguito,los-seasons,1,bio
jose-alberto-iglesias-tanguito,pick-ups,1,bio
jose-alberto-iglesias-tanguito,sandro-y-los-de-fuego,1,bio
jose-alberto-iglesias-tanguito,vox-dei,1,bio
la-tanguera-violenta,zombienpraga,1,mention
la-torre,manuel-wirtz,1,bio
la-torre,via-varela,1,bio
la-torre,manuel-wirzt,1,bio
la-trampa,no-ta-va-gustar,1,bio
la-trifasica,219,1,bio
la-trifasica,374,1,bio
los-tipitos,tres-extranos,1,mention
los-tipitos,vento,1,mention
los-tipitos,volcadores,1,mention
los-tremendos,22139,1,bio
los-twist,virus,1,bio
los-twist,viuda-e-hijas-de-roque-enroll,1,bio
marcelo-torres,lito-vitale,2,mention
marcelo-torres,tantor,1,mention
marcelo-torres,ultimo-deseo,1,mention
marcelo-torres,daniel-tuerto-wirzt,1,mention
tabule,227,1,bio
tamboor,8874,1,bio
tan-bionica,bambi,1,bio
tan-bionica,chano,1,bio
tanghetto,12978,1,bio
tantor,1684,1,bio
tantor,lito-vitale,1,bio
tarzen,gady-pampillion,1,bio
tarzen,los-violadores,1,bio
tercer-modulo-ska,2-minutos,1,mention
terrapio,2536,1,bio
terribles-enfants,320,1,bio
the-falcons,the-hojas-secas,1,mention
the-keruza,6723,1,bio
the-keruza,lito-vitale,1,bio
the-rollands,3749,1,bio
the-seasons,1319,1,bio
tiempo-perdido,virus,1,mention
tia-newton,228,1,bio
tobogan-andaluz,tobogan-andaluz-2,1,mention
toboganes-a-marte,martin-van,1,mention
tototomas,11554,1,bio
trapani-anden,1050,1,bio
tren-loco,vorax,1,mention
trujaman,10505,1,bio
tunante-bellaco,vox-dei,1,mention
la-unica-ruta,vox-dei,1,mention
mex-urtizberea,andres-ciro,1,bio
mex-urtizberea,lito-vitale,1,mention
usted-senalemelo,juan-saieg,1,bio
utah,winona-riders,1,mention
el-viejo-puber,viejo-puber,1,mention
el-vuelto-s-a,14359,1,bio
guillermo-vadala,11975,1,bio
guillermo-vadala,2143,1,bio
javier-vagnozzi,319,1,bio
javier-vagnozzi,9704,1,bio
la-vaca-del-fondo,6723,1,bio
la-vaca-del-fondo,vieja-historia,1,mention
la-vela-puerca,2-minutos,1,mention
liliana-vitale,lito-vitale,1,bio
lito-vitale,vitale-baraj-gonzalez-el-trio,1,bio
lito-vitale,daniel-tuerto-wirzt,1,bio
lito-vitale,maria-rosa-yorio,1,mention
los-violadores,2-minutos,1,bio
los-violadores,4aliens1no,1,mention
lucas-vanza,20302,1,bio
luis-valenti,381,1,bio
luis-valenti,vox-dei,2,mention
sebastian-volco,la-orquesta-metafisica,1,bio
valle-de-munecas,vito-martino-y-los-inolvidables,1,mention
valle-de-munecas,viva-marte,1,mention
velenio-funk,andres-zamorano,1,mention
venus-de-milo,zoot,1,mention
vertigo-colectivo,gauchos-alemanes,1,bio
veta-madre,vetamadre,2,bio
viajantes,miguel-zavaleta,1,mention
vibracion-reggae,la-zurda,1,mention
viejas-locas,viejo-paranoico,1,mention
vitico,la-pesada-del-rocanrol,1,bio
vitico,viticus,2,bio
viuda-e-hijas-de-roque-enroll,navi-diaz,1,bio
viuda-e-hijas-de-roque-enroll,maria-rosa-yorio,1,mention
volcadores,1594,1,bio
volcadores,227,1,bio
daniel-tuerto-wirzt,2068,1,bio
daniel-tuerto-wirzt,manuel-wirtz,1,bio
daniel-tuerto-wirzt,maria-rosa-yorio,1,bio
la-window,4565,1,bio
lucas-white,6757,1,bio
ema-yazurlo,la-zurda,2,mention
yang,zas,1,bio
zero-kelvin,1427,1,bio
zona-purpura,illya-kuryaki-and-the-valderramas,1,bio
