slug,name,degree,degree_centrality,betweenness,eigenvector,pagerank,community
a-rodar,A rodar,6,0.00097,0.00139,0.00134,0.00045,5
a-tirador-laser,A-Tirador Láser,11,0.00178,0.00595,0.00995,0.00072,2
alma,A.L.M.A.,0,0.0,0,0.0,4e-05,146
animal,A.N.I.M.A.L.,33,0.00533,0.02309,0.05227,0.00196,0
apg-hard-rock,A.P.G. Hard Rock,0,0.0,0,0.0,4e-05,147
aru,A.R.U.,0,0.0,0,0.0,4e-05,148
a1,A1,2,0.00032,0.0,0.01643,0.00015,2
abaxial,Abaxial,1,0.00016,0.0,0.0085,8e-05,2
abbadon,Abbadón,0,0.0,0,0.0,4e-05,149
abed-nego,Abed Nego,2,0.00032,0.0,0.00326,0.00016,0
abeja-reina,Abeja Reina,1,0.00016,0.0,0.00124,9e-05,5
abejorros,Abejorros,4,0.00065,0.00072,0.01131,0.00023,1
abelardos,Abelardos,4,0.00065,8e-05,0.00381,0.00022,5
abeydon,Abeydon,2,0.00032,8e-05,0.00256,0.00014,16
abisal,Abisal,0,0.0,0,0.0,4e-05,150
abisales,Abisales,1,0.00016,0.0,0.0,0.00015,11
abimsla,Abismal,1,0.00016,0.0,0.00017,0.00011,12
aborigen,Aborigen,0,0.0,0,0.0,4e-05,151
abrasantia,Abrasantia,0,0.0,0,0.0,4e-05,152
abrelatas,Abrelatas,1,0.00016,0.0,0.00404,7e-05,1
abril-a-mil,Abril a Mil,2,0.00032,0.0,0.00999,0.00012,2
abterno,Abterno,0,0.0,0,0.0,4e-05,153
abuela-coca,Abuela Coca,2,0.00032,3e-05,0.0014,0.00014,3
abylon,Abylon,1,0.00016,0.0,0.00081,9e-05,2
aca-seca-trio,Aca Seca Trío,0,0.0,0,0.0,4e-05,154
acalanto,Acalanto,0,0.0,0,0.0,4e-05,155
acampantes,Acampantes,0,0.0,0,0.0,4e-05,156
acapella,Acapella,2,0.00032,2e-05,0.00138,0.00012,17
accion-reaccion,Acción reacción,0,0.0,0,0.0,4e-05,157
acid-caramels,Acid Caramels,0,0.0,0,0.0,4e-05,158
acida,Acida,3,0.00048,0.0,0.01529,0.00019,2
acidground,Acidground,0,0.0,0,0.0,4e-05,159
acido-canario,Acido Canario,0,0.0,0,0.0,4e-05,160
acido-mc,Acido MC,1,0.00016,0.0,0.00024,0.0001,11
acolitos-anonimos,Acólitos Anónimos,3,0.00048,0.00093,0.00112,0.00019,11
acorazado-potemkin,Acorazado Potemkin,6,0.00097,0.00029,0.00198,0.00033,6
acorralados,Acorralados,3,0.00048,0.00043,0.00051,0.00024,0
acostadetodo,Acostadetodo,1,0.00016,0.0,4e-05,0.00011,10
actitud-maria-marta,Actitud María Marta,16,0.00259,0.00543,0.04269,0.00088,0
actitud-sospechosa,Actitud Sospechosa,3,0.00048,3e-05,0.00743,0.00015,0
adan-cabron,Adán Cabrón,0,0.0,0,0.0,4e-05,161
adelas,Adelas,0,0.0,0,0.0,4e-05,162
adella,Adella,0,0.0,0,0.0,4e-05,163
adenoma,Adenoma,0,0.0,0,0.0,4e-05,164
adicta,Adicta,10,0.00162,0.00153,0.01483,0.00058,2
adiestradores-de-moscas,Adiestradores de moscas,0,0.0,0,0.0,4e-05,165
adn,ADN,2,0.00032,3e-05,0.00383,0.00012,4
adonis-macho,Adonis Macho,0,0.0,0,0.0,4e-05,166
adrian-abonizio,Adrián Abonizio,7,0.00113,0.00019,0.01233,0.00031,1
aereals,Aereals,0,0.0,0,0.0,4e-05,167
aeroblus,Aeroblus,4,0.00065,2e-05,0.0083,0.00027,1
aeronave,Aeronave,0,0.0,0,0.0,4e-05,168
aeroplanos,Aeroplanos,1,0.00016,0,0.0,0.00022,60
aerosol,Aerosol,0,0.0,0,0.0,4e-05,169
aerosolo,Aerosolo,0,0.0,0,0.0,4e-05,170
afasia,Afasia,0,0.0,0,0.0,4e-05,171
afortunados-perdedores,Afortunados perdedores,0,0.0,0,0.0,4e-05,172
africana,Africana,3,0.00048,3e-05,0.00817,0.00016,0
africana-bay,Africana Bay,0,0.0,0,0.0,4e-05,173
afro,Afro,0,0.0,0,0.0,4e-05,174
after-datta,After Datta,1,0.00016,0.0,2e-05,0.0001,7
after-ego,After-ego,0,0.0,0,0.0,4e-05,175
agama,Agama,0,0.0,0,0.0,4e-05,176
agente-naranja,Agente Naranja,2,0.00032,5e-05,0.00049,0.00014,0
agnus,Agnus,0,0.0,0,0.0,4e-05,177
agosto,Agosto,2,0.00032,0.0,0.02491,0.00011,1
agosto-2,Agosto,3,0.00048,0.0,0.02161,0.00015,2
agrupacion-mamanis,Agrupación Mamanis,1,0.00016,0.0,0.00026,9e-05,0
agrupacion-musical-ayrton-senna,Agrupación Musical Ayrton Senna,1,0.00016,0.0,0.0,0.00012,6
agrupaxion-skabeche,Agrupaxión Skabeche,0,0.0,0,0.0,4e-05,178
agualoca,AguaLocA,0,0.0,0,0.0,4e-05,179
aguante-baretta,Aguante Baretta,0,0.0,0,0.0,4e-05,180
aguas-tonicas,Aguas Tónicas,0,0.0,0,0.0,4e-05,181
aguirre,Aguirre,5,0.00081,5e-05,0.02526,0.00022,2
ahlma-rock,Ahlma Rock,1,0.00016,0.0,0.00101,8e-05,3
ainda,Ainda,1,0.00016,0.0,0.00024,9e-05,3
airbag,Airbag,3,0.00048,0.0002,0.00137,0.0002,4
aire-reggae,Aire Reggae,2,0.00032,0.0,0.00446,0.00012,0
aires-bajos,Aires Bajos,2,0.00032,0.00029,0.00096,0.00016,12
ajna,Ajna,2,0.00032,0.0,0.00467,0.00012,4
akenathon,Akenathon,0,0.0,0,0.0,4e-05,182
akropolis-rock,Akrópolis rock,1,0.00016,0.0,0.00063,8e-05,5
akros,Akros,0,0.0,0,0.0,4e-05,183
akun-maia,Akun Maia,0,0.0,0,0.0,4e-05,184
al-fondo-a-la-derecha,Al fondo a la derecha,0,0.0,0,0.0,4e-05,185
al-palo,Al palo,3,0.00048,0.00034,0.0021,0.00023,14
al-queen,Al Queen,1,0.00016,0.0,0.0,0.00014,8
al-quitran,Al Quitrán,0,0.0,0,0.0,4e-05,186
aladelta,Aladelta,1,0.00016,0.0,0.00015,0.0001,8
alados,Alados,0,0.0,0,0.0,4e-05,187
alai,Alai,1,0.00016,0,0.0,0.00028,83
alakran,Alakrán,8,0.00129,0.00071,0.00597,0.00042,7
alambique-al-pesto,Alambique al pesto,0,0.0,0,0.0,4e-05,188
alambre-y-la-doble-nelson,Alambre y la Doble Nelson,2,0.00032,0.0,0.002,0.00017,4
alan-sutton-y-las-criaturitas-de-la-ansiedad,Alan Sutton y las criaturitas de la ansiedad,0,0.0,0,0.0,4e-05,189
alas,Alas,4,0.00065,0.0006,0.00829,0.00029,1
alasdies,Alasdies,0,0.0,0,0.0,4e-05,190
alcalina,Alcalina,0,0.0,0,0.0,4e-05,191
alcohol-etilico,Alcohol Etílico,0,0.0,0,0.0,4e-05,192
alcoholica,Alcohólica,0,0.0,0,0.0,4e-05,193
alegrias-de-a-peso,Alegrías de a peso,0,0.0,0,0.0,4e-05,194
alejandro-alaci,Alejandro Alaci,4,0.00065,2e-05,0.00255,0.00025,2
alem,Alem,1,0.00016,0.0,5e-05,0.00013,0
aleman-grup,Aleman Grup,6,0.00097,0.00167,0.01064,0.00039,7
alerta-pachuca,Alerta Pachuca,0,0.0,0,0.0,4e-05,195
alerta-roja,Alerta Roja,3,0.00048,7e-05,0.00247,0.00019,0
alfajores-de-la-pampa-seca,Alfajores de la Pampa seca,4,0.00065,0.00013,0.0112,0.00018,1
alfiler-de-gancho,Alfiler de Gancho,5,0.00081,0.00064,0.00304,0.00027,4
alfombra-magica,Alfombra mágica,0,0.0,0,0.0,4e-05,196
alfonso-el-pintor,Alfonso el Pintor,3,0.00048,0.00085,0.00022,0.00027,9
algo-mejor,Algo Mejor,2,0.00032,0.00025,0.00761,0.00014,0
algo-raro-pasa,Algo raro pasa,0,0.0,0,0.0,4e-05,197
alhambra,Alhambra,0,0.0,0,0.0,4e-05,198
alianza,Alianza,2,0.00032,0.0,0.00019,0.00017,7
alias,Alias,0,0.0,0,0.0,4e-05,199
alienados,Alienados,0,0.0,0,0.0,4e-05,200
alika,Alika,2,0.00032,2e-05,0.0024,0.00012,0
alimana,Alimaña,1,0.00016,0.0,3e-05,0.00012,6
alisson,Alisson,0,0.0,0,0.0,4e-05,201
all-for-love,All For Love,0,0.0,0,0.0,4e-05,202
all-the-hats,All The Hats,3,0.00048,4e-05,5e-05,0.00025,7
alma-3-1,Alma 3.1,0,0.0,0,0.0,4e-05,203
alma-bouquet,Alma Bouquet,0,0.0,0,0.0,4e-05,204
alma-de-mane,Alma de Mane,0,0.0,0,0.0,4e-05,205
alma-mula,Alma mula,0,0.0,0,0.0,4e-05,206
alma-reina,Alma reina,0,0.0,0,0.0,4e-05,207
alma-y-vida,Alma y Vida,7,0.00113,0.00043,0.01197,0.00043,1
almafuerte,Almafuerte,12,0.00194,0.00223,0.02083,0.00063,0
almas-residuales,Almas Residuales,0,0.0,0,0.0,4e-05,208
almazen,AlmaZen,0,0.0,0,0.0,4e-05,209
almendra,Almendra,21,0.00339,0.00437,0.05561,0.00093,1
alphonso-sentrega,Alphonso S’Entrega,2,0.00032,3e-05,0.00301,0.00017,1
alplakx,AlPlâkx,0,0.0,0,0.0,4e-05,210
alquimera,Alquímera,0,0.0,0,0.0,4e-05,211
alter-ego,Alter Ego,3,0.00048,0.00071,4e-05,0.00037,2
alter-idem,Alter Idem,0,0.0,0,0.0,4e-05,212
altertango,Altertango,0,0.0,0,0.0,4e-05,213
alto-blues,Alto blues,0,0.0,0,0.0,4e-05,214
alto-bondi,Alto bondi,0,0.0,0,0.0,4e-05,215
alto-guiso,Alto Guiso,1,0.00016,0.0,0.00029,8e-05,0
alto-voltaje,Alto voltaje,0,0.0,0,0.0,4e-05,216
altocamet,AltoCamet,1,0.00016,0.0,0.00667,8e-05,2
alucinado,Alucinado,1,0.00016,0,0.0,0.00028,61
alucinaria,Alucinaria,1,0.00016,0.0,0.00322,8e-05,1
alucine,Aluciné,0,0.0,0,0.0,4e-05,217
alumbra,Alumbra,1,0.00016,0.0,0.00166,8e-05,2
alunacy,Alunacy,2,0.00032,0.0,0.00159,0.00013,2
alunar,Alunar,1,0.00016,0.0,0.00034,9e-05,4
alvacast,Alvacast,0,0.0,0,0.0,4e-05,218
alvy-singer,Alvy Singer Big Band,3,0.00048,5e-05,0.00133,0.00016,2
amanda,Amanda,0,0.0,0,0.0,4e-05,219
amarillo,Amarillo,7,0.00113,0.00324,0.00574,0.00037,9
amarillo-urbano,Amarillo Urbano,1,0.00016,0,0.0,0.00022,40
amas-de-casa-rock,Amas de Casa Rock,0,0.0,0,0.0,4e-05,220
amatista,Amatista,0,0.0,0,0.0,4e-05,221
ambar,Ambar,0,0.0,0,0.0,4e-05,222
ambar-2,Ambar,0,0.0,0,0.0,4e-05,223
ambarville,Ambarville,0,0.0,0,0.0,4e-05,224
ambassador,Ambassador,6,0.00097,0.00069,0.0122,0.00027,2
amberes,Amberes,1,0.00016,0,0.0,0.00028,117
ambulancia,Ambulancia,0,0.0,0,0.0,4e-05,225
ameba,Ameba,0,0.0,0,0.0,4e-05,226
amel,Amel,0,0.0,0,0.0,4e-05,227
amerikan-mystic,Amerikan Mystic,4,0.00065,0.00052,0.00192,0.00026,7
amigoacidos,Amigoácidos,0,0.0,0,0.0,4e-05,228
aminowana,Aminowana,0,0.0,0,0.0,4e-05,229
amoenus,Amoenus,0,0.0,0,0.0,4e-05,230
amor-buda,Amor Buda,0,0.0,0,0.0,4e-05,231
amor-elefante,Amor Elefante,1,0.00016,0.0,0.00016,0.00011,0
amor-en-la-isla,Amor en la Isla,3,0.00048,0.00071,0.00052,0.00031,2
amperia,Amperia,2,0.00032,0.0,0.00467,0.00012,4
ana-membi,Aña Membi,0,0.0,0,0.0,4e-05,232
ana-sol-y-la-candela,Ana Sol y la Candela,3,0.00048,8e-05,0.00048,0.0002,14
anacronica,Anacrónica,0,0.0,0,0.0,4e-05,233
anacrusa,Anacrusa,1,0.00016,0.0,0.00073,8e-05,4
analgesico,Analgésico,0,0.0,0,0.0,4e-05,234
analia-y-los-accesorios,Analía y los Accesorios,1,0.00016,0,0.0,0.00028,119
ancestral-humano,Ancestral humano,0,0.0,0,0.0,4e-05,235
anda-saber,Andá saber,0,0.0,0,0.0,4e-05,236
andando-descalzo,Andando Descalzo,8,0.00129,0.00231,0.00629,0.00042,0
anden-sur,Andén Sur,2,0.00032,0.00236,0.0,0.00036,4
andrea-alvarez,Andrea Alvarez,19,0.00307,0.00682,0.05038,0.00084,2
andres-principe,Andrés Príncipe,0,0.0,0,0.0,4e-05,237
androide,Androide,0,0.0,0,0.0,4e-05,238
andromedas,Andrómedas,0,0.0,0,0.0,4e-05,239
anestecia-local,Anestecia Local,0,0.0,0,0.0,4e-05,240
anetol-delmonte,Anetol Delmonte,1,0.00016,0.0,0.00284,8e-05,0
anfibia,Anfibia,0,0.0,0,0.0,4e-05,241
angela-tullida,Angela Tullida,2,0.00032,0.00011,0.00015,0.0002,9
angeles-caidos,Angeles caídos,0,0.0,0,0.0,4e-05,242
angeles-clandestinos,Angeles clandestinos,1,0.00016,0.0,0.00013,9e-05,0
angeles-guerreros,Angeles Guerreros,0,0.0,0,0.0,4e-05,243
angelito-eterno,Angelito eterno,0,0.0,0,0.0,4e-05,244
angelos-brujas,Angelos Brujas,0,0.0,0,0.0,4e-05,245
anidea-duo,Anidea Dúo,0,0.0,0,0.0,4e-05,246
anima-bendita,Anima Bendita,0,0.0,0,0.0,4e-05,247
anima-triple,Anima Triple,2,0.00032,4e-05,0.00439,0.00012,4
animapectus,Animapectus,0,0.0,0,0.0,4e-05,248
animo,Animo,0,0.0,0,0.0,4e-05,249
anita-pallenberg,Anita Pallenberg,0,0.0,0,0.0,4e-05,250
ankolor,Ankolor,0,0.0,0,0.0,4e-05,251
anna-strauss,Anna Strauss,0,0.0,0,0.0,4e-05,252
annonimos,ANNónimos,0,0.0,0,0.0,4e-05,253
anonimato,Anonimato,0,0.0,0,0.0,4e-05,254
anonimato-en-buenos-aires,Anonimato en Buenos Aires,0,0.0,0,0.0,4e-05,255
ansia,Ansia,0,0.0,0,0.0,4e-05,256
antagonistas,Antagonistas,3,0.00048,4e-05,0.00046,0.00021,0
anti-nasti,Anti Nasti,0,0.0,0,0.0,4e-05,257
antibioticos,Antibióticos,0,0.0,0,0.0,4e-05,258
anticasper,Anticasper,0,0.0,0,0.0,4e-05,259
anticofradica,Anticofrádica,0,0.0,0,0.0,4e-05,260
antifaz,Antifaz,0,0.0,0,0.0,4e-05,261
antipodes,Antípodes,0,0.0,0,0.0,4e-05,262
antishock,Antishock,0,0.0,0,0.0,4e-05,263
antiz,Antiz,0,0.0,0,0.0,4e-05,264
antolin,Antolín,0,0.0,0,0.0,4e-05,265
antropia,Antropia,0,0.0,0,0.0,4e-05,266
antu,Antü,1,0.00016,0,0.0,0.00028,144
anubis,Anubis,0,0.0,0,0.0,4e-05,267
anubis-2,Anubis,0,0.0,0,0.0,4e-05,268
anubis-3,Anubis,0,0.0,0,0.0,4e-05,269
anybody-there,Anybody There,0,0.0,0,0.0,4e-05,270
anzuelos,Anzuelos,0,0.0,0,0.0,4e-05,271
aonikenk,Aonikenk,0,0.0,0,0.0,4e-05,272
aorta,Aorta,0,0.0,0,0.0,4e-05,273
apatia,Apatía,2,0.00032,0.0,0.00065,0.00015,11
apatia-san-miguel,Apatía,0,0.0,0,0.0,4e-05,274
apocrypha,Apócrypha,0,0.0,0,0.0,4e-05,275
apolo-beat,Apolo Beat,0,0.0,0,0.0,4e-05,276
apunados,Apunados,0,0.0,0,0.0,4e-05,277
apuro,Apuro,0,0.0,0,0.0,4e-05,278
aqm,AQM,6,0.00097,0.00383,0.00667,0.00043,2
aquelarre,Aquelarre,7,0.00113,0.00019,0.00853,0.00032,1
aquiem,Aquiem,0,0.0,0,0.0,4e-05,279
aquilae,Aquilae,1,0.00016,0.0,0.0054,8e-05,1
araca-paris,Araca París,0,0.0,0,0.0,4e-05,280
ararat,Ararat,2,0.00032,2e-05,5e-05,0.00017,12
arbol,Árbol,17,0.00275,0.00566,0.01513,0.00094,3
arbolito,Arbolito,5,0.00081,0.00091,0.01592,0.00024,1
arcabuz,Arcabuz,0,0.0,0,0.0,4e-05,281
arcaico,Arcaico,0,0.0,0,0.0,4e-05,282
arcangel,Arcángel,0,0.0,0,0.0,4e-05,283
archi,Archi,0,0.0,0,0.0,4e-05,284
archipielagos,Archipiélagos,0,0.0,0,0.0,4e-05,285
arco-iris,Arco Iris,7,0.00113,0.00051,0.0148,0.00041,3
arde-hollywood,Arde Hollywood,0,0.0,0,0.0,4e-05,286
arde-roma,Arde Roma,2,0.00032,0.0001,0.00033,0.00015,3
ardilla,Ardilla,0,0.0,0,0.0,4e-05,287
area-oceano,Area Océano,2,0.00032,0.0,0.02235,0.00011,1
arena-new-rock,Arena New Rock,0,0.0,0,0.0,4e-05,288
arenales,Arenales,0,0.0,0,0.0,4e-05,289
argies,Argies,2,0.00032,0.0,0.00699,0.00012,0
argonautas,Argonautas,0,0.0,0,0.0,4e-05,290
argonauticks,Argonauticks,0,0.0,0,0.0,4e-05,291
ariadna-project,Ariadna Project,3,0.00048,0.00063,0.00081,0.00023,16
arido,Árido,0,0.0,0,0.0,4e-05,292
aridos-del-norte,Aridos del Norte,0,0.0,0,0.0,4e-05,293
arkadia,Arkadia,2,0.00032,8e-05,0.00089,0.00014,8
arkanoid,Arkanoid,0,0.0,0,0.0,4e-05,294
arlekin,Arlekin,0,0.0,0,0.0,4e-05,295
arlequines,Arlequines,0,0.0,0,0.0,4e-05,296
armando-flores,Armando Flores,1,0.00016,0.0,7e-05,9e-05,0
armant,Armant,1,0.00016,0.0,0.00273,8e-05,1
armas-de-conciencia,Armas de conciencia,0,0.0,0,0.0,4e-05,297
armonauta,Armonauta,0,0.0,0,0.0,4e-05,298
arpeghy,Arpeghy,4,0.00065,5e-05,0.00103,0.00022,7
arraigo,Arraigo,0,0.0,0,0.0,4e-05,299
arraigo-2,Arraigo,0,0.0,0,0.0,4e-05,300
arrested,Arrested,0,0.0,0,0.0,4e-05,301
arroba,Arroba,0,0.0,0,0.0,4e-05,302
arruinado-pero-feliz,Arruinado pero feliz,0,0.0,0,0.0,4e-05,303
arsenica,Arsénica,0,0.0,0,0.0,4e-05,304
arsis,Arsis,4,0.00065,0.00013,0.01037,0.00019,1
artesanales,Artesanales,1,0.00016,0.0,0.00277,8e-05,3
artico,Artico,1,0.00016,0.0,0.00085,8e-05,5
artrodia,Artrodia,0,0.0,0,0.0,4e-05,305
arwen,Arwen,0,0.0,0,0.0,4e-05,306
as,As,1,0.00016,0.0,2e-05,0.00011,14
as-de-reinas,As de reinas,0,0.0,0,0.0,4e-05,307
as-y-la-masa-atomica,As y La Masa Atómica,1,0.00016,0,0.0,0.0002,27
asado-violento,Asado violento,0,0.0,0,0.0,4e-05,308
asalto-al-parque-zoologico,Asalto al Parque Zoológico,0,0.0,0,0.0,4e-05,309
ascensor,Ascensor,1,0.00016,0.0,0.00056,9e-05,4
asche,Asche,0,0.0,0,0.0,4e-05,310
ases-muertos,Ases Muertos,2,0.00032,0.0,0.00048,0.00016,3
asesino-serial-hawaiano,Asesino Serial Hawaiano,0,0.0,0,0.0,4e-05,311
asesinos-cereales,Asesinos cereales,9,0.00145,0.00259,0.00891,0.00047,0
asi-zapaba-zaratustra,Así Zapaba Zaratustra,0,0.0,0,0.0,4e-05,312
asotea,AsoteA,0,0.0,0,0.0,4e-05,313
asphix,Asphix,0,0.0,0,0.0,4e-05,314
asspera,Asspera,0,0.0,0,0.0,4e-05,315
asstronautas,Asstronautas,0,0.0,0,0.0,4e-05,316
astenia,Astenia,2,0.00032,0.00036,0.00284,0.00019,0
astro-bonzo,Astro Bonzo,5,0.00081,0.00128,0.01045,0.00027,1
astroblues,Astroblues,1,0.00016,0.0,0.00085,8e-05,5
astroboy,Astroboy,2,0.00032,3e-05,3e-05,0.00016,3
astrocity,Astrocity,0,0.0,0,0.0,4e-05,317
astronautas-del-futuro,Astronautas del futuro,0,0.0,0,0.0,4e-05,318
astropolo,Astropolo,3,0.00048,6e-05,0.00708,0.00015,2
asunto-ilegal,Asunto ilegal,0,0.0,0,0.0,4e-05,319
atahualpa-new-punky,Atahualpa New Punky,0,0.0,0,0.0,4e-05,320
atentado-arrabalero,Atentado arrabalero,0,0.0,0,0.0,4e-05,321
atentado-arrabalero-2,Atentado arrabalero,1,0.00016,0.0,6e-05,0.00012,0
atico,Atico,0,0.0,0,0.0,4e-05,322
atlante,Atlante,6,0.00097,0.00171,0.01289,0.00033,2
atlanticus,Atlanticus,1,0.00016,0.0,0.00667,8e-05,2
atlantida,Atlántida,2,0.00032,0.0,0.00569,0.00012,0
atletas-del-diablo,Atletas del Diablo,0,0.0,0,0.0,4e-05,323
atmosferia,Atmosferia,0,0.0,0,0.0,4e-05,324
atomico-ser,Atómico Ser,4,0.00065,0.00024,0.00325,0.00022,4
atomikos,Atomikos,0,0.0,0,0.0,4e-05,325
atonal,Atonal,0,0.0,0,0.0,4e-05,326
atraccion-fatal,Atracción Fatal,0,0.0,0,0.0,4e-05,327
atras-hay-truenos,Atrás Hay Truenos,1,0.00016,0.0,3e-05,0.00012,13
atropello-carregal,Atropello Carregal,1,0.00016,0.0,0.00118,9e-05,8
attaque-77,Attaque 77,69,0.01115,0.06741,0.08516,0.00347,0
attomo,Attomo,2,0.00032,2e-05,0.00262,0.00012,2
atzmus,Atzmus,1,0.00016,0.0,0.00024,9e-05,3
aucan,Aucán,2,0.00032,0.0,0.0111,0.00012,1
audio,Audio,0,0.0,0,0.0,4e-05,328
audiodog,Audiodog,0,0.0,0,0.0,4e-05,329
audiofacto,Audiofacto,0,0.0,0,0.0,4e-05,330
audion,Audión,0,0.0,0,0.0,4e-05,331
audiopark,Audiopark,4,0.00065,0.00106,0.0035,0.00028,0
audioperu,Audioperú,3,0.00048,4e-05,0.00629,0.0002,2
audiounion,Audiounión,0,0.0,0,0.0,4e-05,332
audiovoodoo,Audiovoodoo,0,0.0,0,0.0,4e-05,333
audiozoom,Audiozoom,0,0.0,0,0.0,4e-05,334
audire,Audire,2,0.00032,3e-05,0.00067,0.00016,6
auditores,Auditores,2,0.00032,0.00236,0.00308,0.00018,1
auge,Auge,3,0.00048,5e-05,0.00691,0.0002,2
aura,Aura,0,0.0,0,0.0,4e-05,335
aura-2,AurA,0,0.0,0,0.0,4e-05,336
aura-spectra,Aura Spectra,0,0.0,0,0.0,4e-05,337
auricular,Auricular,0,0.0,0,0.0,4e-05,338
auspris,Auspris,0,0.0,0,0.0,4e-05,339
austral,Austral,0,0.0,0,0.0,4e-05,340
austria,Austria,1,0.00016,0.0,0.00016,0.00011,0
austro,Austro,0,0.0,0,0.0,4e-05,341
autistas-chocadores,Autistas Chocadores,0,0.0,0,0.0,4e-05,342
auto,Auto,0,0.0,0,0.0,4e-05,343
autobahn-73,Autobahn 73,0,0.0,0,0.0,4e-05,344
autobus,Autobús,6,0.00097,0.00058,0.01047,0.00033,3
autocine,Autocine,0,0.0,0,0.0,4e-05,345
automatica,Automática,1,0.00016,0,0.0,0.00028,145
automaton,Automaton,0,0.0,0,0.0,4e-05,346
autonautas,Autonautas,0,0.0,0,0.0,4e-05,347
autonautas-2,Autonautas,1,0.00016,0.0,2e-05,0.00012,4
autopista,Autopista,0,0.0,0,0.0,4e-05,348
autopista-61,Autopista 61,4,0.00065,8e-05,0.00666,0.00019,5
autos-que-chocan,Autos que chocan,0,0.0,0,0.0,4e-05,349
avalon,Ávalon,0,0.0,0,0.0,4e-05,350
avalon-2,Avalon,0,0.0,0,0.0,4e-05,351
avant-press,Avant Press,8,0.00129,0.00157,0.0245,0.00039,2
avanti-esperanza,Avanti Esperanza,5,0.00081,0.00023,0.00216,0.00028,0
avatar,Avatar,0,0.0,0,0.0,4e-05,352
ave,Ave,1,0.00016,0.0,0.00286,8e-05,2
ave-cesar,Ave César,2,0.00032,0.00011,0.00313,0.00013,5
ave-negra,Ave Negra,2,0.00032,0.00034,0.00354,0.00016,6
ave-rock,Ave Rock,1,0.00016,0.0,0.0001,0.0001,1
ave-tierra,Ave Tierra,0,0.0,0,0.0,4e-05,353
avecesprimavera,AVecesPrimavera,0,0.0,0,0.0,4e-05,354
avepez,Avepez,0,0.0,0,0.0,4e-05,355
avernal,Avernal,1,0.00016,0,0.0,0.00028,84
avitual,Avitual,0,0.0,0,0.0,4e-05,356
axial,Axial,0,0.0,0,0.0,4e-05,357
axis,Axis,0,0.0,0,0.0,4e-05,358
ayermaniana,Ayermaniana,0,0.0,0,0.0,4e-05,359
azafata,Azafata,4,0.00065,0.0002,0.01217,0.00019,2
azero,Azero,0,0.0,0,0.0,4e-05,360
aznar-lebon,Aznar-Lebón,3,0.00048,0.0,0.02166,0.00013,1
aztecas-tupro,Aztecas Tupro,7,0.00113,0.00117,0.00384,0.00042,16
azul-extremo,Azul extremo,0,0.0,0,0.0,4e-05,361
azulejo,Azulejo,0,0.0,0,0.0,4e-05,362
azulejo-2,Azulejo,0,0.0,0,0.0,4e-05,363
azulia,Azulia,0,0.0,0,0.0,4e-05,364
black-amaya,Black Amaya,28,0.00453,0.00558,0.04456,0.00137,1
carina-alfie,Carina Alfie,1,0.00016,0,0.0,0.00028,87
daniel-alambre-gonzalez,Daniel Alambre González,4,0.00065,0.00079,0.00232,0.00027,4
el-absurdo,El absurdo,0,0.0,0,0.0,4e-05,365
el-adoquin,El Adoquín,2,0.00032,2e-05,0.0046,0.00016,7
el-aguijon,El Aguijón,0,0.0,0,0.0,4e-05,366
el-ahujero,El Ahujero,1,0.00016,0.0,0.00033,9e-05,0
el-ajenjo,El Ajenjo,1,0.00016,0.0,6e-05,0.00014,4
el-alce,El Alce,0,0.0,0,0.0,4e-05,367
el-aleman,El Alemán,3,0.00048,0.00038,0.00063,0.00024,7
el-amague,El Amague,0,0.0,0,0.0,4e-05,368
el-atolon-de-funafuti,El Atolón de Funafuti,4,0.00065,0.00059,0.00143,0.00024,11
federico-arroyo,Federico Arroyo,3,0.00048,0.00071,0.00204,0.00035,3
federico-aubele,Federico Aubele,0,0.0,0,0.0,4e-05,369
florencia-andrada,Florencia Andrada,4,0.00065,0.00301,0.00273,0.00036,22
gabriel-ardanaz,Gabriel Ardanaz,2,0.00032,0.00107,1e-05,0.00022,6
gonzalo-aloras,Gonzalo Aloras,17,0.00275,0.00706,0.05696,0.00086,1
gonzalo-ansuati,Gonzalo Ansuati,0,0.0,0,0.0,4e-05,370
ignacio-arigos,Ignacio Arigós,2,0.00032,2e-05,0.0012,0.00015,12
jorge-araujo,Jorge Araujo,6,0.00097,0.0003,0.00568,0.00029,0
juan-absatz,Juan Absatz,8,0.00129,0.00154,0.01824,0.00039,4
juan-angera,Juan Angera,0,0.0,0,0.0,4e-05,371
la-abasto-reggae,La Abasto Reggae,0,0.0,0,0.0,4e-05,372
la-academia-del-bardo,La Academia del Bardo,0,0.0,0,0.0,4e-05,373
la-amnesia,La Amnesia,0,0.0,0,0.0,4e-05,374
la-araoz-band,La Aráoz Band,0,0.0,0,0.0,4e-05,375
la-armada-cosmica,La Armada Cósmica,1,0.00016,0.0,0.00129,8e-05,4
la-asociacion,La Asociación,8,0.00129,0.01105,0.00472,0.0005,2
las-alas-de-icaro,Las Alas de Ícaro,0,0.0,0,0.0,4e-05,376
las-armas,Las Armas,2,0.00032,2e-05,0.0,0.00021,11
las-armas-bs-as,Las Armas Bs. As.,2,0.00032,0.00013,3e-05,0.00021,11
leandro-aput,Leandro Aput,2,0.00032,0.00014,0.00141,0.00019,4
lisandro-aristimuno,Lisandro Aristimuño,16,0.00259,0.00722,0.02167,0.00085,2
lorena-astudillo,Lorena Astudillo,1,0.00016,0.0,1e-05,0.00012,16
los-abuelos-de-la-nada,Los Abuelos de la Nada,27,0.00436,0.00672,0.09675,0.00138,1
los-acetones,Los Acetones,1,0.00016,0.0,3e-05,0.00011,7
los-aggrotones,Los Aggrotones,1,0.00016,0.0,0.00133,8e-05,0
los-alamos,Los Alamos,1,0.00016,0,0.0,0.00022,38
los-albertos,Los Albertos,0,0.0,0,0.0,4e-05,377
los-andes,Los Andes,14,0.00226,0.01346,0.0044,0.00094,13
los-animales,Los Animales,1,0.00016,0,0.0,0.00028,62
los-animales-superforros,Los Animales Superforros,1,0.00016,0,0.0,0.00028,62
los-animalitos,Los Animalitos,5,0.00081,0.00015,0.01523,0.00023,0
los-anos-rojos,Los Años Rojos,0,0.0,0,0.0,4e-05,378
los-antiguos,Los Antiguos,1,0.00016,0.0,0.00016,0.0001,8
los-arcontes,Los Arcontes,3,0.00048,8e-05,0.00034,0.00021,10
los-argentinos,Los Argentinos,1,0.00016,0.0,0.00073,8e-05,0
los-argonautas,Los Argonautas,0,0.0,0,0.0,4e-05,379
los-asteroids,Los Asteroids,1,0.00016,0.0,9e-05,0.00012,20
los-atomos,Los Atomos,0,0.0,0,0.0,4e-05,380
los-autenticos-decadentes,Los Auténticos Decadentes,50,0.00808,0.03951,0.06115,0.00247,0
los-autistas,Los Autistas,0,0.0,0,0.0,4e-05,381
los-automedikados,Los Automedikados,10,0.00162,0.00404,0.00453,0.0006,0
los-autos-locos,Los Autos Locos,1,0.00016,0.0,0.00081,9e-05,2
maria-eva-albistur,María Eva Albistur,7,0.00113,0.00052,0.02538,0.0003,2
maria-fernanda-aldana,María Fernanda Aldana,3,0.00048,0.00036,0.00085,0.00028,2
mariano-acosta,Mariano Acosta,3,0.00048,0.00042,0.00078,0.00022,10
mariano-azcurra,Mariano Azcurra,0,0.0,0,0.0,4e-05,382
martin-ameconi,Martín Ameconi,2,0.00032,1e-05,0.00029,0.00015,9
mercedes-audras,Mercedes Audras,0,0.0,0,0.0,4e-05,383
miguel-abuelo,Miguel Abuelo,28,0.00453,0.00899,0.06306,0.0013,1
milton-amadeo,Milton Amadeo,0,0.0,0,0.0,4e-05,384
nicolas-aimo,Nicolás Aimo,0,0.0,0,0.0,4e-05,385
nicolas-ammi,Nicolás Ammi,4,0.00065,0.00037,0.02048,0.00022,1
pedro-aznar,Pedro Aznar,49,0.00792,0.01792,0.14883,0.00221,1
sergio-alvarez,Sergio Álvarez,8,0.00129,0.00058,0.00186,0.00045,9
sofi-alvarez,Sofi Alvarez,0,0.0,0,0.0,4e-05,386
tomas-amante,Tomás Amante,3,0.00048,3e-05,0.01241,0.00019,1
tomas-aristimuno,Tomás Aristimuño,0,0.0,0,0.0,4e-05,387
victor-astorga,Víctor Astorga,1,0.00016,0,0.0,0.00028,63
adrian-barilari,Adrián Barilari,8,0.00129,0.00091,0.00284,0.00051,7
adrian-berra,Adrián Berra,2,0.00032,2e-05,0.00475,0.00012,10
adriana-beltran,Adriana Beltrán,3,0.00048,0.0,0.01292,0.00016,3
alejandra-burgos,Alejandra Burgos,3,0.00048,0.00042,0.0004,0.00027,22
alejandro-brena,Alejandro Brena,1,0.00016,0.0,0.00836,7e-05,1
alfonso-barbieri,Alfonso Barbieri,14,0.00226,0.00359,0.01044,0.00083,2
andres-brisson,Andrés Brisson,0,0.0,0,0.0,4e-05,388
antonio-birabent,Antonio Birabent,16,0.00259,0.00638,0.07503,0.0007,1
b-a-boulevard,B.A.Boulevard,0,0.0,0,0.0,4e-05,389
b-b-munoz,B.B.Muñoz,4,0.00065,0.00015,0.00976,0.0002,1
b-d-i,B.D.I.,0,0.0,0,0.0,4e-05,390
box,B.O.X.,0,0.0,0,0.0,4e-05,391
baalbek,Baalbek,0,0.0,0,0.0,4e-05,392
babasonicos,Babasónicos,29,0.00469,0.00836,0.03991,0.00154,2
babel-orkesta,Babel Orkesta,1,0.00016,0.0,0.00011,0.00016,12
babilonia,Babilonia,0,0.0,0,0.0,4e-05,393
bacanal-vudu,Bacanal Vudu,0,0.0,0,0.0,4e-05,394
baccarat,Baccarat,1,0.00016,0.0,0.00103,8e-05,2
bacorales,Bacorales,0,0.0,0,0.0,4e-05,395
bacospunk,BacosPunk,1,0.00016,0.0,2e-05,0.00012,4
bad-news,Bad News,0,0.0,0,0.0,4e-05,396
badu,Badú,0,0.0,0,0.0,4e-05,397
baglietto-garre,Baglietto-Garré,2,0.00032,0.0,0.00635,0.0001,1
baglietto-vitale,Baglietto-Vitale,4,0.00065,0.00017,0.01658,0.00021,1
bagual,Bagual,0,0.0,0,0.0,4e-05,398
bahia-arcadia,Bahía Arcadia,0,0.0,0,0.0,4e-05,399
bahiano,Bahiano,3,0.00048,5e-05,0.01124,0.00019,0
bailongo,Bailongo!,0,0.0,0,0.0,4e-05,400
bajo-cero,Bajo Cero,1,0.00016,0,0.0,0.00028,101
bajo-llaves,Bajo llaves,0,0.0,0,0.0,4e-05,401
bajo-presion,Bajo Presión,2,0.00032,0.00036,0.00259,0.00019,0
bajo-sentencia,Bajo sentencia,0,0.0,0,0.0,4e-05,402
bajo-status,Bajo Status,0,0.0,0,0.0,4e-05,403
bajofondo,Bajofondo,5,0.00081,0.00033,0.00953,0.00029,3
balas-perdidas,Balas Perdidas,0,0.0,0,0.0,4e-05,404
baldosa-floja,Baldosa floja,0,0.0,0,0.0,4e-05,405
baltimore-in-love,Baltimore in Love,0,0.0,0,0.0,4e-05,406
balu,Balú,4,0.00065,0.00046,0.00738,0.0002,0
bambalandia,Bambalandia,0,0.0,0,0.0,4e-05,407
bambu,Bambú,0,0.0,0,0.0,4e-05,408
banda-criolla,Banda Criolla,0,0.0,0,0.0,4e-05,409
banda-de-la-muerte,Banda de la Muerte,5,0.00081,0.00287,0.00186,0.00032,11
banda-de-turistas,Banda de Turistas,12,0.00194,0.00489,0.00768,0.00065,12
banda-dogo,Banda Dogo,1,0.00016,0.0,0.00039,9e-05,1
banda-jamon-crudo,Banda Jamón Crudo,0,0.0,0,0.0,4e-05,410
bandalos-chinos,Bandalos Chinos,1,0.00016,0,0.0,0.00028,115
bandera-de-niebla,Bandera de Niebla,0,0.0,0,0.0,4e-05,411
bandera-negra,Bandera Negra,0,0.0,0,0.0,4e-05,412
bandido,Bandido!,2,0.00032,0.00127,0.002,0.00014,15
bandoleros-y-piratas,Bandoleros & Piratas,2,0.00032,2e-05,0.00072,0.00014,4
bang-bang,Bang Bang,0,0.0,0,0.0,4e-05,413
bangladesh,Bangladesh,0,0.0,0,0.0,4e-05,414
bao-bab,Bao Bab,5,0.00081,0.00071,0.01278,0.0003,2
barahundas,Barahundas,0,0.0,0,0.0,4e-05,415
barato-roma,Barato Roma,0,0.0,0,0.0,4e-05,416
barbacoa,Barbacoa,0,0.0,0,0.0,4e-05,417
barbara-barale,Bárbara Barale,0,0.0,0,0.0,4e-05,418
barbara-feldon,Barbara Feldon,1,0.00016,0,0.0,0.00022,45
barbazul,Barbazul,0,0.0,0,0.0,4e-05,419
barbiturycos,Barbiturycos,0,0.0,0,0.0,4e-05,420
barco,Barco,2,0.00032,0.00036,0.00669,0.00018,2
bare,Bare,0,0.0,0,0.0,4e-05,421
barfeye,Barfeye,0,0.0,0,0.0,4e-05,422
barrabas,Barrabás,0,0.0,0,0.0,4e-05,423
barragan-y-sus-modestos,Barragán y sus modestos,0,0.0,0,0.0,4e-05,424
barrio-funk,Barrio Funk,0,0.0,0,0.0,4e-05,425
barrio-viejo,Barrio Viejo,0,0.0,0,0.0,4e-05,426
barrios-bajos,Barrios Bajos,5,0.00081,0.00031,0.00134,0.00027,0
barro,Barro,4,0.00065,5e-05,0.00212,0.00028,6
barro-2,Barro,0,0.0,0,0.0,4e-05,427
barry-gones,Barry Gones,1,0.00016,0.0,0.00072,9e-05,5
barrygan,BarryGan,2,0.00032,0.00036,0.00013,0.00025,2
base-lunar,Base lunar,0,0.0,0,0.0,4e-05,428
basta-de-sapos,Basta de sapos,0,0.0,0,0.0,4e-05,429
bastard,Bastard,1,0.00016,0.0,0.0,0.00016,0
bauer,Bauer,2,0.00032,0.00071,0.0,0.00027,6
baunis,Baunis,0,0.0,0,0.0,4e-05,430
bautista-viajando,Bautista viajando,0,0.0,0,0.0,4e-05,431
bayou-country,Bayou Country,0,0.0,0,0.0,4e-05,432
bazanvera,Bazanvera,0,0.0,0,0.0,4e-05,433
beach-breakers,Beach Breakers,0,0.0,0,0.0,4e-05,434
beat-cairo,Beat Cairo,0,0.0,0,0.0,4e-05,435
bebete-el-mar,Bébete el Mar,0,0.0,0,0.0,4e-05,436
beduinos,Beduinos,3,0.00048,0.00271,0.00023,0.00034,4
beirro,Beirro,0,0.0,0,0.0,4e-05,437
bel-mondo,Bel Mondo,5,0.00081,0.00049,0.02239,0.00026,2
bela-lugosi,Bela Lugosi,5,0.00081,0.00202,0.00447,0.00029,0
beldi,Beldi,0,0.0,0,0.0,4e-05,438
beler,Beler,0,0.0,0,0.0,4e-05,439
bella-insanidad,Bella insanidad,0,0.0,0,0.0,4e-05,440
belladona,Belladona,0,0.0,0,0.0,4e-05,441
bellmonte,Bellmonte,1,0.00016,0.0,0.0029,8e-05,4
bencina-disturbio,Bencina Disturbio,0,0.0,0,0.0,4e-05,442
benetnasch,Benetnasch,0,0.0,0,0.0,4e-05,443
benigno-lunar,Benigno Lunar,1,0.00016,0.0,3e-05,0.00013,3
bernabe,Bernabé,0,0.0,0,0.0,4e-05,444
bernardo-baraj,Bernardo Baraj,13,0.0021,0.00532,0.02594,0.00073,1
bersuit-vergarabat,Bersuit Vergarabat,40,0.00647,0.02584,0.04259,0.00213,3
beso-negro,Beso Negro,0,0.0,0,0.0,4e-05,445
besos-brujos,Besos brujos,0,0.0,0,0.0,4e-05,446
bestia-bebe,Bestia Bebé,3,0.00048,0.00126,0.0003,0.00027,13
bestia-de-carga,Bestia de Carga,1,0.00016,0.0,0.00146,9e-05,1
bestial,Bestial,0,0.0,0,0.0,4e-05,447
bettinotti-fernandez,Bettinotti / Fernández,0,0.0,0,0.0,4e-05,448
bhaires-rapsoddya,Bhaires Rapsoddya,1,0.00016,0.0,0.0054,8e-05,1
bicicletas,Bicicletas,5,0.00081,0.00144,0.00612,0.00038,24
bidegain-y-los-psicopatas-ambulantes,Bidegain y Los Psicópatas Ambulantes,0,0.0,0,0.0,4e-05,449
bien-desocupados,Bien Desocupados,6,0.00097,0.00095,0.00596,0.00033,0
bien-tirada,Bien Tirada,0,0.0,0,0.0,4e-05,450
bienes-raices,Bienes raíces,2,0.00032,0.0,0.02184,0.00011,1
bienvenidos-a-la-computadora,Bienvenidos a la Computadora,1,0.00016,0.0,0.00089,9e-05,8
biernes,Biernes,1,0.00016,0,0.0,0.00028,135
bife,Bife,0,0.0,0,0.0,4e-05,451
big-bang,Big Bang,1,0.00016,0.0,0.00119,9e-05,9
big-mama-laboratorio,Big Mama Laboratorio,0,0.0,0,0.0,4e-05,452
bigger,Bigger,1,0.00016,0.0,0.00123,0.0001,4
bigote,Bigote,1,0.00016,0.0,0.003,8e-05,1
bikini-open,Bikini Open,0,0.0,0,0.0,4e-05,453
billordo,Billordo,0,0.0,0,0.0,4e-05,454
billy-bond,Billy Bond,22,0.00356,0.00504,0.08304,0.00103,1
binaural,Binaural,2,0.00032,0.0,0.00081,0.00013,4
bionica-electronica,Biónica Electrónica,0,0.0,0,0.0,4e-05,455
biosphera,Biosphera,0,0.0,0,0.0,4e-05,456
bipolares,Bipolares,0,0.0,0,0.0,4e-05,457
bittrox,Bittrox,8,0.00129,0.00409,0.00545,0.00047,12
bl3ach,BL3ACH,0,0.0,0,0.0,4e-05,458
black-amaya-quinteto,Black Amaya Quinteto,5,0.00081,3e-05,0.01149,0.00021,1
black-cat-bone,Black Cat Bone,0,0.0,0,0.0,4e-05,459
black-dali,Black Dalí,1,0.00016,0.0,6e-05,0.00011,0
black-jack,Black Jack,0,0.0,0,0.0,4e-05,460
black-roses,Black Roses,1,0.00016,0.0,0.00016,0.00011,0
black-yuru,Black Yurú,2,0.00032,0.00035,0.00283,0.00014,11
blackabel,Blackabel,0,0.0,0,0.0,4e-05,461
blackmamba,Blackmamba,0,0.0,0,0.0,4e-05,462
blackout,Blackout,0,0.0,0,0.0,4e-05,463
blacksoul,Blacksoul,0,0.0,0,0.0,4e-05,464
blak-lyons,Blak Lyons,0,0.0,0,0.0,4e-05,465
blancaflor,Blancaflor,0,0.0,0,0.0,4e-05,466
blanco,Blanco,2,0.00032,0.0,1e-05,0.00019,6
blancoscuro,Blancoscuro,0,0.0,0,0.0,4e-05,467
blas-sempler,Blas Sempler,0,0.0,0,0.0,4e-05,468
blazer,Blazer,0,0.0,0,0.0,4e-05,469
blender,Blender,1,0.00016,0.0,0.00354,8e-05,4
blends,Blends,0,0.0,0,0.0,4e-05,470
blister,Blister,1,0.00016,0.0,0.0041,8e-05,1
blister-2,Blister,0,0.0,0,0.0,4e-05,471
blitto,Blitto,0,0.0,0,0.0,4e-05,472
blizters,Blizters,1,0.00016,0,0.0,0.00028,66
blizz,Blizz!,0,0.0,0,0.0,4e-05,473
bloke,Bloke,0,0.0,0,0.0,4e-05,474
bloodparade,Bloodparade,1,0.00016,0.0,0.00024,0.0001,11
blop,Blop,0,0.0,0,0.0,4e-05,475
bloqueo-mental,Bloqueo mental,0,0.0,0,0.0,4e-05,476
blue-set,Blue Set,1,0.00016,0.0,0.0,0.00014,8
blue-universe,Blue Universe,1,0.00016,0.0,6e-05,0.00012,1
blues-band,Blues Band,19,0.00307,0.00676,0.01019,0.00102,5
blues-de-garage,Blues de Garage,0,0.0,0,0.0,4e-05,477
blues-del-sur,Blues del Sur,0,0.0,0,0.0,4e-05,478
blues-motel,Blues Motel,12,0.00194,0.00386,0.02021,0.00059,5
bluesmog,Bluesmog,0,0.0,0,0.0,4e-05,479
boas-teitas,Bõas Teitas,15,0.00242,0.00948,0.01567,0.00084,3
bodegas-blues,Bodega’s Blues,2,0.00032,5e-05,0.00044,0.00016,6
bodie,Bodie,6,0.00097,0.00129,0.01023,0.00043,2
bodie-y-la-flota-plateada,Bodie y la Flota Plateada,0,0.0,0,0.0,4e-05,480
bodie-y-los-flugelrads,Bodie y los Flugelrads,1,0.00016,0.0,0.00049,0.0001,2
bodishadwa,Bodishadwa,6,0.00097,0.00141,0.02319,0.00028,10
bodoke,Bodoke,0,0.0,0,0.0,4e-05,481
boff-serafine,Boff Serafine,3,0.00048,0.00074,0.00058,0.00025,12
bogardus,Bogardus,0,0.0,0,0.0,4e-05,482
boixos-nois,Boixos Nois,0,0.0,0,0.0,4e-05,483
boky-romero-y-flia,Boky Romero y Flia,0,0.0,0,0.0,4e-05,484
boludo,Boludo,2,0.00032,0.00036,0.00259,0.00019,0
bombas-de-amor,Bombas de amor,1,0.00016,0.0,0.00042,9e-05,10
bombones-surtidos,Bombones surtidos,0,0.0,0,0.0,4e-05,485
bondis,Bondis,1,0.00016,0.0,0.00069,9e-05,14
bonsur,Bonsur,0,0.0,0,0.0,4e-05,486
bonzo,Bonzo,1,0.00016,0.0,6e-05,0.00011,0
bonzo-blues-band,Bonzo Blues Band,4,0.00065,0.00318,0.00061,0.00032,5
boom-boom-kid,Boom Boom Kid,9,0.00145,0.00185,0.00299,0.00054,10
bordo,Bordó,0,0.0,0,0.0,4e-05,487
boreales,Boreales,0,0.0,0,0.0,4e-05,488
boriken-reggae,Boriken Reggae,0,0.0,0,0.0,4e-05,489
borracara,Borracara,0,0.0,0,0.0,4e-05,490
borregos-border,Borregos Border,2,0.00032,0.00013,0.00197,0.00012,6
bort-sinapellido,Bort Sinapellido,3,0.00048,0.00012,0.00079,0.00019,13
bosnia,Bosnia,2,0.00032,0.00041,0.01028,0.00014,12
bosques,Bosques,0,0.0,0,0.0,4e-05,491
bosques-de-groenlandia,Bosques de Groenlandia,0,0.0,0,0.0,4e-05,492
botafogo,Botafogo,16,0.00259,0.00793,0.01901,0.00085,5
botas-sucias,Botas sucias,0,0.0,0,0.0,4e-05,493
botas-tejanas,Botas Tejanas,1,0.00016,0.0,0.00012,0.0001,0
botellas-vacias,Botellas vacías,0,0.0,0,0.0,4e-05,494
boudika,Boudika,0,0.0,0,0.0,4e-05,495
boutique,Boutique,1,0.00016,0.0,8e-05,0.0001,9
boxer,Boxer,1,0.00016,0.0,0.00109,8e-05,1
brahmans,Brahmans,0,0.0,0,0.0,4e-05,496
brancaleone,Brancaleone,2,0.00032,0.00236,0.00044,0.0002,0
brava-brava,Brava Brava,0,0.0,0,0.0,4e-05,497
bravo,Bravo,0,0.0,0,0.0,4e-05,498
breed,Breed,0,0.0,0,0.0,4e-05,499
brey,Brey,0,0.0,0,0.0,4e-05,500
brian-storming,Brian Storming,1,0.00016,0.0,0.00034,9e-05,0
brigada-barcelo,Brigada Barceló,0,0.0,0,0.0,4e-05,501
bristol,Bristol,3,0.00048,0.00013,0.01048,0.00016,2
brixton,Brixton,1,0.00016,0.0,0.00021,9e-05,6
brixton-crenchy,Brixton Crenchy,1,0.00016,0.0,0.00184,8e-05,4
briznas,Briznas,0,0.0,0,0.0,4e-05,502
brotes,Brotes,0,0.0,0,0.0,4e-05,503
brut69,Brut69,1,0.00016,0.0,0.00203,8e-05,3
bruthal-6,Bruthal 6,0,0.0,0,0.0,4e-05,504
bruto-faizan,Bruto Faizán,0,0.0,0,0.0,4e-05,505
brutos-mecanicos,Brutos mecánicos,0,0.0,0,0.0,4e-05,506
bubba-570,Bubba  570,2,0.00032,0.00036,0.00107,0.0002,0
bubis-vayins,Bubis Vayins,0,0.0,0,0.0,4e-05,507
bubu,Bubu,1,0.00016,0.0,0.00112,8e-05,1
buceador-voltio,Buceador Voltio,0,0.0,0,0.0,4e-05,508
buda,Buda,0,0.0,0,0.0,4e-05,509
budda,Budda,2,0.00032,0.00018,0.0012,0.00016,8
bue,BUE,3,0.00048,3e-05,0.00208,0.00019,17
buen-augurio,Buen augurio,0,0.0,0,0.0,4e-05,510
buenas-tardes,Buenas Tardes,5,0.00081,0.00345,4e-05,0.00051,8
buenas-y-santas,Buenas y Santas,4,0.00065,0.0004,0.00138,0.00027,4
buendia,Buendía,0,0.0,0,0.0,4e-05,511
buenos-aires,Buenos Aires,0,0.0,0,0.0,4e-05,512
buenos-aires-de-negro,Buenos Aires de Negro,0,0.0,0,0.0,4e-05,513
buenos-aires-karma,Buenos Aires Karma,1,0.00016,0.0,2e-05,0.00013,2
buenos-aires-negro,Buenos Aires Negro,0,0.0,0,0.0,4e-05,514
buenos-vampiros,Buenos vampiros,0,0.0,0,0.0,4e-05,515
buffalo,Buffalo,0,0.0,0,0.0,4e-05,516
buffalo-billys,Buffalo Billys,0,0.0,0,0.0,4e-05,517
buffer,Buffer,2,0.00032,6e-05,0.00572,0.00012,2
bufon,Bufón,0,0.0,0,0.0,4e-05,518
bufones-dementes,Bufones Dementes,0,0.0,0,0.0,4e-05,519
buitres,Buitres,5,0.00081,0.00058,0.00487,0.00031,3
bulldog,Bulldog,3,0.00048,0.00034,0.00167,0.0002,4
bunker,Bunker,0,0.0,0,0.0,4e-05,520
bunnder,Bunnder,3,0.00048,1e-05,0.01934,0.00014,2
burbuja-y-los-basicos,Burbuja & Los Básicos,4,0.00065,0.00024,0.00207,0.00021,0
burkina-faso,Burkina Faso,0,0.0,0,0.0,4e-05,521
burning-metro,Burning Metro,0,0.0,0,0.0,4e-05,522
burritos,Burritos,3,0.00048,0.00084,0.015,0.00024,7
buscadores,Buscadores,0,0.0,0,0.0,4e-05,523
buscapolos-trio,Buscapolos Trío,0,0.0,0,0.0,4e-05,524
busqueda,Búsqueda,0,0.0,0,0.0,4e-05,525
butumbaba,Butumbaba,0,0.0,0,0.0,4e-05,526
buzon-sueno,Buzón sueño,0,0.0,0,0.0,4e-05,527
buzzer,Buzzer,0,0.0,0,0.0,4e-05,528
cam-beszkin,Cam Beszkin,3,0.00048,2e-05,0.00023,0.0002,9
carola-bony,Carola Bony,5,0.00081,0.0,0.01988,0.00023,2
carolina-bossa,Carolina Bossa,0,0.0,0,0.0,4e-05,529
cecilia-baraz,Cecilia Baraz,1,0.00016,0.0,0.00077,9e-05,15
christian-basso,Christian Basso,11,0.00178,0.00352,0.02166,0.00063,2
christian-bertoncelli,Christian Bertoncelli,2,0.00032,0.0,0.00046,0.00013,0
clara-ballestero,Clara Ballestero,0,0.0,0,0.0,4e-05,530
claudia-brant,Claudia Brant,0,0.0,0,0.0,4e-05,531
daniel-buira,Daniel Buira,4,0.00065,0.00071,0.00278,0.00032,14
daniel-semilla-bucciarelli,Daniel Semilla Bucciarelli,1,0.00016,0.0,0.00207,8e-05,1
danny-boxx,Danny Boxx,0,0.0,0,0.0,4e-05,532
david-bolzoni,David Bolzoni,2,0.00032,0.00036,0.00032,0.00022,2
diego-boris,Diego Boris,1,0.00016,0.0,1e-05,0.00014,1
eduardo-skay-beilinson,Eduardo Skay Beilinson,11,0.00178,0.00242,0.01,0.00065,1
el-bordo,El Bordo,20,0.00323,0.01013,0.00931,0.00113,0
el-brote,El Brote,1,0.00016,0,0.0,0.00028,103
el-buen-salvaje,El Buen Salvaje,1,0.00016,0.0,0.00018,0.0001,0
el-burdel,El Burdel,0,0.0,0,0.0,4e-05,533
emiliano-brancciari,Emiliano Brancciari,4,0.00065,2e-05,0.00436,0.00025,3
ezequiel-borra,Ezequiel Borra,9,0.00145,0.00376,0.00169,0.00063,9
fabian-banner,Fabián Banner,0,0.0,0,0.0,4e-05,534
federico-boaglio,Federico Boaglio,1,0.00016,0.0,0.0,0.00016,28
felipe-barrozo,Felipe Barrozo,7,0.00113,0.00166,0.01577,0.0004,0
fernando-blanco,Fernando Blanco,5,0.00081,0.00102,0.0007,0.00036,0
francisco-bochaton,Francisco Bochatón,18,0.00291,0.00562,0.01627,0.00096,2
francisco-brunetta,Francisco Brunetta,0,0.0,0,0.0,4e-05,535
german-burgos,Germán Burgos,0,0.0,0,0.0,4e-05,536
guillermo-beresnak,Guillermo Beresñak,8,0.00129,0.00353,0.03509,0.00042,9
gustavo-bazterrica,Gustavo Bazterrica,17,0.00275,0.00184,0.07571,0.00073,1
hernan-bare,Hernán Bare,0,0.0,0,0.0,4e-05,537
hugo-bistolfi,Hugo Bistolfi,7,0.00113,0.0003,0.00105,0.00051,7
ignacio-boreal,Ignacio Boreal,0,0.0,0,0.0,4e-05,538
ivana-berenstein,Ivana Berenstein,0,0.0,0,0.0,4e-05,539
jeremy-burman,Jeremy Burman,0,0.0,0,0.0,4e-05,540
juan-carlos-baglietto,Juan Carlos Baglietto,32,0.00517,0.00642,0.07243,0.00171,1
julian-benjamin,Julián Benjamín,2,0.00032,0.0,0.00189,0.00015,2
julio-breshnev,Julio Breshnev,4,0.00065,5e-05,0.00098,0.00027,8
la-babosa,La Babosa,0,0.0,0,0.0,4e-05,541
la-banda,La Banda,2,0.00032,2e-05,0.00251,0.00012,3
la-banda-anonima,La Banda Anónima,2,0.00032,3e-05,0.00437,0.00012,7
la-banda-del-oeste,La Banda del Oeste,1,0.00016,0,0.0,0.00022,53
la-banda-del-paraiso,La Banda del Paraíso,3,0.00048,4e-05,0.00795,0.00017,1
la-banda-descontrolada,La Banda Descontrolada,0,0.0,0,0.0,4e-05,542
la-banda-quimica,La Banda Química,0,0.0,0,0.0,4e-05,543
la-barny-gomez,La Barny Gomez,0,0.0,0,0.0,4e-05,544
la-barra-de-chocolate,La Barra de Chocolate,2,0.00032,0.0,0.00132,0.00012,5
la-barraca,La Barraca,3,0.00048,0.00236,0.00405,0.00019,1
la-barretta,La Barretta,0,0.0,0,0.0,4e-05,545
la-bature,La Baturé,0,0.0,0,0.0,4e-05,546
la-beat-band,La Beat Band,3,0.00048,2e-05,0.0125,0.00015,2
la-bella-epoca,La Bella Época,1,0.00016,0,0.0,0.00028,64
la-bella-epoca-2,La Bella época,1,0.00016,0,0.0,0.00028,64
la-belle-epoque,La Belle Epoque,0,0.0,0,0.0,4e-05,547
la-beriso,La Beriso,10,0.00162,0.00121,0.00941,0.00054,3
la-blues-ayres-band,La Blue’s Ayres Band,5,0.00081,0.00057,0.00183,0.00035,5
la-bluesbanda,La Bluesbanda,4,0.00065,2e-05,0.00469,0.00019,5
la-blurder,La Blurder,0,0.0,0,0.0,4e-05,548
la-bohemia,La Bohemia,0,0.0,0,0.0,4e-05,549
la-bolsa,La Bolsa,0,0.0,0,0.0,4e-05,550
la-bolsa-2,La Bolsa,0,0.0,0,0.0,4e-05,551
la-bomba-de-tiempo,La Bomba de Tiempo,7,0.00113,0.00292,0.00672,0.00038,9
la-bonzaire-reggae-band,La Bonzaire Reggae Band,0,0.0,0,0.0,4e-05,552
la-borbona,La Borbona,0,0.0,0,0.0,4e-05,553
la-borgona,La Borgoña,0,0.0,0,0.0,4e-05,554
la-boris,La Boris,0,0.0,0,0.0,4e-05,555
la-brizuela-mendez,La Brizuela Méndez,0,0.0,0,0.0,4e-05,556
la-buenos-ayres-blues-band,La Buenos Ayres Blues Band,3,0.00048,0.00028,0.00169,0.00017,3
la-bufanda,La Bufanda,0,0.0,0,0.0,4e-05,557
la-bufona,La Bufona,0,0.0,0,0.0,4e-05,558
la-burra-al-trigo,La Burra al trigo,0,0.0,0,0.0,4e-05,559
las-bermudas,Las Bermudas,3,0.00048,0.00051,3e-05,0.00031,8
las-blacanblus,Las Blacanblus,11,0.00178,0.00488,0.01014,0.00062,5
las-bodas-quimicas,Las Bodas Químicas,0,0.0,0,0.0,4e-05,560
lautaro-barcelo,Lautaro Barceló,3,0.00048,0,0.0,0.00052,27
lautaro-brenes,Lautaro Brenes,1,0.00016,0.0,0.00061,0.0001,1
leandro-bondi,Leandro Bondi,0,0.0,0,0.0,4e-05,561
leslie-buron,Leslie Burón,6,0.00097,0.00159,0.01757,0.00032,1
los-bardos,Los Bardos,0,0.0,0,0.0,4e-05,562
los-barenboim,Los Barenboim,0,0.0,0,0.0,4e-05,563
los-barreiro,Los Barreiro,0,0.0,0,0.0,4e-05,564
los-barriletes,Los Barriletes,0,0.0,0,0.0,4e-05,565
los-barrocos,Los Barrocos,0,0.0,0,0.0,4e-05,566
los-bastarddos,Los Bastarddos,5,0.00081,0.00023,0.01011,0.00024,0
los-beatniks,Los Beatniks,4,0.00065,0.00012,0.00432,0.00028,5
los-beretta,Los Beretta,0,0.0,0,0.0,4e-05,567
los-besos,Los Besos,0,0.0,0,0.0,4e-05,568
los-bichos,Los Bichos,2,0.00032,0.0,0.00466,0.0001,1
los-bicis,Los Bicis,2,0.00032,0.0001,0.01485,0.00014,1
los-bilis,Los Bilis,0,0.0,0,0.0,4e-05,569
los-bizzarros,Los Bizzarros,0,0.0,0,0.0,4e-05,570
los-blues-makers,Los Blues Makers,3,0.00048,0.0,0.0158,0.00014,1
los-bluyines,Los Bluyines,2,0.00032,0.00036,0.0,0.0003,19
los-bonsones,Los Bonsones,0,0.0,0,0.0,4e-05,571
los-brazos-largos,Los Brazos Largos,0,0.0,0,0.0,4e-05,572
los-brujos,Los Brujos,19,0.00307,0.00498,0.02176,0.00104,2
los-brujos-mandioca,Los Brujos,20,0.00323,0.00689,0.01085,0.00102,2
los-buhos,Los Búhos,2,0.00032,1e-05,0.00342,0.00011,5
los-burros,Los Burros,5,0.00081,0.00099,0.00082,0.00029,0
luca-bocci,Luca Bocci,1,0.00016,0.0,0.0,0.00013,2
marcelo-boccanegra,Marcelo Boccanegra,0,0.0,0,0.0,4e-05,573
mariana-baraj,Mariana Baraj,9,0.00145,0.00194,0.00801,0.00049,2
mariana-bianchini,Mariana Bianchini,8,0.00129,0.00086,0.00201,0.00051,9
mariano-biasin,Mariano Biasin,0,0.0,0,0.0,4e-05,574
marilina-bertoldi,Marilina Bertoldi,8,0.00129,0.00134,0.00296,0.00049,8
matias-berna,Matías Berna,2,0.00032,0.00036,0.00075,0.00019,0
matt-buzz,Matt Buzz,2,0.00032,0.0,0.00073,0.00013,4
meliza-blanco,Meliza Blanco,2,0.00032,0.00019,0.00085,0.00013,2
mercedes-borrell,Mercedes Borrell,1,0.00016,0.0,0.00011,0.0001,18
nahuel-briones,Nahuel Briones,3,0.00048,0.0004,0.00388,0.00017,14
nicolas-bereciartua,Nicolás Bereciartúa,6,0.00097,0.00295,0.00495,0.00038,1
rosario-blefari,Rosario Bléfari,12,0.00194,0.00318,0.00243,0.00087,12
sandra-baylac,Sandra Baylac,1,0.00016,0.0,0.00258,8e-05,1
santiago-besasso,Santiago Besasso,0,0.0,0,0.0,4e-05,575
saul-blanch,Saúl Blanch,5,0.00081,0.00017,0.00127,0.0003,7
sebastian-blanco,Sebastián Blanco,0,0.0,0,0.0,4e-05,576
sherman-bertasio,Sherman Bertasio,1,0.00016,0.0,0.00012,0.0001,2
sol-bassa,Sol Bassa,0,0.0,0,0.0,4e-05,577
ulises-butron,Ulises Butrón,21,0.00339,0.00361,0.05746,0.00101,2
viko-brat,Viko Brat,0,0.0,0,0.0,4e-05,578
zeta-bosio,Zeta Bosio,20,0.00323,0.005,0.03125,0.00108,2
aime-cantilo,Aimé Cantilo,0,0.0,0,0.0,4e-05,579
alejandro-cambiaggi,Alejandro Cambiaggi,1,0.00016,0.0,0.00014,0.00018,0
alfredo-casero,Alfredo Casero,5,0.00081,0.00074,0.00676,0.00031,5
andres-calamaro,Andrés Calamaro,86,0.0139,0.06421,0.20969,0.00399,1
andy-chango,Andy Chango,2,0.00032,0.00036,0.00032,0.00021,6
babu-cervino,Babú Cerviño,3,0.00048,4e-05,0.00589,0.00015,1
baltasar-comotto,Baltasar Comotto,6,0.00097,0.00045,0.02356,0.00027,1
benito-cerati,Benito Cerati,4,0.00065,0.0004,0.01542,0.00027,2
billy-cafaro,Billy Cafaro,1,0.00016,0.0,0.00075,9e-05,3
c4,C4,1,0.00016,0.0,0.00022,9e-05,0
ca7riel,Ca7riel,0,0.0,0,0.0,4e-05,580
cabala-ska,Cábala Ska,1,0.00016,0.0,0.00307,8e-05,0
caballeros-negros,Caballeros Negros,0,0.0,0,0.0,4e-05,581
caballito-el-16,Caballito el 16,1,0.00016,0.0,0.0001,0.00019,3
caballo-vapor,Caballo Vapor,1,0.00016,0.0,0.00322,8e-05,1
caballos-de-noche,Caballos de Noche,0,0.0,0,0.0,4e-05,582
cabernet,Cabernet,3,0.00048,0.00044,0.00126,0.00024,6
cabeza-de-chola,Cabeza de Chola,1,0.00016,0.0,0.00044,9e-05,0
cabeza-flotante,Cabeza flotante,0,0.0,0,0.0,4e-05,583
cabeza-hueca,Cabeza Hueca,0,0.0,0,0.0,4e-05,584
cabezones,Cabezones,12,0.00194,0.00612,0.00719,0.00073,4
cable-a-tierra,Cable a tierra,1,0.00016,0.0,0.00146,9e-05,1
cachorros-vagos,Cachorros Vagos,1,0.00016,0,0.0,0.00028,67
cactus,Cáctus,1,0.00016,0.0,0.00146,9e-05,1
cactus-2,Cáctus,0,0.0,0,0.0,4e-05,585
cadan,Cadan,1,0.00016,0.0,0.0005,0.0001,3
cadaveres,Cadáveres,0,0.0,0,0.0,4e-05,586
cadaveres-ilustres,Cadáveres ilustres,2,0.00032,0.0,0.00038,0.00016,3
cadena-perpetua,Cadena Perpetua,24,0.00388,0.00711,0.00432,0.00138,6
cadenas,Cadenas,0,0.0,0,0.0,4e-05,587
caen-rayos,Caen Rayos,0,0.0,0,0.0,4e-05,588
cafundo,Cafundó,0,0.0,0,0.0,4e-05,589
cain-cain,Caín Caín,0,0.0,0,0.0,4e-05,590
cajale-cazazo,Cajale Cazazo,3,0.00048,2e-05,0.00372,0.00017,3
calakas,Calakas,0,0.0,0,0.0,4e-05,591
caleidoscopio,Caleidoscopio,0,0.0,0,0.0,4e-05,592
calendar,Calendar,0,0.0,0,0.0,4e-05,593
callate-mark,Callate Mark,3,0.00048,0.00035,0.00336,0.00019,0
callejera,Callejera,0,0.0,0,0.0,4e-05,594
callejeros,Callejeros,12,0.00194,0.00507,0.02093,0.00074,0
calles-sin-fin,Calles sin fin,0,0.0,0,0.0,4e-05,595
calma-isabel,Calma Isabel,0,0.0,0,0.0,4e-05,596
calmanino,CalmaNiño,1,0.00016,0.0,0.0006,8e-05,0
camba,Cambá,0,0.0,0,0.0,4e-05,597
cambia-la-biblia,Cambiá la Biblia,0,0.0,0,0.0,4e-05,598
camboya,Camboya,0,0.0,0,0.0,4e-05,599
camelar,Camelar,0,0.0,0,0.0,4e-05,600
camelia,Camelia,2,0.00032,0,0.0,0.00029,23
camello,Camello,0,0.0,0,0.0,4e-05,601
camena,Camena,0,0.0,0,0.0,4e-05,602
camerata-soledad,Camerata Soledad,0,0.0,0,0.0,4e-05,603
cameron,Cameron,1,0.00016,0.0,0.00073,9e-05,11
camila-barre,Camila Barre,0,0.0,0,0.0,4e-05,604
camilu,Camilú,0,0.0,0,0.0,4e-05,605
camineros,Camineros,0,0.0,0,0.0,4e-05,606
camion,Camión,0,0.0,0,0.0,4e-05,607
camionero,Camionero,0,0.0,0,0.0,4e-05,608
camiones-en-la-casa,Camiones en la Casa,3,0.00048,0.00015,0.00373,0.00017,3
campeones-de-la-b,Campeones de la B,0,0.0,0,0.0,4e-05,609
camperas,Camperas,2,0.00032,0.00036,0.0,0.00029,13
camus,Camus,1,0.00016,0,0.0,0.00022,44
can-can,Can Can,2,0.00032,0.00071,0.00124,0.00019,47
cana-de-azucar,Caña de azúcar,4,0.00065,0.0002,0.00436,0.00021,0
candido,Cándido,0,0.0,0,0.0,4e-05,610
canibal-can,Caníbal Can,2,0.00032,0.0,0.00038,0.00014,0
cannas-verdes,Cannas Verdes,0,0.0,0,0.0,4e-05,611
canon,Canon,1,0.00016,0.0,0.00023,0.00011,10
cantachikis-y-sus-pulgas,Cantachikis y sus pulgas,0,0.0,0,0.0,4e-05,612
canto-el-cuerpo-electrico,Canto el Cuerpo Eléctrico,0,0.0,0,0.0,4e-05,613
canto-rodado,Canto rodado,0,0.0,0,0.0,4e-05,614
canturbe,Canturbe,1,0.00016,0,0.0,0.00028,65
caos-luz,Caos Luz,1,0.00016,0,0.0,0.00028,79
capaudaz,Capaudaz,0,0.0,0,0.0,4e-05,615
cape-la-minga,Cape La Minga,0,0.0,0,0.0,4e-05,616
caperucita-coya,Caperucita Coya,0,0.0,0,0.0,4e-05,617
capitan-amarillo,Capitán Amarillo,1,0.00016,0.0,0.00012,9e-05,0
capitan-espora-y-la-retreta-del-desierto,Capitán Espora y la retreta del desierto,0,0.0,0,0.0,4e-05,618
capitan-saturno,Capitán Saturno,0,0.0,0,0.0,4e-05,619
capitan-tifus,Capitán Tifus,4,0.00065,0.00168,0.00345,0.00025,0
caporal,Caporal,0,0.0,0,0.0,4e-05,620
capri,Capri,1,0.00016,0.0,0.00047,9e-05,2
caprichosa,Caprichosa,0,0.0,0,0.0,4e-05,621
capuchas-de-hop,Capuchas de Hop,1,0.00016,0.0,0.00017,9e-05,2
carajo,Carajo,4,0.00065,0.00258,0.00376,0.00027,0
caras-descartables,Caras descartables,0,0.0,0,0.0,4e-05,622
caravana,Caravana,0,0.0,0,0.0,4e-05,623
caravana-santa,Caravana Santa,0,0.0,0,0.0,4e-05,624
carca,Carca,8,0.00129,0.00103,0.02023,0.0004,2
carceleros-del-destino,Carceleros del destino,1,0.00016,0.0,0.00259,9e-05,0
cardo-ruso,Cardo Ruso,1,0.00016,0.0,0.00024,0.0001,11
carga-viva,Carga viva,1,0.00016,0,0.0,0.0002,27
caridad-canelon,Caridad Canelón,0,0.0,0,0.0,4e-05,625
carillon,Carillon,0,0.0,0,0.0,4e-05,626
carlos-cutaia,Carlos Cutaia,17,0.00275,0.00365,0.05633,0.00086,1
carmelas,Carmelas,1,0.00016,0.0,2e-05,0.00014,6
carmen,Carmen,1,0.00016,0.0,0.00623,8e-05,2
carmina-burana,Carmina Burana,9,0.00145,0.00435,0.00761,0.0005,3
carnauva,Carnauva,0,0.0,0,0.0,4e-05,627
carnavale-di-vendetta,Carnavale di Vendetta,0,0.0,0,0.0,4e-05,628
carne-gaucha,Carne Gaucha,1,0.00016,0.0,0.00307,8e-05,0
carne-para-cerdos,Carne Para Cerdos,1,0.00016,0,0.0,0.00028,30
carneviva,Carneviva,0,0.0,0,0.0,4e-05,629
carnivoros,Carnívoros,4,0.00065,0.00158,0.00415,0.00022,6
carola,Carola,3,0.00048,0.0,0.00353,0.0002,1
carolina,Carolina,1,0.00016,0.0,0.0009,8e-05,5
carriot,Carriot,0,0.0,0,0.0,4e-05,630
carrona-sharong,Carroña Sharong,2,0.00032,0.00022,0.00098,0.00015,8
cartenders,Cartenders,0,0.0,0,0.0,4e-05,631
casa-naranja,Casa Naranja,0,0.0,0,0.0,4e-05,632
casanovas,Casanovas,0,0.0,0,0.0,4e-05,633
cascara,Cáscara,0,0.0,0,0.0,4e-05,634
casco,Casco,2,0.00032,0.0,0.00086,0.00017,13
caserito,Caserito,2,0.00032,0.0,0.00027,0.00016,0
cash,Cash,0,0.0,0,0.0,4e-05,635
casi-justicia-social,Casi Justicia Social,2,0.00032,0.0,0.00107,0.00022,0
casita-de-salvajes,Casita de Salvajes,1,0.00016,0.0,1e-05,0.00011,6
caspios,Caspios,0,0.0,0,0.0,4e-05,636
castanas-de-caju,Castañas de Cajú,3,0.00048,5e-05,0.00218,0.00017,13
catalinatom,Catalinatom,1,0.00016,0.0,2e-05,0.00012,16
cataratas,Cataratas,0,0.0,0,0.0,4e-05,637
catarsis,Catarsis,1,0.00016,0.0,0.00011,9e-05,3
catimbao,Catimbao,1,0.00016,0.0,0.00255,0.00012,0
catupecu-machu,Catupecu Machu,45,0.00727,0.02121,0.03857,0.00225,4
caya-canaya,Caya Canaya,0,0.0,0,0.0,4e-05,638
cazacuervos,Cazacuervos,0,0.0,0,0.0,4e-05,639
cazadores,Cazadores,2,0.00032,1e-05,0.00048,0.00015,3
cazote-sano,Cazote Sano,0,0.0,0,0.0,4e-05,640
ce-ce-cutaia,Ce.Ce.Cutaia,4,0.00065,2e-05,0.00917,0.00026,1
cecilia-krill-contesta,Cecilia Krill Contesta,1,0.00016,0.0,4e-05,0.00011,4
cehacherespira,CeHacheRespira,1,0.00016,0,0.0,0.00028,137
celeste-carballo,Celeste Carballo,27,0.00436,0.00758,0.0651,0.0013,1
celofan,Celofán,3,0.00048,2e-05,0.00032,0.00018,5
cenote,Cenote,3,0.00048,0.00034,0.0234,0.00016,8
cerati-melero,Cerati / Melero,6,0.00097,0.00236,0.01992,0.0003,2
cerca-del-final,Cerca del final,3,0.00048,0.00017,0.0002,0.00027,12
cerebros-vacios,Cerebros Vacíos,0,0.0,0,0.0,4e-05,641
cero,Cero,0,0.0,0,0.0,4e-05,642
cero-absoluto,Cero absoluto,1,0.00016,0.0,0.00015,0.00012,1
cero-positivo,Cero Positivo,0,0.0,0,0.0,4e-05,643
cerro-dublin,Cerro Dublín,0,0.0,0,0.0,4e-05,644
certamente-roma,Certamente Roma,0,0.0,0,0.0,4e-05,645
cesar-en-la-loma,César en la loma,0,0.0,0,0.0,4e-05,646
cesped,Césped,0,0.0,0,0.0,4e-05,647
cexxxa,Cexxxa,6,0.00097,0.00246,0.00176,0.00037,2
chaboncitos,Chaboncitos,0,0.0,0,0.0,4e-05,648
chaio,Chaio,0,0.0,0,0.0,4e-05,649
chajapalas,Chajapalas,0,0.0,0,0.0,4e-05,650
chake,Chake,1,0.00016,0.0,0.00203,8e-05,0
chala-madre,Chala Madre,2,0.00032,0.00019,0.00208,0.00014,14
chala-rasta,Chala Rasta,4,0.00065,0.00072,0.00171,0.00024,10
chalina,Chalina,3,0.00048,0.00011,0.01133,0.00016,4
chamanes,Chamanes,0,0.0,0,0.0,4e-05,651
chancha-via-circuito,Chancha Via Circuito,0,0.0,0,0.0,4e-05,652
chancho-va,Chancho va,3,0.00048,0.00022,0.00091,0.00027,4
chaneton,Chaneton,0,0.0,0,0.0,4e-05,653
changos,Changos,0,0.0,0,0.0,4e-05,654
chapones,Chapones,1,0.00016,0.0,0.00017,0.0001,3
charlatanes-de-feria,Charlatanes de Feria,0,0.0,0,0.0,4e-05,655
charlie3,Charlie3,2,0.00032,0.0,0.00085,0.00015,2
charlotte,Charlotte,1,0.00016,0.0,0.00038,8e-05,2
chau-coco,Chau Coco,0,0.0,0,0.0,4e-05,656
chau-pekin,Chau Pekin,0,0.0,0,0.0,4e-05,657
chavanes,Chavanes,0,0.0,0,0.0,4e-05,658
che-guru,Che Gurú,0,0.0,0,0.0,4e-05,659
che-payaso,Che Payaso,0,0.0,0,0.0,4e-05,660
che-sudaka,Che Sudaka,4,0.00065,0.00017,0.00121,0.00025,0
chechenia,Chechenia,0,0.0,0,0.0,4e-05,661
chemanico,Chemánico,0,0.0,0,0.0,4e-05,662
chess,Chess,0,0.0,0,0.0,4e-05,663
chesterfield,Chesterfield,0,0.0,0,0.0,4e-05,664
chevy-rockets,Chevy Rockets,2,0.00032,6e-05,0.00023,0.00017,6
chi-hai,Chi Hai,0,0.0,0,0.0,4e-05,665
chico-laser,Chico láser,0,0.0,0,0.0,4e-05,666
chico-voodoo,Chico Voodoo,0,0.0,0,0.0,4e-05,667
chicos-de-fabrica,Chicos de fábrica,1,0.00016,0.0,0.00018,9e-05,3
chicosvaca,Chicosvaca,0,0.0,0,0.0,4e-05,668
chillan-las-bestias,Chillan Las Bestias,3,0.00048,0.00036,4e-05,0.00032,9
chinchemoye,Chinchemoye,1,0.00016,0.0,0.00284,8e-05,0
chineko,Chineko,4,0.00065,0.00047,0.00699,0.0002,1
chinelas-persas,Chinelas Persas,2,0.00032,0.00037,0.00221,0.00013,7
chiquero,Chiquero,0,0.0,0,0.0,4e-05,669
chivilco,Chivilco,1,0.00016,0.0,0.00284,8e-05,0
chobeleen,Chobeleen,0,0.0,0,0.0,4e-05,670
choke,Choke,0,0.0,0,0.0,4e-05,671
choque-generacional,Choque Generacional,0,0.0,0,0.0,4e-05,672
chucaro,Chúcaro,1,0.00016,0.0,0.0,0.00011,9
chykle,Chykle,0,0.0,0,0.0,4e-05,673
ciclomotor,Ciclomotor,0,0.0,0,0.0,4e-05,674
ciclope-demoledor,Ciclope Demoledor,0,0.0,0,0.0,4e-05,675
cid-campeador,Cid Campeador,1,0.00016,0.0,0.00363,8e-05,1
cielo-razzo,Cielo Razzo,22,0.00356,0.01229,0.02591,0.00138,4
cielofinal,Cielofinal,2,0.00032,0.0,0.00569,0.00012,0
cieloinfierno,Cieloinfierno,0,0.0,0,0.0,4e-05,676
cien-1000-anos,Cien 1000 Años,0,0.0,0,0.0,4e-05,677
cien-peces-piensan,Cien Peces Piensan,0,0.0,0,0.0,4e-05,678
cienaga,Ciénaga,0,0.0,0,0.0,4e-05,679
cienfuegos,Cienfuegos,5,0.00081,3e-05,0.00658,0.00027,0
cienmil,Cienmil,0,0.0,0,0.0,4e-05,680
cientificos-del-palo,Científicos del Palo,5,0.00081,0.00374,0.00078,0.00039,8
cigalpa,Cigalpa,1,0.00016,0.0,0.00103,8e-05,2
cigarro-mojado,Cigarro mojado,3,0.00048,0.00042,0.00021,0.00028,6
cinco-litros,Cinco Litros,0,0.0,0,0.0,4e-05,681
cine,Cine,0,0.0,0,0.0,4e-05,682
cine-continuado,Cine Continuado,0,0.0,0,0.0,4e-05,683
cine-ruso,Cine Ruso,0,0.0,0,0.0,4e-05,684
cinema,Cinema,0,0.0,0,0.0,4e-05,685
cinematica,Cinemática,0,0.0,0,0.0,4e-05,686
cinerama,Cinerama,3,0.00048,0.00035,0.00807,0.00016,0
cinerama-2,Cinerama,3,0.00048,6e-05,0.00616,0.00016,0
circo-durmiente,Circo durmiente,0,0.0,0,0.0,4e-05,687
circo-ficcion,Circo ficción,0,0.0,0,0.0,4e-05,688
circo-pagano,Circo Pagano,0,0.0,0,0.0,4e-05,689
circulando,Circulando,0,0.0,0,0.0,4e-05,690
circulo-ateniense,Círculo Ateniense,0,0.0,0,0.0,4e-05,691
ciro-y-los-persas,Ciro & Los Persas,13,0.0021,0.00222,0.01257,0.00066,0
cirse,Cirse,2,0.00032,0.00036,0.01037,0.00018,1
ciruela-split,Ciruela Split,0,0.0,0,0.0,4e-05,692
ciruelo,Ciruelo,0,0.0,0,0.0,4e-05,693
cisma,Cisma,0,0.0,0,0.0,4e-05,694
cith,Cith,2,0.00032,0.00012,0.00315,0.00013,10
ciudad-baigon,Ciudad Baigón,0,0.0,0,0.0,4e-05,695
ciudad-casino,Ciudad Casino,0,0.0,0,0.0,4e-05,696
ciudad-de-los-sauces,Ciudad de los Sauces,1,0.00016,0,0.0,0.00016,34
ciudad-feliz,Ciudad Feliz,0,0.0,0,0.0,4e-05,697
ciudadano-kane,Ciudadano Kane,0,0.0,0,0.0,4e-05,698
ciudadano-mambo,Ciudadano Mambo,0,0.0,0,0.0,4e-05,699
ciudavitecos,Ciudavitecos,3,0.00048,0.00049,0.00133,0.00023,3
clandestinos,Clandestinos,3,0.00048,0.00014,0.0034,0.00016,10
clap,Clap,11,0.00178,0.00184,0.03663,0.00055,2
clark-kent,Clark Kent,0,0.0,0,0.0,4e-05,700
clarks-79,Clarks 79,0,0.0,0,0.0,4e-05,701
clase-c,Clase C,0,0.0,0,0.0,4e-05,702
clase-z,Clase Z,0,0.0,0,0.0,4e-05,703
clavos-band,Clavo’s Band,4,0.00065,0.00057,0.00526,0.00021,7
clavos-sin-cabeza,Clavos sin Cabeza,0,0.0,0,0.0,4e-05,704
clay,Clay,0,0.0,0,0.0,4e-05,705
cldscp,CLDSCP,0,0.0,0,0.0,4e-05,706
climavicius,Climavicius,0,0.0,0,0.0,4e-05,707
clinch,Clinch!,0,0.0,0,0.0,4e-05,708
clini-k,Clini-k,0,0.0,0,0.0,4e-05,709
clonosaurios,Clonosaurios,0,0.0,0,0.0,4e-05,710
club-astrolabio,Club Astrolabio,1,0.00016,0.0,6e-05,0.00014,29
club-bemol,Club bemol,0,0.0,0,0.0,4e-05,711
club-bilderberg,Club Bilderberg,0,0.0,0,0.0,4e-05,712
club-de-guitarras-callejeras,Club de Guitarras Callejeras,2,0.00032,1e-05,0.00155,0.00015,5
club-gong,Club Gong,2,0.00032,0.0,0.00564,0.00012,0
club-rock,Club Rock,0,0.0,0,0.0,4e-05,713
cnnbs,CNNBS,0,0.0,0,0.0,4e-05,714
cobra-sarli,Cobra Sarli,2,0.00032,0.00036,9e-05,0.00022,8
coche-furgon,Coche furgón,0,0.0,0,0.0,4e-05,715
cochecama,Cochecama,1,0.00016,0.0,2e-05,0.00013,21
cochinos,Cochinos,0,0.0,0,0.0,4e-05,716
coco,Coco,0,0.0,0,0.0,4e-05,717
cocodrilo,Cocodrilo,1,0.00016,0.0,0.00019,0.00011,12
coctel,Cóctel,0,0.0,0,0.0,4e-05,718
coda,Coda,0,0.0,0,0.0,4e-05,719
codex,Codex,0,0.0,0,0.0,4e-05,720
codigo-natural,Código Natural,0,0.0,0,0.0,4e-05,721
cohiba,Cohiba,0,0.0,0,0.0,4e-05,722
coiffeur,Coiffeur,1,0.00016,0,0.0,0.0002,33
coki-y-the-killer-burritos,Coki & the Killer Burritos,7,0.00113,0.0013,0.01538,0.00042,1
cola-de-pato,Cola de Pato,3,0.00048,5e-05,0.00304,0.00019,0
colerico-buda,Colérico Buda,0,0.0,0,0.0,4e-05,723
colision,Colisión,0,0.0,0,0.0,4e-05,724
colision-2,Colisión,0,0.0,0,0.0,4e-05,725
color-azul,Color Azul,0,0.0,0,0.0,4e-05,726
color-chino,Color Chino,2,0.00032,0.00071,3e-05,0.00023,5
color-humano,Color Humano,12,0.00194,0.00346,0.03741,0.00066,1
comando-suicida,Comando suicida,1,0.00016,0.0,0.00027,0.0001,0
combo-serrano,Combo Serrano,0,0.0,0,0.0,4e-05,727
comida-china,Comida China,1,0.00016,0.0,0.00316,8e-05,1
como-diamantes-telepaticos,Como Diamantes Telepáticos,0,0.0,0,0.0,4e-05,728
como-salga,Como salga,0,0.0,0,0.0,4e-05,729
compadritos,Compadritos,0,0.0,0,0.0,4e-05,730
companero-asma,Compañero Asma,5,0.00081,0.00085,0.00451,0.0003,11
compermiso,Compermiso,0,0.0,0,0.0,4e-05,731
condena-perpetua,Condena Perpetua,1,0.00016,0,0.0,0.00028,140
condicion-humana,Condición humana,0,0.0,0,0.0,4e-05,732
conexion,Conexión,0,0.0,0,0.0,4e-05,733
conexionistas,Conexionistas,3,0.00048,0.00045,0.00237,0.0002,7
confeti,Confeti,0,0.0,0,0.0,4e-05,734
confucionistas,Confucionistas,1,0.00016,0,0.0,0.00028,71
coni-cibils,Coni Cibils,4,0.00065,0.00013,0.00465,0.00021,2
conjunto-falopa,Conjunto Falopa,0,0.0,0,0.0,4e-05,735
connor-questa,Connor Questa,2,0.00032,1e-05,0.00078,0.00018,8
conociendo-rusia,Conociendo Rusia,4,0.00065,0.00038,0.00247,0.00022,8
conspiradores,Conspiradores,0,0.0,0,0.0,4e-05,736
contenido-neto,Contenido Neto,0,0.0,0,0.0,4e-05,737
contragolpe,Contragolpe,1,0.00016,0.0,0.00406,8e-05,0
contraluz,Contraluz,1,0.00016,0.0,0.0007,9e-05,3
contravos,Contravos,3,0.00048,5e-05,0.00069,0.00018,0
convergencia,Convergencia,0,0.0,0,0.0,4e-05,738
convido,Convido,0,0.0,0,0.0,4e-05,739
cool-confusion,Cool Confusion,1,0.00016,0.0,2e-05,0.00012,7
copula,Cópula,0,0.0,0,0.0,4e-05,740
coral,Coral,1,0.00016,0.0,0.00258,8e-05,1
coral-2,Coral,2,0.00032,0.0,0.00618,0.00011,1
coral-casino,Coral Casino,0,0.0,0,0.0,4e-05,741
coral-rock-sonic,Coral Rock Sonic,3,0.00048,2e-05,0.00587,0.00015,1
coralies,Coralies,0,0.0,0,0.0,4e-05,742
corazones-muertos,Corazones Muertos,0,0.0,0,0.0,4e-05,743
corderos,Corderos,0,0.0,0,0.0,4e-05,744
corderos-perdidos,Corderos perdidos,0,0.0,0,0.0,4e-05,745
cordyceps,Cordyceps,0,0.0,0,0.0,4e-05,746
cormoran,Cormorán,0,0.0,0,0.0,4e-05,747
coronados-de-gloria,Coronados de Gloria,1,0.00016,0.0,0.0,0.00012,9
corporal-moore,Corporal Moore,0,0.0,0,0.0,4e-05,748
corpus-christi,Corpus Christi,0,0.0,0,0.0,4e-05,749
cortesanos,Cortesanos,0,0.0,0,0.0,4e-05,750
corteza,Corteza,0,0.0,0,0.0,4e-05,751
corto-plazo,Corto Plazo,4,0.00065,0.00077,8e-05,0.00044,8
corvex,Corvex,0,0.0,0,0.0,4e-05,752
cosaquitos-en-globo,Cosaquitos en Globo,0,0.0,0,0.0,4e-05,753
cosas-que-pasan,Cosas que pasan,4,0.00065,0.00031,0.00436,0.00023,4
cosmeticos,Cosméticos,4,0.00065,0.0002,0.00942,0.0002,8
cosmo,Cosmo,3,0.00048,0.00056,0.00021,0.00021,12
cosmopeluza,Cosmopeluza,0,0.0,0,0.0,4e-05,754
cosmos-people,Cosmos People,0,0.0,0,0.0,4e-05,755
costa-canal,Costa Canal,0,0.0,0,0.0,4e-05,756
cotangente-rnvc,Cotangente RNVC,0,0.0,0,0.0,4e-05,757
coverheads,Coverheads,6,0.00097,0.00076,0.00636,0.00028,7
coya,Coya,0,0.0,0,0.0,4e-05,758
coya-boyz,Coya Boyz,0,0.0,0,0.0,4e-05,759
crater-amentia,Cráter Amentia,0,0.0,0,0.0,4e-05,760
crazy-mama,Crazy Mama,0,0.0,0,0.0,4e-05,761
crema-del-cielo,Crema del cielo,4,0.00065,0.00049,0.00125,0.00022,6
crematorio,Crematorio,0,0.0,0,0.0,4e-05,762
crewrod,Crewrod,0,0.0,0,0.0,4e-05,763
criadcrias,Criadcrias,1,0.00016,0.0,1e-05,0.00013,13
criakuervos,Críakuervos,0,0.0,0,0.0,4e-05,764
crimen-perfecto,Crimen perfecto,4,0.00065,0.00281,0.00142,0.00031,0
criminales,Criminales,0,0.0,0,0.0,4e-05,765
crio,Crio,0,0.0,0,0.0,4e-05,766
crisalida,Crisálida,0,0.0,0,0.0,4e-05,767
cristian-calavia,Cristian Calavia,0,0.0,0,0.0,4e-05,768
cristobal-y-la-reina,Cristóbal y la Reina,0,0.0,0,0.0,4e-05,769
cromo,Cromo,0,0.0,0,0.0,4e-05,770
cromosoma-x,Cromosoma X,0,0.0,0,0.0,4e-05,771
crosstown-traffic,Crosstown Traffic,2,0.00032,0.00036,0.0,0.00032,11
cruce-peligroso,Cruce peligroso,0,0.0,0,0.0,4e-05,772
crucis,Crucis,10,0.00162,0.00612,0.02551,0.00053,1
cruel-nocturna,Cruel Nocturna,0,0.0,0,0.0,4e-05,773
cruentor,Cruentor,0,0.0,0,0.0,4e-05,774
cruz-del-sur,Cruz del Sur,0,0.0,0,0.0,4e-05,775
cruz-maldonado,Cruz Maldonado,0,0.0,0,0.0,4e-05,776
cruzando-el-charco,Cruzando El Charco,2,0.00032,0.00071,0.00023,0.00029,3
cruzdiablo,Cruzdiablo,2,0.00032,6e-05,0.00095,0.00013,7
ctx,CTX,0,0.0,0,0.0,4e-05,777
cuadrado-negro,Cuadrado negro,0,0.0,0,0.0,4e-05,778
cuadros-invitados,Cuadros Invitados,1,0.00016,0.0,0.00025,0.0001,0
cualquier-limon,Cualquier Limón,1,0.00016,0.0,0.00021,0.0001,13
cuarto-cafe,Cuarto café,0,0.0,0,0.0,4e-05,779
cuarto-elemento,Cuarto elemento,0,0.0,0,0.0,4e-05,780
cuarto-panel,Cuarto panel,0,0.0,0,0.0,4e-05,781
cuartoelemento,Cuartoelemento,0,0.0,0,0.0,4e-05,782
cuatro-al-hilo,Cuatro al Hilo,7,0.00113,0.00134,0.04066,0.00037,1
cuatro-payasos-muertos,Cuatro Payasos Muertos,1,0.00016,0.0,0.003,8e-05,1
cuatro-pesos-de-propina,Cuatro Pesos de Propina,1,0.00016,0.0,0.0002,9e-05,2
cuatro-tres-dos,Cuatro Tres Dos,0,0.0,0,0.0,4e-05,783
cuatro-varas,Cuatro Varas,0,0.0,0,0.0,4e-05,784
cuatro-y-cuarto,Cuatro y Cuarto,0,0.0,0,0.0,4e-05,785
cuatrocientosonce,CuatroCientosOnce,0,0.0,0,0.0,4e-05,786
cubas,Cubas,3,0.00048,0.00011,0.00717,0.00016,7
cubas-de-roble,Cubas de Roble,0,0.0,0,0.0,4e-05,787
cucarachas,Cucarachas,3,0.00048,0.0003,0.0068,0.00016,4
cuco,Cuco,0,0.0,0,0.0,4e-05,788
cucsifae,Cucsifae,1,0.00016,0.0,8e-05,9e-05,10
cuentos-borgeanos,Cuentos Borgeanos,11,0.00178,0.00118,0.00479,0.00069,4
cuerdos-quien,Cuerdos-Quién?,0,0.0,0,0.0,4e-05,789
cuero,Cuero,3,0.00048,0.00036,0.00052,0.00024,5
cuerpo,Cuerpo,1,0.00016,0.0,0.00107,9e-05,0
cuerpo-2,Cuerpo,0,0.0,0,0.0,4e-05,790
cuerpo-celeste,Cuerpo Celeste,1,0.00016,0.0,0.0,0.00012,10
cuesta-arriva,Cuesta Arriva,2,0.00032,9e-05,0.00561,0.00013,3
cuinjas,Cuinjas,0,0.0,0,0.0,4e-05,791
cuino,Cuino Scornik,6,0.00097,0.00024,0.0307,0.00026,6
cul-de-sac,Cul de sac,0,0.0,0,0.0,4e-05,792
culebron-timbal,Culebrón Timbal,0,0.0,0,0.0,4e-05,793
culo-de-mandril,Culo de mandril,0,0.0,0,0.0,4e-05,794
culpables-directos,Culpables directos,0,0.0,0,0.0,4e-05,795
culto-de-toth,Culto de Toth,0,0.0,0,0.0,4e-05,796
cumbia-hasta-el-lunes,Cumbia hasta el lunes,0,0.0,0,0.0,4e-05,797
cumulonimbus,Cumulonimbus,0,0.0,0,0.0,4e-05,798
cumulus,Cumulus,0,0.0,0,0.0,4e-05,799
cundey-molen,Cundey Molen,1,0.00016,0,0.0,0.00016,30
cuore-nero,Cuore Nero,0,0.0,0,0.0,4e-05,800
cuper,Cuper,0,0.0,0,0.0,4e-05,801
curly,Curly,0,0.0,0,0.0,4e-05,802
cursi,Cursi,0,0.0,0,0.0,4e-05,803
custodios,Custodios,2,0.00032,0.00012,0.00279,0.00015,3
cuyoman,Cuyoman,2,0.00032,0.00271,0.00107,0.0002,0
cuzcos,Cuzcos,0,0.0,0,0.0,4e-05,804
cygnus,Cygnus,2,0.00032,0,0.0,0.0004,39
cymbaline,Cymbaline,2,0.00032,0,0.0,0.0004,60
daniel-curto,Daniel Curto,1,0.00016,0.0,0.00139,8e-05,1
david-chorne,David Chorne,3,0.00048,0.00265,0.00147,0.00023,11
de-chamames,De Chamames,0,0.0,0,0.0,4e-05,805
el-cachivache-orkesta,El Cachivache Orkesta,0,0.0,0,0.0,4e-05,806
el-cairo,El Cairo,1,0.00016,0,0.0,0.00028,82
el-cartel-de-buenos-aires,El Cartel de Buenos Aires,0,0.0,0,0.0,4e-05,807
el-clan,El Clan,0,0.0,0,0.0,4e-05,808
el-club-de-los-lopez,El Club de los López,0,0.0,0,0.0,4e-05,809
el-club-de-los-principiantes,El Club de los Principiantes,0,0.0,0,0.0,4e-05,810
el-club-de-marilyn,El Club de Marilyn,0,0.0,0,0.0,4e-05,811
el-conde-y-las-venas,El Conde y las Venas,0,0.0,0,0.0,4e-05,812
el-congo,El Congo,0,0.0,0,0.0,4e-05,813
el-coronel-walker-y-sus-muchachos-surenos,El Coronel Walker y sus Muchachos Sureños,0,0.0,0,0.0,4e-05,814
el-corte,El Corte,30,0.00485,0.0131,0.02247,0.00153,4
el-cuarteto-de-nos,El Cuarteto de Nos,7,0.00113,0.00277,0.00724,0.00037,3
el-cuatriyo,El Cuatriyo,2,0.00032,0.0,0.0204,0.00011,1
el-cuerpo,El Cuerpo,0,0.0,0,0.0,4e-05,815
ezequiel-cutaia,Ezequiel Cutaia,3,0.00048,0.00036,0.00282,0.00023,1
fabiana-cantilo,Fabiana Cantilo,47,0.0076,0.02107,0.15939,0.0022,1
fede-cabral,Fede Cabral,3,0.00048,6e-05,0.00385,0.00027,0
feli-colina,Feli Colina,0,0.0,0,0.0,4e-05,816
flavio-cianciarulo,Flavio Cianciarulo,22,0.00356,0.0045,0.01263,0.00109,0
gabriel-carambula,Gabriel Carámbula,15,0.00242,0.00197,0.03087,0.0008,1
guillermo-cides,Guillermo Cides,2,0.00032,0.00036,0.00132,0.00018,1
guillermo-turco-chiodi,Guillermo Turco Chiodi,3,0.00048,0.00107,0.00182,0.0003,6
gustavo-cerati,Gustavo Cerati,64,0.01035,0.02791,0.14015,0.00308,2
gustavo-cordera,Gustavo Cordera,11,0.00178,0.00191,0.011,0.00057,3
ignacio-copani,Ignacio Copani,1,0.00016,0.0,0.00082,9e-05,1
javier-calamaro,Javier Calamaro,26,0.0042,0.00857,0.06084,0.00121,4
jorge-capello,Jorge Capello,28,0.00453,0.00495,0.05497,0.00108,1
juan-cabral,Juan Cabral,1,0.00016,0.0,5e-05,0.00012,0
juan-campodonico,Juan Campodónico,11,0.00178,0.00437,0.00784,0.00071,3
juan-chiatello,Juan Chiatello,1,0.00016,0,0.0,0.00028,107
la-caja,La Caja,1,0.00016,0,0.0,0.00028,65
la-calavera,La Calavera,1,0.00016,0.0,0.00354,8e-05,4
la-caldera,La Caldera,2,0.00032,1e-05,4e-05,0.00017,10
la-caldera-2,La Caldera,2,0.00032,0.00117,0.00044,0.00016,10
la-canosa,La Canosa,1,0.00016,0.0,0.00129,9e-05,5
la-cantera-de-mendez,La Cantera de Méndez,0,0.0,0,0.0,4e-05,817
la-cara,La Cara,6,0.00097,0.00053,0.00446,0.00036,8
la-cara-de-los-ultimos,La cara de los últimos,3,0.00048,0.00038,0.0051,0.00017,4
la-carga,La Carga,1,0.00016,0.0,0.01476,8e-05,1
la-casatta,La Casatta,2,0.00032,0.00015,0.0039,0.00013,0
la-caverna,La Caverna,0,0.0,0,0.0,4e-05,818
la-celebracion,La Celebración,2,0.00032,1e-05,0.01064,0.00012,2
la-centenera,La Centenera,0,0.0,0,0.0,4e-05,819
la-chaira,La Chaira,0,0.0,0,0.0,4e-05,820
la-chancha-muda,La Chancha Muda,3,0.00048,0.00011,0.00287,0.00019,16
la-chicana,La Chicana,2,0.00032,2e-05,0.00029,0.00015,14
la-chilinga,La Chilinga,7,0.00113,0.00089,0.00452,0.0004,14
la-chingada,La Chingada,0,0.0,0,0.0,4e-05,821
la-chusma,La Chusma,7,0.00113,0.00197,0.00081,0.00057,3
la-ciudad-bajo-la-niebla,La Ciudad Bajo la Niebla,1,0.00016,0.0,0.00023,0.00011,10
la-coca-fernandez,La Coca Fernández,3,0.00048,9e-05,0.00154,0.00018,0
la-cofradia-de-la-flor-solar,La Cofradía de la Flor Solar,12,0.00194,0.00077,0.01749,0.00057,1
la-condena-de-cain,La Condena de Caín,5,0.00081,0.00072,0.00188,0.0003,9
la-condena-de-sigfrid,La Condena de Sigfrid,0,0.0,0,0.0,4e-05,822
la-conexion,La Conexión,3,0.00048,0.00036,0.0002,0.00025,7
la-corte-del-sr-manga,La Corte del Sr Manga,0,0.0,0,0.0,4e-05,823
la-cosa,La Cosa,5,0.00081,0.00312,0.00028,0.00051,3
la-cosecha-blues,La Cosecha Blues,0,0.0,0,0.0,4e-05,824
la-costa,La Costa,0,0.0,0,0.0,4e-05,825
la-costumbre,La Costumbre,0,0.0,0,0.0,4e-05,826
la-covacha,La Covacha,9,0.00145,0.00344,0.00307,0.00051,0
la-crema-news,La Crema News,0,0.0,0,0.0,4e-05,827
la-criatura,La Criatura,4,0.00065,0.00032,0.01026,0.0002,1
la-criolla-rock,La Criolla Rock,0,0.0,0,0.0,4e-05,828
la-cruda,La Cruda,5,0.00081,0.00249,0.00372,0.00029,6
la-cruz,La Cruz,4,0.00065,0.00274,0.00013,0.00038,16
la-cucaracha,La Cucaracha,0,0.0,0,0.0,4e-05,829
la-culpa,La Culpa,0,0.0,0,0.0,4e-05,830
la-cumparsita-rock-72,La Cumparsita Rock 72,0,0.0,0,0.0,4e-05,831
la-curva,La Curva,0,0.0,0,0.0,4e-05,832
las-cabezas-brutas,Las Cabezas brutas,0,0.0,0,0.0,4e-05,833
las-canoplas,Las Canoplas,0,0.0,0,0.0,4e-05,834
las-cosas,Las Cosas,14,0.00226,0.0079,0.00493,0.00085,4
las-cosas-que-pasan,Las Cosas que Pasan,5,0.00081,0.00074,0.00363,0.00033,4
las-cuatro-estaciones,Las Cuatro Estaciones,0,0.0,0,0.0,4e-05,835
las-curvettes,Las Curvettes,1,0.00016,0.0,1e-05,0.00011,14
leandro-chiussi,Leandro Chiussi,0,0.0,0,0.0,4e-05,836
liza-casullo,Liza Casullo,0,0.0,0,0.0,4e-05,837
los-caballeros-de-la-quema,Los Caballeros de la Quema,12,0.00194,0.00326,0.02134,0.00071,6
los-caballeros-de-pedro-juan,Los Caballeros de Pedro Juan,3,0.00048,1e-05,0.00345,0.00016,6
los-cachitos,Los Cachitos,0,0.0,0,0.0,4e-05,838
los-cafres,Los Cafres,39,0.0063,0.01752,0.03254,0.002,0
los-caligaris,Los Caligaris,5,0.00081,9e-05,0.00649,0.00029,0
los-calmantes,Los Calmantes,2,0.00032,1e-05,0.0011,0.00015,3
los-calzones,Los Calzones,2,0.00032,0.00036,0.00107,0.0002,0
los-campos-magneticos,Los Campos magnéticos,3,0.00048,0.00084,0.00071,0.00023,13
los-cataclismos,Los Cataclismos,0,0.0,0,0.0,4e-05,839
los-cavernicolas,Los Cavernícolas,0,0.0,0,0.0,4e-05,840
los-cayos,Los Cayos,0,0.0,0,0.0,4e-05,841
los-chanchos,Los Chanchos,4,0.00065,0.00239,0.0214,0.00022,1
los-chanchos-rengos,Los chanchos rengos,0,0.0,0,0.0,4e-05,842
los-charmanders,Los Charmanders,0,0.0,0,0.0,4e-05,843
los-chicles,Los Chicles,0,0.0,0,0.0,4e-05,844
los-chicos-de-portugal,Los Chicos de Portugal,0,0.0,0,0.0,4e-05,845
los-clones,Los Clones,0,0.0,0,0.0,4e-05,846
los-clotarios,Los Clotarios,0,0.0,0,0.0,4e-05,847
los-cocaleros,Los Cocaleros,0,0.0,0,0.0,4e-05,848
los-cocineros,Los Cocineros,3,0.00048,0.00013,0.00127,0.00028,2
los-codos,Los Codos,0,0.0,0,0.0,4e-05,849
los-coholins,Los Coholins,2,0.00032,0.00236,5e-05,0.00026,0
los-comedores-de-mirtha,Los Comedores de Mirtha,0,0.0,0,0.0,4e-05,850
los-coming-soon,Los Coming Soon,0,0.0,0,0.0,4e-05,851
los-corderos,Los Corderos,0,0.0,0,0.0,4e-05,852
los-corrosivos,Los Corrosivos,0,0.0,0,0.0,4e-05,853
los-corruptos,Los Corruptos,0,0.0,0,0.0,4e-05,854
los-cripis,Los Cripis,0,0.0,0,0.0,4e-05,855
los-cristales,Los Cristales,0,0.0,0,0.0,4e-05,856
los-cuadrados-de-picasso,Los Cuadrados de Picasso,0,0.0,0,0.0,4e-05,857
los-cubiertos,Los Cubiertos,0,0.0,0,0.0,4e-05,858
los-cuerpos,Los Cuerpos,7,0.00113,0.00349,0.01001,0.00042,0
los-cuervos,Los Cuervos,1,0.00016,0,0.0,0.00022,50
los-cuervos-2,Los Cuervos,1,0.00016,0,0.0,0.00022,50
los-culos,Los Culos,0,0.0,0,0.0,4e-05,859
los-culpables-de-todo,Los Culpables de Todo,0,0.0,0,0.0,4e-05,860
los-curandeiros,Los Curandeiros,0,0.0,0,0.0,4e-05,861
luchi-camorra,Luchi Camorra,3,0.00048,7e-05,0.0036,0.00018,2
lucho-cervi,Lucho Cervi,9,0.00145,0.00344,0.01268,0.00047,2
lucho-cicioni,Lucho Cicioni,1,0.00016,0.0,0.00014,9e-05,5
marciano-cantero,Marciano Cantero,2,0.00032,0.00012,0.00061,0.00019,4
maria-jose-cantilo,María José Cantilo,6,0.00097,0.00038,0.02318,0.00025,1
matias-chavez-mendez,Matías Chávez Méndez,12,0.00194,0.00381,0.00548,0.00085,3
mauro-conforti,Mauro Conforti,7,0.00113,0.00129,0.02087,0.00036,2
maximiliano-calvo,Maximiliano Calvo,4,0.00065,0.00043,0.00933,0.00024,1
miguel-cantilo,Miguel Cantilo,19,0.00307,0.00325,0.02143,0.001,5
nico-canedo,Nico Canedo,0,0.0,0,0.0,4e-05,862
nico-cercola,Nico Cércola,4,0.00065,0.00027,0.00481,0.0002,3
nico-cota,Nico Cota,9,0.00145,0.00123,0.01596,0.00044,2
nicolas-carou,Nicolás Carou,5,0.00081,0.00156,0.01155,0.00025,9
pedro-conde,Pedro Conde,15,0.00242,0.00483,0.02925,0.00065,1
pipo-cipolatti,Pipo Cipolatti,11,0.00178,0.00122,0.04136,0.00055,1
richard-coleman,Richard Coleman,25,0.00404,0.00453,0.07888,0.0013,2
roben-couso,Roben Couso,0,0.0,0,0.0,4e-05,863
robinho-cassares,Robinho Cassares,1,0.00016,0,0.0,0.00028,66
ruben-castagnolo,Rubén Castagnolo,4,0.00065,0.00237,0.01765,0.0003,4
seba-cei,Seba Cei,0,0.0,0,0.0,4e-05,864
sebastian-carreras,Sebastián Carreras,0,0.0,0,0.0,4e-05,865
sergio-chotsourian,Sergio Chotsourián,5,0.00081,0.00067,0.00042,0.00039,7
sonia-chammah,Sonia Chammah,3,0.00048,8e-05,0.00738,0.00016,0
sonia-chammah-2,Sonia Chammah,3,0.00048,8e-05,0.00738,0.00016,0
ulises-conti,Ulises Conti,0,0.0,0,0.0,4e-05,866
un-ciervo,Un ciervo,1,0.00016,0.0,0.0,0.00017,13
una-cimarrona,Una Cimarrona,0,0.0,0,0.0,4e-05,867
valentina-cooke,Valentina Cooke,0,0.0,0,0.0,4e-05,868
violeta-castillo,Violeta Castillo,0,0.0,0,0.0,4e-05,869
walter-colonna,Wálter Colonna,0,0.0,0,0.0,4e-05,870
willy-crook,Willy Crook,19,0.00307,0.00508,0.04654,0.00086,1
adrian-dangelo,Adrián D’Angelo,0,0.0,0,0.0,4e-05,871
alejandro-del-prado,Alejandro Del Prado,2,0.00032,0.00036,0.00541,0.0002,1
alejandro-delbono,Alejandro Delbono,3,0.00048,0.00036,0.00044,0.00028,17
braulio-daguirre,Braulio D’Aguirre,10,0.00162,0.00286,0.01266,0.00067,2
johanna-brijow-dragone,Brijow,1,0.00016,0,0.0,0.00028,98
carlos-daniel,Carlos Daniel,4,0.00065,2e-05,0.02265,0.00018,1
carlos-del-farra,Carlos Del Farra,0,0.0,0,0.0,4e-05,872
charlie-desidney,Charlie Desidney,9,0.00145,0.00078,0.00636,0.00048,0
cristina-dall,Cristina Dall,3,0.00048,0.00471,0.00139,0.00025,5
d-champions,D Champions,0,0.0,0,0.0,4e-05,873
d-cero,D-Cero,3,0.00048,0.00018,0.00016,0.00025,3
d-cero-2,D-Cero,3,0.00048,0.00018,0.00016,0.00025,3
d-cima,D-Cima,8,0.00129,0.00157,0.01515,0.00038,0
d-mente,D-Mente,10,0.00162,0.00092,0.01563,0.00055,0
d-pelos,D-Pelos,0,0.0,0,0.0,4e-05,874
daj,D.A.J.,0,0.0,0,0.0,4e-05,875
dietrich,D.I.E.T.R.I.C.H.,0,0.0,0,0.0,4e-05,876
d-i-o-n-i-s-i-o-s,D.I.O.N.I.S.I.O.S,6,0.00097,0.0009,0.01016,0.00029,2
duhalde,D.U.H.A.L.D.E.,0,0.0,0,0.0,4e-05,877
daddy-antogna-y-los-de-helio,Daddy Antogna y los de Helio,3,0.00048,0.00041,0.00209,0.00021,1
dados-cargados,Dados Cargados,1,0.00016,0,0.0,0.00028,67
daigio,Daigio,0,0.0,0,0.0,4e-05,878
dale-gas,Dale gas,0,0.0,0,0.0,4e-05,879
dale-roska,Dale Roska,6,0.00097,0.0009,0.00251,0.00036,0
dalmanerea,Dalmanerea,0,0.0,0,0.0,4e-05,880
daltonicos,Daltónicos,0,0.0,0,0.0,4e-05,881
dama-de-honor,Dama de honor,0,0.0,0,0.0,4e-05,882
damian-duflos,Damián Duflós,1,0.00016,0.0,0.0,0.00013,5
dancing-mood,Dancing Mood,34,0.0055,0.01395,0.01197,0.00169,0
dangerous-garden,Dangerous Garden,0,0.0,0,0.0,4e-05,883
daniela,Daniela,1,0.00016,0.0,0.00114,8e-05,1
daniela-doffo,Daniela Doffo,0,0.0,0,0.0,4e-05,884
daraa,Daraa,0,0.0,0,0.0,4e-05,885
darma-demagio,Darma Demagio,1,0.00016,0,0.0,0.00028,74
darman,DarMan,0,0.0,0,0.0,4e-05,886
datos,Datos,0,0.0,0,0.0,4e-05,887
dc-3,DC-3,0,0.0,0,0.0,4e-05,888
dc-kilibrio,DC-Kilibrio,0,0.0,0,0.0,4e-05,889
dchampions,DChampions,0,0.0,0,0.0,4e-05,890
ddm,DDM,0,0.0,0,0.0,4e-05,891
ddt,DDT,2,0.00032,0.00271,0.00053,0.00023,2
de-benedictis,De Benedictis,1,0.00016,0,0.0,0.00028,96
de-bueyes,De Bueyes,2,0.00032,0.0,0.00231,0.00017,3
de-cerca,De cerca,3,0.00048,0.0001,6e-05,0.00028,12
de-hoz-ducard,De Hoz / Ducard,0,0.0,0,0.0,4e-05,892
de-juan,De Juan,0,0.0,0,0.0,4e-05,893
de-la-gran-pinata,De La Gran Piñata,2,0.00032,4e-05,4e-05,0.00018,3
de-la-guarda,De la Guarda,1,0.00016,0.0,0.0019,9e-05,3
de-la-risa,De la Risa,0,0.0,0,0.0,4e-05,894
de-la-rivera,De la rivera,5,0.00081,0.00249,0.00474,0.00029,2
de-la-tierra,De La Tierra,12,0.00194,0.00304,0.00929,0.00061,0
de-loop,De Loop,2,0.00032,0.00036,0.00016,0.00024,3
de-raiz,De Raíz,6,0.00097,0.00415,0.00145,0.00045,16
de-romanticistas-shaolins,De Romanticistas Shaolin’s,3,0.00048,2e-05,0.00539,0.00017,4
de-santo-nada,De Santo Nada,0,0.0,0,0.0,4e-05,895
de-souza,De Souza,0,0.0,0,0.0,4e-05,896
de-trueno,De trueno,1,0.00016,0.0,0.00107,9e-05,0
dead-berlin,Dead Berlin,0,0.0,0,0.0,4e-05,897
dear-john-and-the-lab-machines,Dear John and the Lab Machines,0,0.0,0,0.0,4e-05,898
death-gardens,Death Gardens,0,0.0,0,0.0,4e-05,899
deborah-de-corral,Déborah De Corral,10,0.00162,0.00387,0.02341,0.00055,2
deborah-dixon,Déborah Dixon,7,0.00113,0.00107,0.00452,0.00035,5
decameron,Decamerón,0,0.0,0,0.0,4e-05,900
decassette,Decassette,0,0.0,0,0.0,4e-05,901
decenadores,Decenadores,1,0.00016,0.0,0.01476,8e-05,1
decero,Decero,0,0.0,0,0.0,4e-05,902
decima,Décima,6,0.00097,0.00032,0.01935,0.00026,1
decime-si-se-puede,Decime si se puede,0,0.0,0,0.0,4e-05,903
decosmos,Decosmos,0,0.0,0,0.0,4e-05,904
decuajo,Decuajo,1,0.00016,0,0.0,0.00028,88
dedes,Dedés,1,0.00016,0.0,6e-05,0.00012,14
deformica,Defórmica,3,0.00048,5e-05,0.00093,0.00018,10
degrade,Degrade,0,0.0,0,0.0,4e-05,905
deja-vu,Deja Vu,0,0.0,0,0.0,4e-05,906
deja-vu-2,Deja vu,2,0.00032,0.00036,0.0,0.00028,36
del-dharma,Del Dharma,0,0.0,0,0.0,4e-05,907
del-pasaje,Del Pasaje,1,0.00016,0,0.0,0.00028,76
del-vento,Del Vento,0,0.0,0,0.0,4e-05,908
delaurbe,Delaurbe,0,0.0,0,0.0,4e-05,909
delfa,Delfa,0,0.0,0,0.0,4e-05,910
delfines-de-etiopia,Delfines de Etiopía,5,0.00081,0.00039,0.00259,0.00026,0
delirante-circo,Delirante Circo,0,0.0,0,0.0,4e-05,911
delirio,Delirio,0,0.0,0,0.0,4e-05,912
delirium,Delirium!,0,0.0,0,0.0,4e-05,913
delouners,Delouners,0,0.0,0,0.0,4e-05,914
delta-venus,Delta Venus,1,0.00016,0.0,0.00667,8e-05,2
deltoya,Deltoya,0,0.0,0,0.0,4e-05,915
demantra,Demantra,0,0.0,0,0.0,4e-05,916
demasiado-humano,Demasiado humano,0,0.0,0,0.0,4e-05,917
demasiado-revueltos,Demasiado revueltos,1,0.00016,0.0,7e-05,0.0001,4
demencia,Demencia,0,0.0,0,0.0,4e-05,918
demente-caracol,Demente Caracol,2,0.00032,0.00014,0.00413,0.00015,3
demo,Demo,0,0.0,0,0.0,4e-05,919
demon-verlaine,Démon Verlaine,0,0.0,0,0.0,4e-05,920
demonio-urbano,Demonio Urbano,0,0.0,0,0.0,4e-05,921
demonios-de-tasmania,Demonios de Tasmania,9,0.00145,0.00565,0.01114,0.00051,2
denotts,Denotts,0,0.0,0,0.0,4e-05,922
deny,Deny,0,0.0,0,0.0,4e-05,923
depredador,Depredador,4,0.00065,0.00292,0.00243,0.00025,16
derockados,Derockados,2,0.00032,0.00036,3e-05,0.00024,12
derviche,Derviche,0,0.0,0,0.0,4e-05,924
desabalados,Desabalados,1,0.00016,0.0,1e-05,0.00011,16
desague-varela,Desagüe Varela,8,0.00129,0.00124,0.01355,0.00039,6
desas3,Desas3,0,0.0,0,0.0,4e-05,925
descarnado,Descarnado,0,0.0,0,0.0,4e-05,926
desconcertados,Desconcertados,3,0.00048,9e-05,0.00064,0.00021,10
desde-aca,Desde acá,2,0.00032,0.00018,0.00014,0.00017,0
desde-afuera,Desde afuera,1,0.00016,0.0,6e-05,0.00011,5
deseo-irreal,Deseo Irreal,0,0.0,0,0.0,4e-05,927
deseo-y-muerte,Deseo y Muerte,0,0.0,0,0.0,4e-05,928
desertor,Desertor,1,0.00016,0.0,2e-05,0.0001,8
desierto-y-agua,Desierto & Agua,5,0.00081,0.0008,0.00429,0.00027,3
designio,Designio,0,0.0,0,0.0,4e-05,929
desinhibidos,Desinhibidos,2,0.00032,0.0,2e-05,0.00017,3
desintegracion,Desintegración,1,0.00016,0.0,0.00024,9e-05,2
desmontaje,Desmontaje,1,0.00016,0.0,2e-05,0.00011,8
despertar-antoles,Despertar Antoles,0,0.0,0,0.0,4e-05,930
despierta-tu-mente,Despierta tu mente,0,0.0,0,0.0,4e-05,931
despues-de-aquel-suceso,Después de aquel suceso,0,0.0,0,0.0,4e-05,932
despues-de-marte,Después de Marte,0,0.0,0,0.0,4e-05,933
destiempo,Destiempo,0,0.0,0,0.0,4e-05,934
destierro,Destierro,0,0.0,0,0.0,4e-05,935
destino-madre,Destino madre,0,0.0,0,0.0,4e-05,936
destripador,Destripador,0,0.0,0,0.0,4e-05,937
destroyer,Destroyer,1,0.00016,0.0,0.00039,9e-05,1
detesta,Detesta,0,0.0,0,0.0,4e-05,938
detonantes,Detonantes,0,0.0,0,0.0,4e-05,939
detroit-dtt,Detroit DTT,0,0.0,0,0.0,4e-05,940
deus-ex-machina,Deus Ex Machina,0,0.0,0,0.0,4e-05,941
devas,Devas,1,0.00016,0.0,0.00018,9e-05,7
devenir,Devenir,3,0.00048,0.0,0.00119,0.0002,7
devil69,Devil69,0,0.0,0,0.0,4e-05,942
dfolk,DFolk,1,0.00016,0.0,0.00354,8e-05,4
dharma-y-flora,Dharma y Flora,0,0.0,0,0.0,4e-05,943
dharmatec,Dharmatec,0,0.0,0,0.0,4e-05,944
dheux,Dheux,0,0.0,0,0.0,4e-05,945
dia-13,Día 13,0,0.0,0,0.0,4e-05,946
dia-d,Día D,3,0.00048,0.00037,0.00353,0.00021,4
diablero,Diablero,0,0.0,0,0.0,4e-05,947
diablos-chulos,Diablos chulos,1,0.00016,0.0,0.00146,9e-05,1
diagonal-1,Diagonal 1,0,0.0,0,0.0,4e-05,948
diagonal-18,Diagonal 18,2,0.00032,4e-05,0.00149,0.00013,0
diamantina,Diamantina,0,0.0,0,0.0,4e-05,949
dias-de-verano,Días de Verano,0,0.0,0,0.0,4e-05,950
dias-extranos,Días extraños,0,0.0,0,0.0,4e-05,951
dias-felices,Días felices,3,0.00048,0.00071,0.00137,0.00024,0
diasporas,Diásporas,0,0.0,0,0.0,4e-05,952
diatriba,Diatriba,0,0.0,0,0.0,4e-05,953
diecis1e7e,Diecis1e7e,1,0.00016,0.0,0.00123,0.0001,4
diego-cebolla-demarco,Diego Cebolla Demarco,1,0.00016,0.0,0.00291,8e-05,0
diegopop,DiegoPop,0,0.0,0,0.0,4e-05,954
diez-mundos,Diez mundos,1,0.00016,0,0.0,0.00028,68
diez-pesos,Diez pesos,0,0.0,0,0.0,4e-05,955
diga-33,Diga 33,4,0.00065,0.00144,0.00088,0.00033,26
dilema,Dilema,0,0.0,0,0.0,4e-05,956
dime-miami,Dime Miami,1,0.00016,0.0,0.00026,9e-05,12
dinossauro,Dinossauro,0,0.0,0,0.0,4e-05,957
dios,Dios,0,0.0,0,0.0,4e-05,958
dios-los-cria,Dios los Cría,6,0.00097,0.00073,0.00321,0.00039,8
dios-salve-a-la-reina,Dios Salve a la Reina,0,0.0,0,0.0,4e-05,959
diosa-arcana,Diosa arcana,0,0.0,0,0.0,4e-05,960
diosnoslibre,Diosnoslibre,0,0.0,0,0.0,4e-05,961
diosque,Diosque,2,0.00032,2e-05,0.00589,0.00012,2
diplodocum,Diplodocum,4,0.00065,5e-05,0.00342,0.00026,1
dirigible,Dirigible,0,0.0,0,0.0,4e-05,962
discipulos,Discípulos,0,0.0,0,0.0,4e-05,963
discoloured-umbrella,Discoloured Umbrella,0,0.0,0,0.0,4e-05,964
disforia,Disforia,0,0.0,0,0.0,4e-05,965
disidentes,Disidentes,0,0.0,0,0.0,4e-05,966
divididos,Divididos,40,0.00647,0.01903,0.06506,0.00205,0
divina-verdad,Divina Verdad,5,0.00081,0.00098,0.00101,0.00032,0
dj-nelson,DJ Nelson,3,0.00048,0.00036,0.0002,0.00026,0
doberman,Doberman,0,0.0,0,0.0,4e-05,967
doble-enlace,Doble Enlace,0,0.0,0,0.0,4e-05,968
doble-fuerza,Doble Fuerza,10,0.00162,0.00379,0.00725,0.00056,0
doble-gota,Doble Gota,1,0.00016,0.0,1e-05,0.00013,0
doble-gota-2,Doble Gota,2,0.00032,0.00036,0.00022,0.0002,0
doble-linea,Doble línea,0,0.0,0,0.0,4e-05,969
doby,Doby,0,0.0,0,0.0,4e-05,970
doc,DOC,0,0.0,0,0.0,4e-05,971
doce-rayos,Doce Rayos,0,0.0,0,0.0,4e-05,972
doctor-4,Doctor 4,0,0.0,0,0.0,4e-05,973
doctrina,Doctrina,0,0.0,0,0.0,4e-05,974
dogo,Dogo,2,0.00032,4e-05,8e-05,0.00018,8
dogo-2,Dogo,3,0.00048,0.00027,0.00344,0.00018,8
dojo,Dojo,0,0.0,0,0.0,4e-05,975
domino,Dominó,0,0.0,0,0.0,4e-05,976
don-adams,Don Adams,5,0.00081,0.00551,0.00472,0.00035,4
don-comue,Don Comue,0,0.0,0,0.0,4e-05,977
don-cornelio-y-la-zona,Don Cornelio y la Zona,9,0.00145,0.00084,0.0146,0.00044,6
don-lunfardo-y-el-senor-otario,Don Lunfardo y el Señor Otario,0,0.0,0,0.0,4e-05,978
don-nadie,Don Nadie,0,0.0,0,0.0,4e-05,979
don-osvaldo,Don Osvaldo,3,0.00048,0.0,0.00156,0.00022,0
don-paladar,Don Paladar,0,0.0,0,0.0,4e-05,980
don-pirulero-y-los-del-mono,Don Pirulero y los del Moño,0,0.0,0,0.0,4e-05,981
don-quicuyo,Don Quicuyo,0,0.0,0,0.0,4e-05,982
don-ramon-y-la-vizcacha,Don Ramón y La Vizcacha,0,0.0,0,0.0,4e-05,983
don-vicente,Don Vicente,0,0.0,0,0.0,4e-05,984
don-vilanova,Don Vilanova,7,0.00113,0.00046,0.00936,0.00038,5
dona-maria,Doña María,2,0.00032,0.00036,0.00034,0.0002,0
donde-y-los-quien,Donde y los Quien,0,0.0,0,0.0,4e-05,985
dontorres,DonTorres,3,0.00048,0.00038,0.0031,0.00019,13
doppler,Doppler,0,0.0,0,0.0,4e-05,986
doris,Doris,3,0.00048,0.00025,0.00062,0.0002,13
dos-caballos-y-una-flor,Dos caballos y una flor,1,0.00016,0,0.0,0.00022,49
dos-colores,Dos colores,0,0.0,0,0.0,4e-05,987
dos-lugares,Dos Lugares,0,0.0,0,0.0,4e-05,988
dos-mamuts,Dos Mamuts,0,0.0,0,0.0,4e-05,989
dos-vanagas,Dos Vanagas,0,0.0,0,0.0,4e-05,990
dossier,Dossier,0,0.0,0,0.0,4e-05,991
double-super-jackpot,Double Super Jackpot,0,0.0,0,0.0,4e-05,992
dougpray,DougPray,0,0.0,0,0.0,4e-05,993
downward,Downward,0,0.0,0,0.0,4e-05,994
dr-priapio,Dr Priapio,0,0.0,0,0.0,4e-05,995
dr-silva,Dr Silva,1,0.00016,0.0,1e-05,0.00015,5
dr-tonny,Dr Tonny,0,0.0,0,0.0,4e-05,996
dr-bizarro,Dr. Bizarro,0,0.0,0,0.0,4e-05,997
dr-brown,Dr. Brown,2,0.00032,0.00036,0.00017,0.00021,3
dr-tole,Dr. Tole,0,0.0,0,0.0,4e-05,998
dr-poroto,Dr.Poroto,0,0.0,0,0.0,4e-05,999
dr-rock,Dr.Rock,12,0.00194,0.00208,0.01401,0.0005,5
dragme,Dragme,0,0.0,0,0.0,4e-05,1000
dragon-verde,Dragón Verde,0,0.0,0,0.0,4e-05,1001
dragonauta,Dragonauta,1,0.00016,0.0,0.00021,9e-05,11
drako,Drako,0,0.0,0,0.0,4e-05,1002
drako-brujo,Drako Brujo,0,0.0,0,0.0,4e-05,1003
drakos,Drakos,0,0.0,0,0.0,4e-05,1004
dread-mar-i,Dread Mar I,10,0.00162,0.00192,0.00536,0.00063,0
dread-negast,Dread Negast,3,0.00048,0.00145,0.00112,0.00029,11
drei,Drei,1,0.00016,0.0,0.00089,9e-05,8
drelo,Drelo,1,0.00016,0.0,0.0,0.00015,2
drenaje,Drenaje,0,0.0,0,0.0,4e-05,1005
drogaperrotrueno,Drogaperrotrueno,1,0.00016,0,0.0,0.00028,127
drop-dead,Drop Dead,0,0.0,0,0.0,4e-05,1006
duendes-negros,Duendes Negros,0,0.0,0,0.0,4e-05,1007
duendes-vagos,Duendes vagos,1,0.00016,0.0,0.00284,8e-05,0
duenos-de-lo-ajeno,Dueños de lo ajeno,3,0.00048,0.00107,6e-05,0.00036,36
duenos-del-stock,Dueños del Stock,0,0.0,0,0.0,4e-05,1008
duermevela,Duermevela,0,0.0,0,0.0,4e-05,1009
duff,Duff,5,0.00081,0.00329,0.00043,0.0004,10
dulce-marian,Dulce Marian,0,0.0,0,0.0,4e-05,1010
dulce-natural,Dulce Natural,8,0.00129,0.00151,0.00247,0.00054,0
dulce-pesadilla,Dulce Pesadilla,1,0.00016,0.0,1e-05,0.00013,6
dulces-16,Dulces 16,6,0.00097,0.00014,0.00635,0.0003,5
dulces-diablitos,Dulces diablitos,5,0.00081,0.00041,0.00741,0.00023,0
dum,DUM,4,0.00065,0.0,0.00443,0.0002,0
dum-don-tocata,Dum Don Tocata,0,0.0,0,0.0,4e-05,1011
dum69,Dum69,1,0.00016,0.0,0.00034,9e-05,4
duna,Duna,2,0.00032,0.00036,0.00054,0.0002,1
duo-makana,Dúo Makana,2,0.00032,3e-05,0.01051,0.00012,3
durango-95,Durango 95,0,0.0,0,0.0,4e-05,1012
durante-el-invierno,Durante el invierno,3,0.00048,0.00031,0.0034,0.00018,0
durazno-de-gala,Durazno de Gala,8,0.00129,0.00104,0.00502,0.00041,5
durban-poison,Durban Poison,3,0.00048,0.00307,5e-05,0.00033,31
dvenir,Dvenir,0,0.0,0,0.0,4e-05,1013
dylan-kifky,Dylan Kifky,0,0.0,0,0.0,4e-05,1014
dynammo,Dynammo,0,0.0,0,0.0,4e-05,1015
dynamo,Dynamo,0,0.0,0,0.0,4e-05,1016
dzs,DZS,0,0.0,0,0.0,4e-05,1017
el-dependiente,El Dependiente,3,0.00048,0.00236,0.00026,0.00032,2
el-deposito-norte,El Depósito Norte,0,0.0,0,0.0,4e-05,1018
el-diablo-en-la-boca,El Diablo en la boca,0,0.0,0,0.0,4e-05,1019
el-dorado,El Dorado,7,0.00113,0.00104,0.00514,0.00043,3
el-dragon,El Dragón,3,0.00048,0.00182,0.00123,0.00025,8
el-duelo,El Duelo,2,0.00032,1e-05,0.00984,0.00012,4
elio-delgado,Elio Delgado,3,0.00048,0.00014,0.00107,0.00028,0
emilio-del-guercio,Emilio Del Guercio,11,0.00178,0.00048,0.03294,0.00057,1
fena-della-maggiora,Fena Della Maggiora,11,0.00178,0.00046,0.05701,0.00043,1
fernando-diamant,Fernando Diamant,0,0.0,0,0.0,4e-05,1020
guillermo-di-pietro,Guillermo Di Pietro,0,0.0,0,0.0,4e-05,1021
ignacio-del-portico,Ignacio Del Pórtico,1,0.00016,0.0,3e-05,0.00012,13
isabel-de-sebastian,Isabel de Sebastián,4,0.00065,6e-05,0.00614,0.00018,2
jorge-drexler,Jorge Drexler,11,0.00178,0.00745,0.00496,0.00065,3
jorge-durietz,Jorge Durietz,5,0.00081,0.00041,0.00147,0.00035,5
juan-del-barrio,Juan Del Barrio,3,0.00048,2e-05,0.01598,0.00014,1
julian-desbats,Julián Desbats,1,0.00016,0,0.0,0.00028,114
kubero-diaz,Kubero Díaz,12,0.00194,0.00268,0.02463,0.00054,1
la-data,La Data,0,0.0,0,0.0,4e-05,1022
la-deambulante,La Deambulante,0,0.0,0,0.0,4e-05,1023
la-decibel-blues-band,La Decibel Blues Band,1,0.00016,0.0,0.00049,9e-05,5
la-delirada,La Delirada,0,0.0,0,0.0,4e-05,1024
diabla-la,La Diabla,2,0.00032,5e-05,0.00018,0.00019,6
la-dieta-de-worms,La Dieta de Worms,0,0.0,0,0.0,4e-05,1025
la-distorsion-de-roxie,La Distorsión de Roxie,0,0.0,0,0.0,4e-05,1026
la-doblada,La Doblada,1,0.00016,0.0,4e-05,0.0001,5
la-doble-traccion,La Doble Tracción,3,0.00048,0.00071,7e-05,0.00038,28
la-duda-constante,La Duda constante,0,0.0,0,0.0,4e-05,1027
lalo-de-los-santos,Lalo De los Santos,13,0.0021,0.0012,0.03912,0.00062,1
las-diferencias,Las Diferencias,11,0.00178,0.0094,0.01527,0.00064,11
los-dados-vueltas,Los Dados Vueltas,0,0.0,0,0.0,4e-05,1028
los-daylight,Los Daylight,0,0.0,0,0.0,4e-05,1029
los-del-fin,Los Del Fin,2,0.00032,0.00036,0.0,0.00028,31
los-demoledores,Los Demoledores,3,0.00048,0.00012,0.01321,0.00015,4
los-desconocidos-de-siempre,Los Desconocidos de Siempre,8,0.00129,0.00011,0.02398,0.00041,1
los-diskettes,Los Diskettes,0,0.0,0,0.0,4e-05,1030
los-dubies,Los Dubies,4,0.00065,0.00128,0.00214,0.00026,0
los-dukes,Los Dukes,3,0.00048,0.00072,0.00278,0.00025,1
los-durabeat,Los DuraBeat,1,0.00016,0.0,0.00129,9e-05,5
los-dyvinos,Los Dyvinos,0,0.0,0,0.0,4e-05,1031
marcelo-chelo-delgado,Marcelo Chelo Delgado,2,0.00032,0.00036,0.00023,0.00024,15
mauro-digerolamo,Mauro Digerolamo,0,0.0,0,0.0,4e-05,1032
mavi-diaz,Mavi Díaz,12,0.00194,0.00087,0.0448,0.00053,2
miguel-chucky-de-ipola,Miguel Chucky De Ipola,6,0.00097,0.00075,0.00517,0.00033,0
mirtha-defilpo,Mirtha Defilpo,0,0.0,0,0.0,4e-05,1033
mutantes-del-parana,Mutantes del Paraná,1,0.00016,0.0,3e-05,0.00011,6
nacho-dimartino,Nacho DiMartino,0,0.0,0,0.0,4e-05,1034
nicolas-diomedi,Nicolás Diomedi,0,0.0,0,0.0,4e-05,1035
pablo-dacal,Pablo Dacal,17,0.00275,0.00591,0.01889,0.00092,2
pablo-di-nardo,Pablo Di Nardo,2,0.00032,8e-05,7e-05,0.00018,9
das-shutter-pal,Päl Das Shutter,8,0.00129,0.00961,0.00064,0.00071,13
sebastian-defranchesco,Sebastián Defranchesco,2,0.00032,0,0.0,0.0004,40
sergio-dawi,Sergio Dawi,8,0.00129,0.00139,0.0035,0.00045,9
walter-dominguez,Wálter Domínguez,2,0.00032,0.00036,0.00019,0.0002,7
etr,E. T. R.,0,0.0,0,0.0,4e-05,1036
eco,E.C.O.,3,0.00048,7e-05,0.00134,0.00017,3
easy-babies,Easy Babies,1,0.00016,0.0,0.00013,0.00011,22
ecce-homo,Ecce Homo,0,0.0,0,0.0,4e-05,1037
eche7,Eche7,0,0.0,0,0.0,4e-05,1038
ecos-de-shanghai,Ecos de Shanghai,0,0.0,0,0.0,4e-05,1039
ecos-rivales,Ecos Rivales,0,0.0,0,0.0,4e-05,1040
edo,EDO,0,0.0,0,0.0,4e-05,1041
edrian-m,Edrian M.,0,0.0,0,0.0,4e-05,1042
edu-y-el-pollo,Edu y El Pollo,0,0.0,0,0.0,4e-05,1043
efecto-amalia,Efecto Amalia,0,0.0,0,0.0,4e-05,1044
efecto-manjatan,Efecto Manjatan,0,0.0,0,0.0,4e-05,1045
efecto-tyndall-rock,Efecto Tyndall Rock,1,0.00016,0.0,2e-05,0.00013,21
efedrina,Efedrina,0,0.0,0,0.0,4e-05,1046
ego-proxy,Ego Proxy,0,0.0,0,0.0,4e-05,1047
egojano,Egojano,0,0.0,0,0.0,4e-05,1048
ein-sof-band,Ein Sof Band,0,0.0,0,0.0,4e-05,1049
einstein,Einstein,3,0.00048,0.00038,0.00289,0.00021,6
ekatombe,Ekatombe,0,0.0,0,0.0,4e-05,1050
ekeko,Ekeko,0,0.0,0,0.0,4e-05,1051
ekos-sonando,Ekos Sonando,0,0.0,0,0.0,4e-05,1052
el-ello,El Ello,0,0.0,0,0.0,4e-05,1053
el-equilibrista-errante,El equilibrista errante,0,0.0,0,0.0,4e-05,1054
el-error,El Error,0,0.0,0,0.0,4e-05,1055
el-escudo-de-los-iriarte,El Escudo de los Iriarte,0,0.0,0,0.0,4e-05,1056
el-estrellero,El Estrellero,1,0.00016,0,0.0,0.0002,27
el-estupido-martes-sangriento,El Estúpido Martes Sangriento,0,0.0,0,0.0,4e-05,1057
el-exilio-universal,El Exilio Universal,0,0.0,0,0.0,4e-05,1058
el-extra-y-los-imposibles,El Extra & Los Imposibles,0,0.0,0,0.0,4e-05,1059
el-mato-a-un-policia-motorizado,Él Mató a un Policía Motorizado,10,0.00162,0.00566,0.00072,0.00085,12
elale,Elale,1,0.00016,0,0.0,0.00028,125
electrico-limon,Eléctrico Limón,0,0.0,0,0.0,4e-05,1060
electricos-asesinos,Eléctricos asesinos,0,0.0,0,0.0,4e-05,1061
electro-nomicon,Electro Nomicon,0,0.0,0,0.0,4e-05,1062
electroalvarez,Electroálvarez,2,0.00032,0.0,0.00018,0.00014,9
electrocuerpo,Electrocuerpo,1,0.00016,0.0,0.00024,0.0001,11
electrohope,Electrohope,1,0.00016,0.0,0.00176,8e-05,5
electron,Electrón,4,0.00065,1e-05,0.00333,0.00021,2
electrosaurio,Electrosaurio,0,0.0,0,0.0,4e-05,1063
elefante-guerrero-psiquico-ancestral,Elefante Guerrero Psíquico Ancestral,0,0.0,0,0.0,4e-05,1064
elefante-violeta,Elefante Violeta,0,0.0,0,0.0,4e-05,1065
elefantes-de-marfil,Elefantes de marfil,0,0.0,0,0.0,4e-05,1066
elegante-sport,Elegante Sport,0,0.0,0,0.0,4e-05,1067
elektro-lizzys,Elektro Lizzy’s,0,0.0,0,0.0,4e-05,1068
elektromanos,Elektromanos,3,0.00048,0.00024,0.00167,0.0002,0
elephant-pixel,Elephant Pixel,0,0.0,0,0.0,4e-05,1069
eleven,Eleven,0,0.0,0,0.0,4e-05,1070
eli-u,Eli-u,0,0.0,0,0.0,4e-05,1071
elipsis,Elipsis,0,0.0,0,0.0,4e-05,1072
elisenia,Elisenia,0,0.0,0,0.0,4e-05,1073
elisheba,Elisheba!,0,0.0,0,0.0,4e-05,1074
elixir,Elixir,1,0.00016,0.0,0.00051,8e-05,4
elixir-de-pasion,Elixir de pasión,0,0.0,0,0.0,4e-05,1075
ella-es-tan-cargosa,Ella es tan Cargosa,10,0.00162,0.00214,0.00897,0.00055,3
ella-nada-todos-los-estilos,Ella Nada Todos Los Estilos,0,0.0,0,0.0,4e-05,1076
elmer,Elmer,0,0.0,0,0.0,4e-05,1077
eloy-rock-and-roll,Eloy Rock and Roll,3,0.00048,0.00074,0.0178,0.00015,1
elvira-rock-dog,Elvira Rock Dog,0,0.0,0,0.0,4e-05,1078
elysees,Elysées,1,0.00016,0.0,9e-05,0.00012,13
emanero,Emanero,2,0.00032,2e-05,0.00021,0.00019,20
embajada-boliviana,Embajada boliviana,3,0.00048,0.00073,0.00441,0.00019,0
embodiment,Embodiment,0,0.0,0,0.0,4e-05,1079
emboscados,Emboscados,2,0.00032,2e-05,0.00029,0.00014,0
emil-sinclair,Emil Sinclair,0,0.0,0,0.0,4e-05,1080
emisor,Emisor,4,0.00065,7e-05,0.00188,0.00021,2
emme,Emme,2,0.00032,0.00011,0.0029,0.00012,2
emotive,Emotive,0,0.0,0,0.0,4e-05,1081
empleado-del-mes,Empleado del mes,0,0.0,0,0.0,4e-05,1082
en-coma,En coma,0,0.0,0,0.0,4e-05,1083
en-ojotas,En Ojotas,0,0.0,0,0.0,4e-05,1084
encias-sangrantes,Encías sangrantes,0,0.0,0,0.0,4e-05,1085
encierre-nocturno,Encierre nocturno,0,0.0,0,0.0,4e-05,1086
encuentro,Encuentro,2,0.00032,0.00036,0.00109,0.00019,1
endlrg,ENDLRG,2,0.00032,0.0,0.00067,0.00017,2
enero-sera-mio,Enero será mío,4,0.00065,5e-05,0.00436,0.00021,2
eneterno,Eneterno,0,0.0,0,0.0,4e-05,1087
enferma,Enferma,0,0.0,0,0.0,4e-05,1088
enfermera,Enfermera,0,0.0,0,0.0,4e-05,1089
engranaje,Engranaje,7,0.00113,0.00035,0.01163,0.00032,1
enhola,Enhola,7,0.00113,0.00059,0.01784,0.00032,2
enjaulados,Enjaulados,0,0.0,0,0.0,4e-05,1090
enlace,Enlace,0,0.0,0,0.0,4e-05,1091
ensamble-peripecia,Ensamble Peripecia,1,0.00016,0,0.0,0.00028,128
ensamble-prive,Ensamble Privé,0,0.0,0,0.0,4e-05,1092
ent,ENT,0,0.0,0,0.0,4e-05,1093
entonces,Entonces,0,0.0,0,0.0,4e-05,1094
entre-cielos,Entre cielos,0,0.0,0,0.0,4e-05,1095
entre-rios,Entre Ríos,27,0.00436,0.01591,0.00512,0.00189,11
entrelineas,Entrelíneas,1,0.00016,0.0,0.00667,8e-05,2
entretantos,Entretantos,0,0.0,0,0.0,4e-05,1096
entripao,Entripao,0,0.0,0,0.0,4e-05,1097
enviada,Enviada,0,0.0,0,0.0,4e-05,1098
enviados-de-thot,Enviados de Thot,1,0.00016,0.0,0.00044,9e-05,3
epilogo,Epílogo,0,0.0,0,0.0,4e-05,1099
episodio-ix,Episodio IX,0,0.0,0,0.0,4e-05,1100
epumer-machi-judurcha,Epumer Machi Judurcha,5,0.00081,0.00012,0.02174,0.00023,1
equilatera,Equilatera,0,0.0,0,0.0,4e-05,1101
equisalcubo,Equisalcubo,1,0.00016,0.0,0.00024,0.0001,3
era-de-acuario,Era de Acuario,3,0.00048,0.00058,0.00042,0.00024,7
eravolta,EraVolta,3,0.00048,0.0003,0.00031,0.00027,13
ermitanos,Ermitaños,1,0.00016,0.0,0.00104,8e-05,2
errante-suburbano,Errante Suburbano,0,0.0,0,0.0,4e-05,1102
error-de-systema,Error de Systema,2,0.00032,0.0,0.00211,0.00013,15
error-positivo,Error positivo,0,0.0,0,0.0,4e-05,1103
eruca-sativa,Eruca Sativa,23,0.00372,0.01355,0.02486,0.00123,8
eruditos,Eruditos,0,0.0,0,0.0,4e-05,1104
esa-extrana-forma,Esa extraña forma,0,0.0,0,0.0,4e-05,1105
esaopa,Esaopa,0,0.0,0,0.0,4e-05,1106
esas-cosas,Esas Cosas,3,0.00048,4e-05,0.00409,0.00016,5
escabios,Escabios,0,0.0,0,0.0,4e-05,1107
escafandra,Escafandra,5,0.00081,0.00142,0.00504,0.00025,0
escala-madrid,Escala Madrid,0,0.0,0,0.0,4e-05,1108
escalando-peldanos,Escalando peldaños,3,0.00048,4e-05,0.00082,0.00019,3
escape-libre,Escape libre,0,0.0,0,0.0,4e-05,1109
escapists,Escapists,0,0.0,0,0.0,4e-05,1110
esceptica,Escéptica,0,0.0,0,0.0,4e-05,1111
escocia,Escocia,4,0.00065,7e-05,0.00226,0.0002,7
escombros-rock,Escombros Rock,0,0.0,0,0.0,4e-05,1112
escuadron-diabolico,Escuadrón Diabólico,0,0.0,0,0.0,4e-05,1113
escuadron-q,Escuadrón Q,0,0.0,0,0.0,4e-05,1114
escuela,Escuela,0,0.0,0,0.0,4e-05,1115
escuela-de-la-calle,Escuela de la calle,0,0.0,0,0.0,4e-05,1116
esencia-vudu,Esencia Vudú,6,0.00097,0.0006,0.02924,0.00025,1
esonoes,Esonoes,1,0.00016,0.0,0.0054,8e-05,1
espadas-y-serpientes,Espadas y serpientes,0,0.0,0,0.0,4e-05,1117
espantacuervos,Espantacuervos,0,0.0,0,0.0,4e-05,1118
espantapajaros,Espantapájaros,0,0.0,0,0.0,4e-05,1119
espartanos,Espartanos,0,0.0,0,0.0,4e-05,1120
espectra,Espectra,0,0.0,0,0.0,4e-05,1121
espejismo,Espejismo,0,0.0,0,0.0,4e-05,1122
espejos,Espejos,0,0.0,0,0.0,4e-05,1123
espias,Espías,9,0.00145,0.00264,0.00679,0.00044,0
espias-del-umbral,Espías del Umbral,1,0.00016,0.0,1e-05,0.00013,3
espina-de-cristal,Espina de Cristal,1,0.00016,0.0,0.00113,8e-05,3
espiral,Espiral,2,0.00032,1e-05,0.00044,0.00014,16
espiral-2,Espiral,0,0.0,0,0.0,4e-05,1124
espiritu,Espíritu,8,0.00129,9e-05,0.03071,0.00037,1
esquizodelia,Esquizodelia,0,0.0,0,0.0,4e-05,1125
esquizofrenicos,Esquizofrénicos,0,0.0,0,0.0,4e-05,1126
esquizoide,Esquizoide,0,0.0,0,0.0,4e-05,1127
estacion-cero,Estación Cero,1,0.00016,0.0,7e-05,0.00012,1
estacion-terminal,Estación Terminal,0,0.0,0,0.0,4e-05,1128
estado-vegetal,Estado Vegetal,0,0.0,0,0.0,4e-05,1129
estas-muerta-perra,Estás Muerta Perra,0,0.0,0,0.0,4e-05,1130
esteban-quito,Esteban Quito,0,0.0,0,0.0,4e-05,1131
estelares,Estelares,7,0.00113,0.00069,0.02179,0.0003,6
estenopeikos,Estenopeikos,1,0.00016,0.0,2e-05,0.00012,16
estigma-purpura,Estigma púrpura,0,0.0,0,0.0,4e-05,1132
estilo-valentino,Estilo Valentino,3,0.00048,0.00094,0.00763,0.00025,17
estilo-zero,Estilo Zero,1,0.00016,0.0,0.0019,8e-05,2
estoy-konfundida,Estoy Konfundida,0,0.0,0,0.0,4e-05,1133
estupendo,Estupendo,0,0.0,0,0.0,4e-05,1134
etcetera,Etcétera,0,0.0,0,0.0,4e-05,1135
eterna-hard-rock,Eterna Hard Rock,1,0.00016,0.0,4e-05,0.00011,16
eterna-inocencia,Eterna Inocencia,3,0.00048,0.00028,0.00048,0.00021,7
eterna-vigilia,Eterna Vigilia,0,0.0,0,0.0,4e-05,1136
eternautas,Eternautas,0,0.0,0,0.0,4e-05,1137
eternidad,Eternidad,0,0.0,0,0.0,4e-05,1138
eterno-sol,Eterno Sol,0,0.0,0,0.0,4e-05,1139
etiopia,Etiopía,1,0.00016,0.0,0.00178,8e-05,1
etsyla,Etsyla,0,0.0,0,0.0,4e-05,1140
eu,Eu!,0,0.0,0,0.0,4e-05,1141
euforia,Euforia,0,0.0,0,0.0,4e-05,1142
eupatridas,Eupátridas,0,0.0,0,0.0,4e-05,1143
euroshima,Euroshima,1,0.00016,0.0,0.00192,8e-05,2
eva-la-ameba,Eva la ameba,0,0.0,0,0.0,4e-05,1144
eva-y-los-pecadores,Eva y los Pecadores,0,0.0,0,0.0,4e-05,1145
excalibur,Excalibur,0,0.0,0,0.0,4e-05,1146
excursiones-polares,Excursiones polares,3,0.00048,3e-05,8e-05,0.0002,6
exdealer,ExDealer,0,0.0,0,0.0,4e-05,1147
exhibicion-atroz,Exhibición Atroz,0,0.0,0,0.0,4e-05,1148
exiliado,Exiliado,0,0.0,0,0.0,4e-05,1149
exiliados-rock,Exiliados Rock,0,0.0,0,0.0,4e-05,1150
eximios,Eximios,0,0.0,0,0.0,4e-05,1151
exodo,Éxodo,2,0.00032,0.00035,0.0025,0.00016,12
exodobabylon,Exodobabylon,0,0.0,0,0.0,4e-05,1152
exorcet,Exorcet,0,0.0,0,0.0,4e-05,1153
explenden,Explenden,3,0.00048,0.0002,0.00236,0.00018,0
explicit,Explicit,0,0.0,0,0.0,4e-05,1154
explotados-por-jaimes,Explotados por Jaimes,0,0.0,0,0.0,4e-05,1155
expreso-calavera,Expreso calavera,0,0.0,0,0.0,4e-05,1156
expreso-nova,Expreso Nova,1,0.00016,0,0.0,0.00028,121
expulsados,Expulsados,5,0.00081,0.00119,0.00653,0.00032,0
extincion,Extinción,0,0.0,0,0.0,4e-05,1157
extra,Extra,1,0.00016,0.0,0.00014,0.00011,32
extraball,Extraball,0,0.0,0,0.0,4e-05,1158
extranos-animales,Extraños animales,0,0.0,0,0.0,4e-05,1159
extranos-pasajeros,Extraños Pasajeros,0,0.0,0,0.0,4e-05,1160
extravagantes,ExtraVagantes,0,0.0,0,0.0,4e-05,1161
extremistas,Extremistas,2,0.00032,6e-05,0.00227,0.00013,15
extremo-03,Extremo 03,2,0.00032,5e-05,0.00426,0.00013,2
ey-nandu,Ey ñandú,0,0.0,0,0.0,4e-05,1162
ey-roble,Ey Roble,0,0.0,0,0.0,4e-05,1163
ey-rocker,Ey Rocker,0,0.0,0,0.0,4e-05,1164
eyelites,Eyelites,1,0.00016,0.0,0.00156,8e-05,7
ezeiza,Ezeiza,1,0.00016,0.0,0.00012,9e-05,4
ezquiaga-jalfin,Ezquiaga-Jalfin,1,0.00016,0.0,0.00102,8e-05,2
flavio-etcheto,Flavio Etcheto,8,0.00129,6e-05,0.0216,0.00047,2
jorge-elena,Jorge Elena,1,0.00016,0,0.0,0.00028,69
la-electrica-rioplatense,La Eléctrica Rioplatense,4,0.00065,0.0,0.00802,0.00023,1
la-encordada,La Encordada,0,0.0,0,0.0,4e-05,1165
la-escena-del-crimen,La Escena del Crimen,1,0.00016,0,0.0,0.00028,93
la-esclava,La Esclava,5,0.00081,0.00029,0.00524,0.00025,3
la-escuela-del-desaprender,La Escuela del Desaprender,2,0.00032,8e-05,0.0,0.00024,21
la-estafa-dub,La Estafa Dub,0,0.0,0,0.0,4e-05,1166
la-estazion,La Estazion,0,0.0,0,0.0,4e-05,1167
la-experiencia,La Experiencia,16,0.00259,0.01121,0.01456,0.00093,14
las-edades,Las Edades,0,0.0,0,0.0,4e-05,1168
lisandro-etala,Lisandro Etala,2,0.00032,0.00236,0.0,0.00029,9
lito-epumer,Lito Epumer,19,0.00307,0.00212,0.04752,0.00083,1
los-empleados,Los Empleados,0,0.0,0,0.0,4e-05,1169
los-enanitos-verdes,Los Enanitos Verdes,9,0.00145,0.00878,0.01182,0.00072,4
los-encargados,Los Encargados,10,0.00162,0.00079,0.01837,0.00044,2
los-especialistas,Los Especialistas,0,0.0,0,0.0,4e-05,1170
los-espiritus,Los Espíritus,6,0.00097,0.00313,0.00155,0.00041,11
los-estafadores,Los Estafadores,0,0.0,0,0.0,4e-05,1171
los-estomagos,Los Estómagos,1,0.00016,0.0,0.00023,0.0001,3
marcelo-ezquiaga,Marcelo Ezquiaga,6,0.00097,0.00183,0.0044,0.00046,9
maria-ezquiaga,María Ezquiaga,11,0.00178,0.00152,0.00634,0.0006,2
maria-gabriela-epumer,María Gabriela Epumer,18,0.00291,0.0028,0.0351,0.00094,2
mariano-manza-esain,Mariano Manza Esain,6,0.00097,0.00059,0.0002,0.00042,6
martin-elizalde,Martín Elizalde,2,0.00032,1e-05,9e-05,0.00023,14
martin-esteves,Martín Esteves,2,0.00032,0.00036,0.00015,0.00021,3
miguel-angel-erausquin,Miguel Angel Erausquin,1,0.00016,0.0,0.00206,0.00011,1
pablo-echaniz,Pablo Echaniz,1,0.00016,0.0,1e-05,0.00014,1
ricky-espinosa,Ricky Espinosa,2,0.00032,2e-05,0.00061,0.0002,0
sebastian-escofet,Sebastián Escofet,5,0.00081,0.0009,0.00337,0.00033,3
angie-foster,Angie Foster,0,0.0,0,0.0,4e-05,1172
ciro-fogliatta,Ciro Fogliatta,23,0.00372,0.00567,0.05688,0.00113,1
diego-frenkel,Diego Frenkel,10,0.00162,0.00656,0.00795,0.00057,2
el-farolito,El Farolito,0,0.0,0,0.0,4e-05,1173
el-festival-de-los-viajes,El Festival de los Viajes,2,0.00032,0.00232,0.00074,0.00016,11
el-fondo-no-fisura,El Fondo no Fisura,0,0.0,0,0.0,4e-05,1174
el-foro-rock,El Foro Rock,0,0.0,0,0.0,4e-05,1175
el-fuego-en-camino,El Fuego en camino,0,0.0,0,0.0,4e-05,1176
faauna,Faauna,0,0.0,0,0.0,4e-05,1177
fabulas,Fábulas,0,0.0,0,0.0,4e-05,1178
facon,Facón,2,0.00032,0.00036,9e-05,0.00026,6
factor-rh,Factor RH,0,0.0,0,0.0,4e-05,1179
factoria,Factoría,0,0.0,0,0.0,4e-05,1180
falcon,FalconFalconFalcon,0,0.0,0,0.0,4e-05,1181
falsa-cubana,Falsa Cubana,1,0.00016,0,0.0,0.00028,105
falsa-libertad,Falsa Libertad,0,0.0,0,0.0,4e-05,1182
falsas-ilusiones,Falsas ilusiones,0,0.0,0,0.0,4e-05,1183
falso-contacto,Falso contacto,1,0.00016,0.0,6e-05,0.00011,5
falso-primer-ministro,Falso Primer Ministro,0,0.0,0,0.0,4e-05,1184
falsos-conejos,Falsos conejos,0,0.0,0,0.0,4e-05,1185
falsos-profetas,Falsos Profetas,4,0.00065,0.00076,0.00048,0.00037,14
familia-de-lobos,Familia de lobos,0,0.0,0,0.0,4e-05,1186
fandango,Fandango,0,0.0,0,0.0,4e-05,1187
fanfarron,Fanfarrón,4,0.00065,0.00036,0.00226,0.00028,2
fantasia,Fantasía,2,0.00032,0.0,0.01273,0.00011,1
fantasma,Fantasma,0,0.0,0,0.0,4e-05,1188
fantasmagoria,Fantasmagoria,5,0.00081,0.0003,0.00107,0.00041,10
farah,Farah,0,0.0,0,0.0,4e-05,1189
farenheit,Farenheit,1,0.00016,0.0,0.0054,8e-05,1
fargus,Fargus,2,0.00032,0.00036,0.0,0.00028,5
farmacia,Farmacia,0,0.0,0,0.0,4e-05,1190
farolitos,Farolitos,3,0.00048,0.00017,0.01066,0.00016,0
farsantes,Farsantes,1,0.00016,0.0,0.00013,9e-05,0
fase-4,Fase 4,0,0.0,0,0.0,4e-05,1191
fashion-jujuy,Fashion Jujuy,0,0.0,0,0.0,4e-05,1192
fata-morgana,Fata Morgana,0,0.0,0,0.0,4e-05,1193
fattoruso-rada,Fattoruso-Rada,4,0.00065,0.00055,0.00678,0.00025,3
faust,Faust,0,0.0,0,0.0,4e-05,1194
fausto-y-banda-cuenco,Fausto & Banda Cuenco,5,0.00081,0.00027,0.00281,0.00026,0
fe,Fe,0,0.0,0,0.0,4e-05,1195
fe-de-alegre,Fé de alegre,0,0.0,0,0.0,4e-05,1196
fear-me-december,Fear Me December,0,0.0,0,0.0,4e-05,1197
fede-kempff-y-tarantinos,Fede Kempff y Tarantinos,1,0.00016,0,0.0,0.00028,70
federacion-afrancesada-de-fonk,Federación Afrancesada de Fonk,1,0.00016,0.0,0.0,0.00014,8
federico-bardotti-banda,Federico Bardotti Banda,0,0.0,0,0.0,4e-05,1198
fedra-y-maximiliano,Fedra y Maximiliano,0,0.0,0,0.0,4e-05,1199
felisa-cabellos-dorados,Felisa Cabellos Dorados,0,0.0,0,0.0,4e-05,1200
felix-y-los-sin-fritz,Félix y los Sin Fritz,2,0.00032,1e-05,0.00398,0.00012,3
feliz-entierro,Feliz entierro,0,0.0,0,0.0,4e-05,1201
femina,Fémina,0,0.0,0,0.0,4e-05,1202
fenol,Fenol,0,0.0,0,0.0,4e-05,1203
feria-de-los-pajaros,Feria de los pájaros,1,0.00016,0.0,0.00022,0.0001,10
fermina,Fermina,0,0.0,0,0.0,4e-05,1204
fernandez-4,Fernández 4,2,0.00032,0.00036,2e-05,0.00028,8
fernandez-fierro,Fernández Fierro,4,0.00065,0.00123,0.00048,0.00026,10
fernandez-pereyra,Fernández Pereyra,1,0.00016,0.0,0.00051,0.0001,12
ferocia,Ferocia,0,0.0,0,0.0,4e-05,1205
fervors,Fervors,0,0.0,0,0.0,4e-05,1206
fetzet,Fetzet,0,0.0,0,0.0,4e-05,1207
ficciones,Ficciones,1,0.00016,0.0,0.01476,8e-05,1
fidel-comiso,Fidel Comiso,2,0.00032,4e-05,0.00132,0.00014,0
fideos-con-manteca,Fideos con manteca,0,0.0,0,0.0,4e-05,1208
fidojuan,FidoJuan,0,0.0,0,0.0,4e-05,1209
fiebre-del-sistema,Fiebre del sistema,0,0.0,0,0.0,4e-05,1210
fierro,Fierro,2,0.00032,0.0,0.00096,0.00012,7
fierro-y-cruz,Fierro y Cruz,5,0.00081,0.00052,0.00262,0.00028,7
fiesta-americana,Fiesta Americana,1,0.00016,0.0,0.0006,0.0001,2
fillow,Fillow,0,0.0,0,0.0,4e-05,1211
filosa,Filosa,0,0.0,0,0.0,4e-05,1212
fin-del-mundo,Fin del mundo,3,0.00048,0.00016,0.00064,0.00024,12
finger-y-la-pesada-herencia,Finger y La Pesada Herencia,0,0.0,0,0.0,4e-05,1213
finnegans,Finnegans,0,0.0,0,0.0,4e-05,1214
firenze,Firenze,1,0.00016,0.0,5e-05,0.00012,14
fision,Fisión,0,0.0,0,0.0,4e-05,1215
fisura2,Fisura2,1,0.00016,0.0,0.00259,9e-05,0
fixion,Fixion,0,0.0,0,0.0,4e-05,1216
flashbax,Flashbax,0,0.0,0,0.0,4e-05,1217
flavio-casanova-rockaband,Flavio Casanova Rockaband,0,0.0,0,0.0,4e-05,1218
flema,Flema,12,0.00194,0.01007,0.00557,0.00088,0
flemita,Flemita,0,0.0,0,0.0,4e-05,1219
fletulantes,Fletulantes,0,0.0,0,0.0,4e-05,1220
flipper,Flipper,0,0.0,0,0.0,4e-05,1221
flopa-manza-minimal,Flopa Manza Minimal,4,0.00065,0.00031,0.00123,0.00033,6
flopa-minimal,Flopa Minimal,2,0.00032,0.0,0.00112,0.00012,6
flor,Flor,3,0.00048,0.00012,0.00543,0.00016,3
flor-de-vida,Flor de vida,1,0.00016,0.0,0.00024,0.0001,11
flor-negra,Flor negra,0,0.0,0,0.0,4e-05,1222
florencia-ruiz-ariel-minimal,Florencia Ruiz / Ariel Minimal,2,0.00032,0.0,0.00102,0.00014,0
florentino,Florentino,1,0.00016,0.0,0.00156,8e-05,7
florian-fernandez-capello,Florián Fernández Capello,3,0.00048,0.0,0.00435,0.00017,0
florlangosta,Florlangosta,2,0.00032,0.00057,0.00632,0.00013,2
flormaleva,Flormaleva,0,0.0,0,0.0,4e-05,1223
flow-up,Flow Up,0,0.0,0,0.0,4e-05,1224
flower-power,Flower Power,0,0.0,0,0.0,4e-05,1225
fluido,Fluido,0,0.0,0,0.0,4e-05,1226
fluido-manchester,Fluido Manchester,0,0.0,0,0.0,4e-05,1227
fluidos-misticos,Fluidos místicos,0,0.0,0,0.0,4e-05,1228
flujo,Flujo,0,0.0,0,0.0,4e-05,1229
fluya,Fluya,4,0.00065,0.00046,0.00229,0.00027,14
fly-fly-caroline,Fly Fly Caroline,0,0.0,0,0.0,4e-05,1230
fobos,Fobos,0,0.0,0,0.0,4e-05,1231
fok,Fok,1,0.00016,0,0.0,0.00028,72
folie,Folie,1,0.00016,0.0,0.01476,8e-05,1
folioscope,Folioscope,0,0.0,0,0.0,4e-05,1232
fonda,Fonda,0,0.0,0,0.0,4e-05,1233
fondo-blanco,Fondo blanco,0,0.0,0,0.0,4e-05,1234
fondo-de-bikini,Fondo de bikini,0,0.0,0,0.0,4e-05,1235
forceps-rock,Fórceps Rock,0,0.0,0,0.0,4e-05,1236
fordeban,FordebáN,3,0.00048,0.00049,0.00077,0.0002,3
forestar,Forestar,0,0.0,0,0.0,4e-05,1237
formula-3000,Fórmula 3000,0,0.0,0,0.0,4e-05,1238
fotofobia,Fotofobia,0,0.0,0,0.0,4e-05,1239
fotos-del-otono,Fotos del Otoño,1,0.00016,0.0,6e-05,0.0001,12
foxley,Foxley,0,0.0,0,0.0,4e-05,1240
fr3ak-y-los-ali3nados,Fr3ak & los Ali3nados,0,0.0,0,0.0,4e-05,1241
fradi,Fradi,0,0.0,0,0.0,4e-05,1242
fradiavolo,Fradiavolo,2,0.00032,0,0.0,0.0004,46
fraktal,Fraktal,0,0.0,0,0.0,4e-05,1243
francisca-y-les-exploradores,Francisca y Les Exploradores,6,0.00097,0.00066,0.02027,0.00031,1
franov-pomo-suarez,Franov / Pomo / Suárez,1,0.00016,0.0,0.00323,7e-05,1
fransia,Fransia,0,0.0,0,0.0,4e-05,1244
franzisco-alegre,Franzisco Alegre,0,0.0,0,0.0,4e-05,1245
franzo,Franzo,2,0.00032,4e-05,0.00373,0.00012,5
frappe,Frappé,3,0.00048,8e-05,0.01395,0.00015,4
frater,Frater,0,0.0,0,0.0,4e-05,1246
fredys,Fredys,0,0.0,0,0.0,4e-05,1247
fricandeeu,Fricandeeu,0,0.0,0,0.0,4e-05,1248
friccion,Fricción,16,0.00259,0.00132,0.06264,0.00071,2
frida,Frida,0,0.0,0,0.0,4e-05,1249
fruta-deliciosa,Fruta Deliciosa,7,0.00113,0.0023,0.01756,0.00033,0
fu,Fu,0,0.0,0,0.0,4e-05,1250
fuck-face,Fuck Face,0,0.0,0,0.0,4e-05,1251
fuckdolls,FuckDolls,0,0.0,0,0.0,4e-05,1252
fucking-neurus,Fucking Neurus,0,0.0,0,0.0,4e-05,1253
fueggo-inmenso,Fueggo Inmenso,0,0.0,0,0.0,4e-05,1254
fuera-de-sektor,Fuera de Sektor,0,0.0,0,0.0,4e-05,1255
fuerte-apache,Fuerte Apache,0,0.0,0,0.0,4e-05,1256
fughu,Fughu,0,0.0,0,0.0,4e-05,1257
fugitivos,Fugitivos,0,0.0,0,0.0,4e-05,1258
fuji-trio,Fuji trío,0,0.0,0,0.0,4e-05,1259
fulanas-trio,Fulanas Trío,0,0.0,0,0.0,4e-05,1260
fuleras,Fuleras,0,0.0,0,0.0,4e-05,1261
full-chamba,Full Chamba,2,0.00032,0.00036,0.00049,0.00019,2
full-nothing,Full Nothing,1,0.00016,0.0,7e-05,9e-05,7
fulton-espina,Fulton Espina,1,0.00016,0,0.0,0.00028,71
fun-people,Fun People,11,0.00178,0.00674,0.00167,0.00077,10
funerales,Funerales,0,0.0,0,0.0,4e-05,1262
funk-farrones,Funk-Farrones,0,0.0,0,0.0,4e-05,1263
funka,Funka,1,0.00016,0.0,0.01025,8e-05,1
funkastic-grooves,Funkastic Grooves,1,0.00016,0.0,2e-05,0.00013,0
funktasticos-genitales,Funktásticos genitales,0,0.0,0,0.0,4e-05,1264
funktoche,Funktoche,0,0.0,0,0.0,4e-05,1265
funky-animal-orquesta,Funky Animal Orquesta,1,0.00016,0.0,7e-05,0.00011,16
funky-tu-madre,Funky Tu Madre,0,0.0,0,0.0,4e-05,1266
furgonautas,Furgonautas,2,0.00032,0.00214,0.0,0.00026,11
furia,Furia,0,0.0,0,0.0,4e-05,1267
furia-genetica,Furia Genética,3,0.00048,0.00239,0.00124,0.00023,5
furias,Furias,0,0.0,0,0.0,4e-05,1268
furias-2,Furias,0,0.0,0,0.0,4e-05,1269
furies,Furies,0,0.0,0,0.0,4e-05,1270
fuser-pacha-tour,Fuser Pacha Tour,0,0.0,0,0.0,4e-05,1271
fusion,Fusión,0,0.0,0,0.0,4e-05,1272
fusion-mimica,Fusión Mímica,0,0.0,0,0.0,4e-05,1273
fusion43,Fusión43,0,0.0,0,0.0,4e-05,1274
futbol,Fútbol,2,0.00032,0.0,0.00142,0.00012,0
gabo-ferro,Gabo Ferro,8,0.00129,0.00155,0.00289,0.00043,9
horacio-fontova,Horacio Fontova,10,0.00162,0.0009,0.02843,0.0004,1
hugo-fattoruso,Hugo Fattoruso,6,0.00097,0.00042,0.00186,0.00046,3
ivo-ferrer,Ivo Ferrer,1,0.00016,0,0.0,0.00022,56
jorge-fandermole,Jorge Fandermole,6,0.00097,0.00073,0.0097,0.00037,1
jose-luis-fernandez,José Luis Fernández,6,0.00097,3e-05,0.03475,0.00024,1
juan-carlos-mono-fontana,Juan Carlos Mono Fontana,11,0.00178,0.0006,0.03257,0.00045,1
juan-farre,Juan Farré,2,0.00032,0.0,0.02511,0.00011,1
juani-favre,Juani Favre,1,0.00016,0.0,0.0019,8e-05,2
julio-franchi,Julio Franchi,3,0.00048,0.00021,0.00034,0.00023,3
la-familia-ingle,La Familia Ingle,1,0.00016,0.0,2e-05,0.00014,2
la-fanfarria-del-capitan,La Fanfarria del Capitán,2,0.00032,0.00011,0.00234,0.00013,0
la-favorita,La Favorita,1,0.00016,0.0,0.00041,9e-05,0
la-faya,La Faya,0,0.0,0,0.0,4e-05,1275
la-femme-dargent,La Femme D’Argent,2,0.00032,0.00021,5e-05,0.00018,6
la-feria,La Feria,6,0.00097,0.00101,0.00457,0.00037,10
la-fiaca,La Fiaca,0,0.0,0,0.0,4e-05,1276
la-filarmonica-cosmica,La Filarmónica Cósmica,5,0.00081,0.00027,0.00185,0.00027,9
la-forma,La Forma,4,0.00065,0.00037,0.00415,0.00028,2
la-fracturada,La Fracturada,0,0.0,0,0.0,4e-05,1277
la-fragua,La Fragua,0,0.0,0,0.0,4e-05,1278
la-franela,La Franela,10,0.00162,0.00177,0.00883,0.00052,3
la-fuente,La Fuente,6,0.00097,0.00152,0.0042,0.00041,13
la-fuga,La Fuga,3,0.00048,0.00016,0.00365,0.0002,4
la-funcion,La Función,1,0.00016,0,0.0,0.00028,116
la-furia-de-petruza,La Furia de Petruza,2,0.00032,0.00026,0.00199,0.00013,3
laforma,LaForma,0,0.0,0,0.0,4e-05,1279
las-fieras,Las Fieras,0,0.0,0,0.0,4e-05,1280
lautaro-feldman,Lautaro Feldman,1,0.00016,0.0,7e-05,0.00011,11
leandro-fresco,Leandro Fresco,6,0.00097,2e-05,0.02474,0.00029,2
leo-ferradas,Leo Ferradás,1,0.00016,0.0,0.00118,8e-05,1
leonel-felipelli,Leonel Felipelli,1,0.00016,0.0,5e-05,0.00011,12
lolo-fuentes,Lolo Fuentes,2,0.00032,0.00012,0.00152,0.00015,2
los-fabulosos-cadillacs,Los Fabulosos Cadillacs,59,0.00954,0.02887,0.06454,0.00308,0
los-farubetas,Los Farubetas,0,0.0,0,0.0,4e-05,1281
los-frayos,Los Frayos,0,0.0,0,0.0,4e-05,1282
los-freneticos,Los Frenéticos,0,0.0,0,0.0,4e-05,1283
lucas-finocchi,Lucas Finocchi,1,0.00016,0.0,7e-05,0.00012,1
marcelo-fraga,Marcelo Fraga,0,0.0,0,0.0,4e-05,1284
marcos-french,Marcos French,1,0.00016,0.0,0.00156,8e-05,1
marina-fages,Marina Fages,5,0.00081,0.00093,0.00111,0.00034,9
more-fernandez-nunez,More Fernández Nuñez,0,0.0,0,0.0,4e-05,1285
osie-forbes,Osie Forbes,0,0.0,0,0.0,4e-05,1286
osvaldo-bocon-frascino,Osvaldo Bocón Frascino,9,0.00145,0.00119,0.01987,0.00051,1
piti-fernandez,Piti Fernández,9,0.00145,0.00068,0.00431,0.00053,3
ramiro-flores,Ramiro Flores,7,0.00113,0.00106,0.00137,0.00047,9
raul-rulo-fernandez,Raúl Rulo Fernández,1,0.00016,0.0,0.00021,0.0001,13
silvio-furmanski,Silvio Furmanski,0,0.0,0,0.0,4e-05,1287
tito-fargo-daviero,Tito Fargo D’Aviero,2,0.00032,0.0,0.00107,0.00013,0
6-grados,6 Grados,0,0.0,0,0.0,4e-05,1288
alina-gandini,Alina Gandini,8,0.00129,0.0011,0.0458,0.00039,1
andres-gimenez,Andrés Giménez,10,0.00162,0.00112,0.01588,0.00048,0
barbara-gilles,Bárbara Gilles,0,0.0,0,0.0,4e-05,1289
carlos-garcia-lopez,Carlos García López,11,0.00178,0.00126,0.03201,0.0006,17
cecilia-grammatico,Cecilia Grammatico,1,0.00016,0,0.0,0.00028,68
charly-garcia,Charly García,124,0.02005,0.09033,0.31007,0.00594,1
claudio-gabis,Claudio Gabis,20,0.00323,0.00275,0.06531,0.00092,1
daniel-garcia,Daniel García,1,0.00016,0.0,1e-05,0.00013,0
divina-gloria,Divina Gloria,7,0.00113,0.00027,0.01037,0.00034,1
el-general-paz-y-la-triple-frontera,El General Paz & La Triple Frontera,9,0.00145,0.00179,0.02391,0.00056,15
el-genio,El Genio,1,0.00016,0.0,0.00029,0.00011,24
el-ghetto-de-benoit,El Ghetto de Benoit,0,0.0,0,0.0,4e-05,1290
el-grito,El Grito,2,0.00032,0.0,0.00999,0.00012,2
el-grito-del-chaman,El Grito del Chamán,0,0.0,0,0.0,4e-05,1291
erica-garcia,Érica García,8,0.00129,0.0007,0.01398,0.00045,6
fabian-gallardo,Fabián Gallardo,13,0.0021,0.00228,0.04051,0.00062,1
federico-gil-sola,Federico Gil Solá,11,0.00178,0.00153,0.01338,0.00057,6
federico-gironelli,Federico Gironelli,3,0.00048,0.00026,0.00039,0.0002,8
fernando-goin,Fernando Goin,2,0.00032,4e-05,0.00065,0.00015,7
fernando-gril,Fernando Gril,1,0.00016,0.0,0.00052,9e-05,2
git,G.I.T.,18,0.00291,0.00547,0.05419,0.0009,1
ga-ma-ro-sa,GA.MA.RO.SA,0,0.0,0,0.0,4e-05,1292
gabriel-gratzer,Gabriel Grätzer,2,0.00032,1e-05,0.00015,0.00018,22
gabriela,Gabriela,6,0.00097,3e-05,0.0384,0.00023,1
galacteos,Galácteos,0,0.0,0,0.0,4e-05,1293
galacticas-mareas,Galácticas mareas,1,0.00016,0.0,0.00249,8e-05,1
galapagos,Galápagos,0,0.0,0,0.0,4e-05,1294
galeria-de-raices,Galería de raíces,0,0.0,0,0.0,4e-05,1295
galileo,Galileo,0,0.0,0,0.0,4e-05,1296
gallega,Gallega,2,0.00032,3e-05,0.00239,0.00012,5
gamma,Gamma,0,0.0,0,0.0,4e-05,1297
gamma-cero,Gamma Cero,0,0.0,0,0.0,4e-05,1298
gansos-rusos,Gansos Rusos,0,0.0,0,0.0,4e-05,1299
garage,Garage,0,0.0,0,0.0,4e-05,1300
gardenia,Gardenia,1,0.00016,0.0,0.00026,9e-05,0
garofalos,Garófalos,0,0.0,0,0.0,4e-05,1301
garonautas,Garonautas,0,0.0,0,0.0,4e-05,1302
garrotera,Garrotera,0,0.0,0,0.0,4e-05,1303
garza-polaca,Garza Polaca,1,0.00016,0.0,0.00218,8e-05,0
gas-letal,Gas Letal,0,0.0,0,0.0,4e-05,1304
gasolina,Gasolina,2,0.00032,0.0,0.00185,0.00012,7
gaspar-om,Gaspar Om,3,0.00048,0.00038,0.00024,0.00024,14
gastro,Gastro,0,0.0,0,0.0,4e-05,1305
gata-de-noche,Gata de Noche,0,0.0,0,0.0,4e-05,1306
gativideo,Gativideo,0,0.0,0,0.0,4e-05,1307
gato-urbano,Gato urbano,2,0.00032,0.00021,0.00451,0.00012,2
gatos-que-ladran,Gatos que ladran,0,0.0,0,0.0,4e-05,1308
gatos-sucios,Gatos Sucios,9,0.00145,0.00624,0.00423,0.00049,15
gauchito-club,Gauchito Club,0,0.0,0,0.0,4e-05,1309
gauchos-de-acero,Gauchos de acero,0,0.0,0,0.0,4e-05,1310
gauchos-rabiosos,Gauchos Rabiosos,5,0.00081,0.00261,0.00669,0.00029,14
gazpacho,Gazpacho,0,0.0,0,0.0,4e-05,1311
geisha,Geisha,0,0.0,0,0.0,4e-05,1312
gen-boliviano,Gen boliviano,0,0.0,0,0.0,4e-05,1313
generacion-zombie,Generación Zombie,1,0.00016,0,0.0,0.00028,81
genitales-argentinos,Genitales argentinos,0,0.0,0,0.0,4e-05,1314
genius,Genius,0,0.0,0,0.0,4e-05,1315
genpets,Genpets,0,0.0,0,0.0,4e-05,1316
gente-de-barrio,Gente de barrio,5,0.00081,0.00236,0.00577,0.00027,0
geo-ramma,Geo-Ramma,3,0.00048,1e-05,0.01151,0.00015,2
gerardo,Gerardo,0,0.0,0,0.0,4e-05,1317
gigio,Gigio,8,0.00129,0.00068,0.01529,0.00036,0
gillespi,Gillespi,5,0.00081,0.00029,0.01239,0.00027,0
ginesta,Ginestá,0,0.0,0,0.0,4e-05,1318
gira-peonza,Gira Peonza,0,0.0,0,0.0,4e-05,1319
giradioses,Giradioses,0,0.0,0,0.0,4e-05,1320
giros,Giros,4,0.00065,0.00147,0.00482,0.0003,3
giuseppe,Giuseppe,2,0.00032,0,0.0,0.0004,41
giusti-funk-corp,Giusti Funk Corp,1,0.00016,0.0,0.00021,9e-05,8
glaciares,Glaciares,0,0.0,0,0.0,4e-05,1321
glasnost,Glasnost,0,0.0,0,0.0,4e-05,1322
globos,Globos,0,0.0,0,0.0,4e-05,1323
go-neko,Go-Neko!,2,0.00032,0.00036,1e-05,0.00024,13
golf,Golf,0,0.0,0,0.0,4e-05,1324
gon,Gon,0,0.0,0,0.0,4e-05,1325
good-time-for-dynacom,Good Time for Dynacom,1,0.00016,0,0.0,0.00028,72
gori,Gori,5,0.00081,0.00171,0.00885,0.00036,10
gorrion,Gorrión,0,0.0,0,0.0,4e-05,1326
gotan-project,Gotan Project,1,0.00016,0.0,0.00048,0.0001,2
gotha,Gotha,0,0.0,0,0.0,4e-05,1327
gpilatti-dub,GPilatti Dub,0,0.0,0,0.0,4e-05,1328
graciela-borges-band,Graciela Borges Band,0,0.0,0,0.0,4e-05,1329
gradocero,GradoCero,0,0.0,0,0.0,4e-05,1330
graffiti,Graffiti,0,0.0,0,0.0,4e-05,1331
gramonautas,Gramonautas,0,0.0,0,0.0,4e-05,1332
gran-martell,Gran Martell,14,0.00226,0.00311,0.01328,0.00069,0
granada,Granada,2,0.00032,2e-05,0.00076,0.00014,16
grand-prix,Grand Prix,2,0.00032,6e-05,1e-05,0.0002,13
granja-x,Granja X,2,0.00032,0.0,0.0067,0.00011,1
grillomatto,Grillomatto,0,0.0,0,0.0,4e-05,1333
gripe,Gripe,0,0.0,0,0.0,4e-05,1334
gris,Gris,0,0.0,0,0.0,4e-05,1335
griswold,Griswold,0,0.0,0,0.0,4e-05,1336
groovin-bohemia,Groovin’ Bohemia,0,0.0,0,0.0,4e-05,1337
grupo-uno,Grupo Uno,1,0.00016,0.0,0.00052,9e-05,1
grupo-zar,Grupo Zar,3,0.00048,0.0001,0.01437,0.00016,1
gruta,Gruta,0,0.0,0,0.0,4e-05,1338
gruvin-band,Gruvin Band,0,0.0,0,0.0,4e-05,1339
guachass,Guachass,3,0.00048,6e-05,0.00022,0.00021,7
guacho,Güacho,0,0.0,0,0.0,4e-05,1340
guacho-bleu,Guacho Bleu,0,0.0,0,0.0,4e-05,1341
gualicho-aborigen,Gualicho aborigen,0,0.0,0,0.0,4e-05,1342
gualicho-turbio,Gualicho Turbio,0,0.0,0,0.0,4e-05,1343
guasones,Guasones,8,0.00129,0.00181,0.01318,0.0004,4
guater-pruf-gruv,Guater Pruf Gruv,0,0.0,0,0.0,4e-05,1344
guatusi,Guatusi,0,0.0,0,0.0,4e-05,1345
guazuncho,Guazuncho,0,0.0,0,0.0,4e-05,1346
guebe,Guebe,0,0.0,0,0.0,4e-05,1347
guernica,Guernica,0,0.0,0,0.0,4e-05,1348
guerra-de-almohadas,Guerra de Almohadas,1,0.00016,0,0.0,0.00028,126
guerrero,Guerrero,0,0.0,0,0.0,4e-05,1349
guia-de-viaje,Guía de viaje,4,0.00065,0.00107,0.00122,0.00042,29
guile-y-los-defensores,Guile y Los Defensores,0,0.0,0,0.0,4e-05,1350
guillermina,Guillermina,2,0.00032,3e-05,0.00331,0.00013,3
gunner-sixx,Gunner Sixx,0,0.0,0,0.0,4e-05,1351
guru,Gurú,1,0.00016,0,0.0,0.00028,73
guru-2,Gurú,0,0.0,0,0.0,4e-05,1352
gusanos,Gusanos,0,0.0,0,0.0,4e-05,1353
gusz,Gusz,0,0.0,0,0.0,4e-05,1354
javier-garcia,Javier García,4,0.00065,0.00542,4e-05,0.00054,4
jeronimo-guiraud,Jerónimo Guiraud,0,0.0,0,0.0,4e-05,1355
jose-luis-garabal,José Luis Garabal,1,0.00016,0,0.0,0.00028,74
juliana-gattas,Juliana Gattas,5,0.00081,0.00014,0.00268,0.0003,2
la-garcia-lopez,La García López,2,0.00032,0.0,0.01628,0.00015,17
la-gaucha,La Gaucha,1,0.00016,0.0,0.00023,9e-05,4
la-gente,La Gente,24,0.00388,0.0123,0.02922,0.00126,10
la-gestacion,La Gestación,2,0.00032,4e-05,0.00361,0.00012,0
la-gota-gorda,La Gota gorda,0,0.0,0,0.0,4e-05,1356
la-gran-7,La Gran 7,3,0.00048,0.00027,0.00543,0.00018,0
la-gran-perdida-de-energia,La Gran Pérdida de Energía,0,0.0,0,0.0,4e-05,1357
la-gran-tortuga,La Gran Tortuga,0,0.0,0,0.0,4e-05,1358
la-grande,La Grande,3,0.00048,0.00014,0.00051,0.00019,9
la-gringa,La Gringa,1,0.00016,0.0,0.00073,8e-05,4
la-groovisima,La Groovísima,0,0.0,0,0.0,4e-05,1359
la-guapa,La Guapa,1,0.00016,0.0,0.0007,8e-05,0
la-guaracha,La Guaracha,0,0.0,0,0.0,4e-05,1360
la-guardia-del-fuego,La Guardia del Fuego,7,0.00113,0.00047,0.01914,0.00033,2
la-guarida,La Guarida,0,0.0,0,0.0,4e-05,1361
laura-goldar,Laura Goldar,2,0.00032,0.0,8e-05,0.00016,10
leo-garcia,Leo García,28,0.00453,0.00769,0.04033,0.00137,2
leo-gaspari,Leo Gaspari,0,0.0,0,0.0,4e-05,1362
leon-gieco,León Gieco,104,0.01681,0.09667,0.21312,0.00465,1
los-gangsters,Los Gángsters,2,0.00032,1e-05,0.00066,0.00018,5
los-gansos,Los Gansos,1,0.00016,0.0,0.00014,0.00013,0
los-gardelitos,Los Gardelitos,9,0.00145,0.00173,0.00288,0.00052,0
los-garrison,Los Garrison,0,0.0,0,0.0,4e-05,1363
los-gatos,Los Gatos,33,0.00533,0.00941,0.06755,0.00146,1
los-gatos-salvajes,Los Gatos Salvajes,6,0.00097,4e-05,0.02038,0.00031,1
los-gauchos-alemanes,Los Gauchos Alemanes,4,0.00065,0.00038,0.00485,0.00029,2
los-gongs,Los Gongs,1,0.00016,0.0,5e-05,0.00011,12
los-gorros,Los Gorros,0,0.0,0,0.0,4e-05,1364
los-grillos,Los Grillos,8,0.00129,0.00107,0.01453,0.00039,1
los-guarros,Los Guarros,7,0.00113,0.00655,0.01711,0.00042,4
los-guauchos,Los Guauchos,0,0.0,0,0.0,4e-05,1365
los-gusanos,Los Gusanos,0,0.0,0,0.0,4e-05,1366
lu-glass,Lu Glass,3,0.00048,0.00271,0.00014,0.00028,6
lucas-giotta,Lucas Giotta,0,0.0,0,0.0,4e-05,1367
mariano-giudice,Mariano Giúdice,0,0.0,0,0.0,4e-05,1368
masi-garcia,Masi García,2,0.00032,0.0,3e-05,0.00022,4
migue-garcia,Migue García,5,0.00081,0.00092,0.0191,0.00037,2
pablo-guerra,Pablo Guerra,6,0.00097,0.00062,0.00295,0.00035,6
ruben-gaitan,Rubén Gaitán,9,0.00145,0.00295,0.02703,0.00052,5
ruben-goldin,Rubén Goldín,23,0.00372,0.00356,0.07124,0.001,1
santiago-gonella,Santiago Gonella,9,0.00145,0.00124,0.00944,0.00047,7
silvina-garre,Silvina Garré,12,0.00194,0.00061,0.0609,0.00057,1
the-garcon-blues,The Garcon Blues,0,0.0,0,0.0,4e-05,1369
tomas-justo-gaggero,Tomás Justo Gaggero,4,0.00065,0.00061,0.00062,0.00033,13
tweety-gonzalez,Tweety González,37,0.00598,0.00893,0.06007,0.00187,2
valeria-goberna,Valeria Goberna,2,0.00032,0,0.0,0.0004,42
walter-gandini,Wálter Gandini,2,0.00032,0.00036,6e-05,0.00031,25
walter-giardino,Wálter Giardino,9,0.00145,0.00119,0.00258,0.00047,7
zelmar-garin,Zelmar Garín,0,0.0,0,0.0,4e-05,1370
zoe-gotusso,Zoe Gotusso,10,0.00162,0.00501,0.01478,0.00056,3
daniela-herrero,Daniela Herrero,14,0.00226,0.00268,0.04668,0.00057,2
el-hijo-de-mi-padre,El Hijo de mi padre,1,0.00016,0.0,3e-05,9e-05,2
el-hipnotizador-romantico,El Hipnotizador Romántico,0,0.0,0,0.0,4e-05,1371
el-hito,El Hito,2,0.00032,0.0,0.00011,0.00019,0
el-hombre,El Hombre,6,0.00097,0.00314,0.00885,0.00032,0
el-hombre-del-dado,El Hombre del dado,1,0.00016,0.0,0.00042,9e-05,0
el-horreo,El Horreo,0,0.0,0,0.0,4e-05,1372
el-huevo,El Huevo,3,0.00048,0.0,0.00891,0.00018,1
emmanuel-horvilleur,Emmanuel Horvilleur,17,0.00275,0.00511,0.01479,0.00086,2
florencia-hana-ciliberti,Florencia Hana Ciliberti,2,0.00032,1e-05,0.00068,0.00016,2
gringui-herrera,Gringui Herrera,14,0.00226,0.0009,0.04831,0.00066,1
hlqp,H.L.Q.P.,2,0.00032,4e-05,0.00024,0.00015,6
habitantes,Habitantes,0,0.0,0,0.0,4e-05,1373
habitat,Hábitat,0,0.0,0,0.0,4e-05,1374
hablaras-de-mi,Hablarás de mi,0,0.0,0,0.0,4e-05,1375
hachalahilacha,Hachalahilacha,0,0.0,0,0.0,4e-05,1376
hache,Hache,3,0.00048,0.00027,0.00142,0.0002,14
hacia-dos-veranos,Hacia dos veranos,0,0.0,0,0.0,4e-05,1377
haciendo-fuerza,Haciendo fuerza,0,0.0,0,0.0,4e-05,1378
hal-9000,Hal 9000,0,0.0,0,0.0,4e-05,1379
halasius,Halasius,0,0.0,0,0.0,4e-05,1380
halicktor,Halicktor,0,0.0,0,0.0,4e-05,1381
hallibour-fiberglass-sereneiders,Hallibour Fiberglass Sereneiders,2,0.00032,0.0,0.00069,0.00018,5
halogena,Halógena,0,0.0,0,0.0,4e-05,1382
hamacas-al-rio,Hamacas al río,4,0.00065,0.00016,0.00224,0.00024,9
hammer,Hammer,3,0.00048,0.0,0.00153,0.00017,0
handels,Handels,0,0.0,0,0.0,4e-05,1383
hangar,Hangar,0,0.0,0,0.0,4e-05,1384
harakiri,Harakiri,0,0.0,0,0.0,4e-05,1385
haren,Haren,0,0.0,0,0.0,4e-05,1386
harpia,Harpía,0,0.0,0,0.0,4e-05,1387
harry,Harry,0,0.0,0,0.0,4e-05,1388
haru,Haru,0,0.0,0,0.0,4e-05,1389
hashish,Hashish,0,0.0,0,0.0,4e-05,1390
hasta-las-manos,Hasta las manos,1,0.00016,0.0,0.0,0.00015,25
hasta-los-pajaros,Hasta los pájaros,0,0.0,0,0.0,4e-05,1391
hate,Hate,1,0.00016,0,0.0,0.00028,75
headphones,Headphones,0,0.0,0,0.0,4e-05,1392
headroom,Headroom,4,0.00065,0.00091,0.00348,0.00026,8
heavy-stream,Heavy Stream,0,0.0,0,0.0,4e-05,1393
heimdal,Heimdal,0,0.0,0,0.0,4e-05,1394
helecho,Helecho,0,0.0,0,0.0,4e-05,1395
helker,Helker,0,0.0,0,0.0,4e-05,1396
hellion,Hellión,1,0.00016,0.0,0.00017,0.00012,7
hemisferios,Hemisferios,0,0.0,0,0.0,4e-05,1397
henkel,Henkel,0,0.0,0,0.0,4e-05,1398
herederos,Herederos,2,0.00032,0.00011,0.00037,0.00016,10
hereford,Hereford,0,0.0,0,0.0,4e-05,1399
hermann,Hermann,0,0.0,0,0.0,4e-05,1400
hermano-perro-pocket-orquesta,Hermano Perro Pocket Orquesta,0,0.0,0,0.0,4e-05,1401
hermanos-de-la-calle,Hermanos de la calle,1,0.00016,0.0,1e-05,0.00013,0
hermes,Hermes,0,0.0,0,0.0,4e-05,1402
hermetica,Hermética,20,0.00323,0.01564,0.02565,0.00106,0
heroes-del-asfalto,Héroes del Asfalto,4,0.00065,0.00038,0.00337,0.00024,15
heroicos-sobrevivientes,Heroicos Sobrevivientes,8,0.00129,0.00165,0.02611,0.00043,5
heroina-shock,Heroína Shock,0,0.0,0,0.0,4e-05,1403
hertz,Hertz,0,0.0,0,0.0,4e-05,1404
hexatonica,Hexatónica,1,0.00016,0,0.0,0.00028,76
hey-atico,Hey Atico,0,0.0,0,0.0,4e-05,1405
hey-ya,Hey Ya,0,0.0,0,0.0,4e-05,1406
hibacuya,Hibacuya,0,0.0,0,0.0,4e-05,1407
hibridos,Híbridos,2,0.00032,4e-05,0.0084,0.00011,4
hidden,Hidden,0,0.0,0,0.0,4e-05,1408
hidrofobia,Hidrofobia,1,0.00016,0.0,0.0001,9e-05,9
hieros-gamos,Hieros Gamos,0,0.0,0,0.0,4e-05,1409
hierrock,Hierrock,1,0.00016,0,0.0,0.00028,77
hijas-de-zion,Hijas de Zion,1,0.00016,0.0,0.00023,0.00011,10
hijo-de-la-recesion,Hijo de la Recesión,0,0.0,0,0.0,4e-05,1410
hijo-de-la-tormenta,Hijo de la Tormenta,0,0.0,0,0.0,4e-05,1411
hijo-jueves,Hijo Jueves,0,0.0,0,0.0,4e-05,1412
hijos-de-babel,Hijos de Babel,9,0.00145,0.003,0.03584,0.00042,1
hijos-de-nadie,Hijos de nadie,2,0.00032,4e-05,0.00048,0.00014,6
hijos-de-padres,Hijos de Padres,0,0.0,0,0.0,4e-05,1413
hijos-del-hijo,Hijos del hijo,2,0.00032,2e-05,0.00313,0.00012,6
hijos-del-oeste,Hijos del Oeste,5,0.00081,0.00075,0.0015,0.00027,0
hijos-del-pueblo,Hijos del Pueblo,0,0.0,0,0.0,4e-05,1414
hijos-del-sofa,Hijos del Sofá,0,0.0,0,0.0,4e-05,1415
hipnos,Hipnos,0,0.0,0,0.0,4e-05,1416
hipnosis,Hipnosis,4,0.00065,0.00051,0.00485,0.00029,7
hipnotica,Hipnótica,0,0.0,0,0.0,4e-05,1417
hipo,Hipo,0,0.0,0,0.0,4e-05,1418
historia-del-crimen,Historia del crimen,2,0.00032,9e-05,0.00288,0.00017,6
hitoploxus,Hitoploxus,0,0.0,0,0.0,4e-05,1419
hoguera,Hoguera,1,0.00016,0.0,0.0,0.00015,11
holen,Holen,0,0.0,0,0.0,4e-05,1420
holy-piby,Holy Piby,2,0.00032,1e-05,0.0003,0.00014,6
hombre-viejo,Hombre viejo,0,0.0,0,0.0,4e-05,1421
hombrebomba,HombreBomba,0,0.0,0,0.0,4e-05,1422
hombrehumano,HombreHumano,0,0.0,0,0.0,4e-05,1423
homogenica,Homogénica,0,0.0,0,0.0,4e-05,1424
honduras,Honduras,0,0.0,0,0.0,4e-05,1425
hongo,Hongo,0,0.0,0,0.0,4e-05,1426
hoolingans,Hoolingans,0,0.0,0,0.0,4e-05,1427
hora-pico,Hora Pico,1,0.00016,0.0,0.00099,9e-05,2
horcas,Horcas,8,0.00129,0.00091,0.00327,0.00039,0
horizonte,Horizonte,2,0.00032,0.0,0.01636,0.00011,1
hormigas-negras,Hormigas negras,3,0.00048,0.00082,0.00139,0.0002,0
hormigon-armado,Hormigón Armado,0,0.0,0,0.0,4e-05,1428
horror-en-la-era-del-simulacro,Horror en la Era del Simulacro,0,0.0,0,0.0,4e-05,1429
hotel-casino,Hotel Casino,3,0.00048,0.0,0.01132,0.00016,2
hotel-hamburgo,Hotel Hamburgo,0,0.0,0,0.0,4e-05,1430
hotel-rush,Hotel Rush,4,0.00065,0.00108,0.01708,0.00021,3
hoz,Hoz,0,0.0,0,0.0,4e-05,1431
hts,HTS,3,0.00048,0.0002,0.02244,0.00015,1
huarpes,Huarpes,0,0.0,0,0.0,4e-05,1432
huaykil,Huaykil,0,0.0,0,0.0,4e-05,1433
huecocielo,Huecocielo,0,0.0,0,0.0,4e-05,1434
huellas,Huellas,1,0.00016,0.0,0.00123,0.0001,4
huestes-de-baco,Huestes de Baco,0,0.0,0,0.0,4e-05,1435
huevo,Huevo,0,0.0,0,0.0,4e-05,1436
huge-the-cara,Huge The Cara,0,0.0,0,0.0,4e-05,1437
huinca,Huinca,2,0.00032,0.0,0.00862,0.00015,1
humanimal,Humanimal,3,0.00048,0.00307,2e-05,0.0004,8
humano-querido,Humano Querido,0,0.0,0,0.0,4e-05,1438
humanoides-disidentes,Humanoides disidentes,1,0.00016,0.0,0.00103,8e-05,15
humildes-tartaros,Humildes Tártaros,0,0.0,0,0.0,4e-05,1439
humo,Humo,0,0.0,0,0.0,4e-05,1440
humo-del-cairo,Humo del Cairo,6,0.00097,0.00464,2e-05,0.00072,11
hurlingham-reggae-band,Hurlingham Reggae Band,9,0.00145,0.00202,0.00922,0.00052,0
hurricane-heart-attacks,Hurricane Heart Attacks,0,0.0,0,0.0,4e-05,1441
hustler,Hustler,0,0.0,0,0.0,4e-05,1442
hymnos,Hymnos,0,0.0,0,0.0,4e-05,1443
hyntu,Hyntu,0,0.0,0,0.0,4e-05,1444
hyperknox,Hyperknox,0,0.0,0,0.0,4e-05,1445
hyperstatic,Hyperstatic,4,0.00065,0.00041,0.00702,0.00023,0
hypnofon,Hypnofón,0,0.0,0,0.0,4e-05,1446
hysteria-lunar,Hysteria Lunar,4,0.00065,0.00071,0.00333,0.00026,8
juan-huertas,Juan Huertas,1,0.00016,0,0.0,0.00028,78
la-herejia,La Herejía,2,0.00032,0.00036,0.00023,0.00022,1
la-herencia,La Herencia,1,0.00016,0,0.0,0.00028,86
la-hermana-menor,La Hermana menor,1,0.00016,0.0,0.00125,8e-05,0
la-hija-de-la-fletera,La Hija de la Fletera,0,0.0,0,0.0,4e-05,1447
la-huella,La Huella,0,0.0,0,0.0,4e-05,1448
las-hijas-de-lucas,Las Hijas de Lucas,0,0.0,0,0.0,4e-05,1449
las-huacas,Las Huacas,0,0.0,0,0.0,4e-05,1450
liliana-herrero,Liliana Herrero,15,0.00242,0.01298,0.02568,0.00073,1
los-heladeros-del-tiempo,Los Heladeros del Tiempo,6,0.00097,0.00074,0.00614,0.0003,4
los-helicopteros,Los Helicópteros,2,0.00032,2e-05,0.00179,0.00013,2
los-hermanos-butaca,Los Hermanos Butaca,1,0.00016,0.0,0.00026,9e-05,0
los-hermanos-mckenzie,Los Hermanos McKenzie,0,0.0,0,0.0,4e-05,1451
los-hi-hats,Los Hi-Hats,3,0.00048,0.00089,0.01634,0.00015,3
los-hijos-de-lopez,Los Hijos de López,1,0.00016,0.0,0.00286,8e-05,2
lucas-heredia,Lucas Heredia,4,0.00065,0.00342,0.00011,0.00045,18
manu-hattom,Manu Hattom,3,0.00048,0.00271,5e-05,0.00037,14
rodolfo-haerle,Rodolfo Haerle,0,0.0,0,0.0,4e-05,1452
sara-hebe,Sara Hebe,1,0.00016,0,0.0,0.00028,122
sissi-hansen,Sissi Hansen,8,0.00129,0.00104,0.01616,0.00041,15
victor-hamudis,Víctor Hamudis,6,0.00097,0.00087,0.00699,0.00029,5
carlos-indio-solari,Carlos Indio Solari,11,0.00178,0.00338,0.0167,0.00058,1
connie-isla,Connie Isla,0,0.0,0,0.0,4e-05,1453
i-griega,I Griega,0,0.0,0,0.0,4e-05,1454
ibiza-pareo,Ibiza Pareo,0,0.0,0,0.0,4e-05,1455
iceberg-del-sur,Iceberg del Sur,1,0.00016,0.0,2e-05,0.00014,2
iconica,Icónica,0,0.0,0,0.0,4e-05,1456
ida-y-vuelta,Ida y vuelta,1,0.00016,0,0.0,0.00028,79
ideal,Ideal,3,0.00048,0.00015,0.00128,0.00017,2
ideas-al-fuego,Ideas al Fuego,3,0.00048,3e-05,0.02588,0.00014,1
identicos-a-identikit,Idénticos a Identikit,1,0.00016,0.0,0.0,0.00023,4
identikit,Identikit,3,0.00048,0.00071,3e-05,0.00043,4
identroescente,Identroescente,0,0.0,0,0.0,4e-05,1457
idilica,Idílica,2,0.00032,5e-05,0.0007,0.00014,7
ignacia,Ignacia,0,0.0,0,0.0,4e-05,1458
ignatz,Ignatz,0,0.0,0,0.0,4e-05,1459
iguana-lovers,Iguana Lovers,0,0.0,0,0.0,4e-05,1460
il-carlo,Il Carlo,0,0.0,0,0.0,4e-05,1461
il-matto-pastor,Il Matto Pastor,0,0.0,0,0.0,4e-05,1462
il-phantasmo,Il Phantasmo,5,0.00081,0.00048,0.00943,0.00024,0
il-santo,Il Santo,1,0.00016,0.0,0.0,0.00012,11
illya-kuryaki-the-valderramas,Illya Kuryaki & The Valderramas,13,0.0021,0.00266,0.03735,0.00069,2
iluminate,Iluminate,0,0.0,0,0.0,4e-05,1463
imaginarios,Imaginarios,0,0.0,0,0.0,4e-05,1464
impar,Impar,0,0.0,0,0.0,4e-05,1465
imperfectos,Imperfectos,1,0.00016,0.0,0.00111,0.00013,2
imperio,Imperio,7,0.00113,0.00554,0.00642,0.0004,0
imperio-diablo,Imperio diablo,1,0.00016,0.0,3e-05,0.00012,12
imperio-maltes,Imperio maltés,3,0.00048,0.00037,0.00078,0.00022,5
impermeables,Impermeables,0,0.0,0,0.0,4e-05,1466
implosion,Implosión,0,0.0,0,0.0,4e-05,1467
impuntuales,Impuntuales,2,0.00032,3e-05,0.00282,0.00015,3
in-corp-sanctis,In Corp Sanctis,0,0.0,0,0.0,4e-05,1468
in-filtrados,In-filtrados,0,0.0,0,0.0,4e-05,1469
in-fusion,In-fusión,0,0.0,0,0.0,4e-05,1470
inauditos,Inauditos,0,0.0,0,0.0,4e-05,1471
inazulina,Inazulina,1,0.00016,0.0,0.00259,9e-05,0
inblood,Inblood,0,0.0,0,0.0,4e-05,1472
inclan,Inclan,0,0.0,0,0.0,4e-05,1473
incognitas,Incógnitas,0,0.0,0,0.0,4e-05,1474
inconsciente-micro,Inconsciente micro,2,0.00032,0.00036,0.00258,0.00019,1
increibles-ciudadanos-vivientes,Increíbles Ciudadanos Vivientes,2,0.00032,0.0,0.00074,0.00015,2
inculto,Inculto,0,0.0,0,0.0,4e-05,1475
indiana,Indiana,0,0.0,0,0.0,4e-05,1476
indica,Indica,2,0.00032,0.00025,0.00412,0.00013,10
indigo-felix,Indigo Félix,0,0.0,0,0.0,4e-05,1477
indio-brujo,Indio Brujo,1,0.00016,0.0,2e-05,0.00012,16
indio-chaman,Indio Chamán,1,0.00016,0.0,0.00049,0.00012,1
indios,Indios,2,0.00032,0.00036,0.00013,0.00023,11
indra,Indra,0,0.0,0,0.0,4e-05,1478
indra-mantras,Indra Mantras,1,0.00016,0,0.0,0.00028,80
inercia,Inercia,0,0.0,0,0.0,4e-05,1479
inesperados,Inesperados,0,0.0,0,0.0,4e-05,1480
infieles,Infieles,0,0.0,0,0.0,4e-05,1481
infierno-18,Infierno 18,10,0.00162,0.00344,0.02017,0.0005,0
infinito-paraiso,Infinito Paraiso,0,0.0,0,0.0,4e-05,1482
inflacion-t,Inflación T,0,0.0,0,0.0,4e-05,1483
infusion-kamachui,Infusión Kamachuí,1,0.00016,0.0,0.00103,8e-05,2
ingeniero-drummond,Ingeniero Drummond,0,0.0,0,0.0,4e-05,1484
iniciativa,Iniciativa,0,0.0,0,0.0,4e-05,1485
initial-gravity,Initial gravity,0,0.0,0,0.0,4e-05,1486
inmaduros,Inmaduros,5,0.00081,0.00068,0.00085,0.00033,0
inmigrantes,Inmigrantes,0,0.0,0,0.0,4e-05,1487
inocente-calavera,Inocente calavera,0,0.0,0,0.0,4e-05,1488
inolvidable,Inolvidable,1,0.00016,0,0.0,0.00028,81
inquadra,InQuadra,0,0.0,0,0.0,4e-05,1489
inrabia,Inrabia,0,0.0,0,0.0,4e-05,1490
inseparables,Inseparables,0,0.0,0,0.0,4e-05,1491
insobrio,Insobrio,0,0.0,0,0.0,4e-05,1492
instruccion-civica,Instrucción Cívica,4,0.00065,0.0001,0.00616,0.00028,2
insular,Insular,0,0.0,0,0.0,4e-05,1493
insulina-rock,Insulina Rock,2,0.00032,0.0001,0.0007,0.00017,14
insumision,Insumisión,0,0.0,0,0.0,4e-05,1494
insurgente,Insurgente,0,0.0,0,0.0,4e-05,1495
intense-mosh,Intense Mosh,0,0.0,0,0.0,4e-05,1496
interama,Interama,0,0.0,0,0.0,4e-05,1497
interludio,Interludio,0,0.0,0,0.0,4e-05,1498
intermitencia,Intermitencia,0,0.0,0,0.0,4e-05,1499
intima,Intima,0,0.0,0,0.0,4e-05,1500
intimuru,Intimuru,2,0.00032,0.0005,0.00019,0.00018,16
intoxicados,Intoxicados,7,0.00113,0.00065,0.00863,0.00037,0
intramental,Intramental,0,0.0,0,0.0,4e-05,1501
intrepidos-navegantes,Intrépidos navegantes,6,0.00097,0.00247,0.02202,0.00031,1
intropia,Intropía,0,0.0,0,0.0,4e-05,1502
intuicion,Intuición,1,0.00016,0.0,1e-05,0.00011,7
invasion-extraterrestre,Invasión extraterrestre,0,0.0,0,0.0,4e-05,1503
invenio-claroscuro,Invenio claroscuro,0,0.0,0,0.0,4e-05,1504
inventados,Inventados,0,0.0,0,0.0,4e-05,1505
inverso,Inverso,0,0.0,0,0.0,4e-05,1506
invierno-rojo,Invierno Rojo,0,0.0,0,0.0,4e-05,1507
invisible,Invisible,10,0.00162,0.00055,0.02707,0.0005,1
invisibles,Invisibles,0,0.0,0,0.0,4e-05,1508
invitro,Invitro,0,0.0,0,0.0,4e-05,1509
inyeccion-de-vida,Inyección de vida,0,0.0,0,0.0,4e-05,1510
ioja,IOJA,2,0.00032,0.00036,0.00134,0.00018,0
ionico,Iónico,1,0.00016,0.0,0.0,0.00015,2
iorio-cianciarulo,Iorio / Cianciarulo,5,0.00081,0.00029,0.01519,0.00026,0
ipanema,Ipanema,0,0.0,0,0.0,4e-05,1511
ipso-jure,Ipso Jure,0,0.0,0,0.0,4e-05,1512
iris-maple,Iris Maple,3,0.00048,0.0003,0.0028,0.00017,10
irreal,Irreal,2,0.00032,0.0,0.00499,0.00018,1
isa,ISA,0,0.0,0,0.0,4e-05,1513
isla-de-caras,Isla de Caras,1,0.00016,0.0,0.00105,9e-05,11
isla-de-los-estados,Isla de los Estados,2,0.00032,0.0,0.0077,0.00015,2
isla-mujeres,Isla Mujeres,1,0.00016,0,0.0,0.00018,23
italpark,Italpark,0,0.0,0,0.0,4e-05,1514
ithem,Ithem,0,0.0,0,0.0,4e-05,1515
ivan-y-gustavo,Iván & Gustavo,1,0.00016,0.0,0.00102,8e-05,5
iwanido,Iwánido,1,0.00016,0.0,0.00199,8e-05,15
ixtlan,Ixtlán,0,0.0,0,0.0,4e-05,1516
izquierda-champagne,Izquierda Champagne,0,0.0,0,0.0,4e-05,1517
juan-ingaramo,Juan Ingaramo,6,0.00097,0.00335,0.01171,0.00037,1
la-iddea-h,La Iddea H,1,0.00016,0.0,2e-05,0.00011,7
la-ilegal,La Ilegal,2,0.00032,0.00036,0.00015,0.0002,0
la-inoxidable-roll,La Inoxidable Roll,1,0.00016,0.0,0.00089,9e-05,8
la-ira-de-jaqke,La Ira de Jaqke,0,0.0,0,0.0,4e-05,1518
la-ira-del-manso,La Ira del Manso,0,0.0,0,0.0,4e-05,1519
la-isla-comun,La Isla Común,3,0.00048,0.00271,0.00056,0.00031,43
los-inconscientes-del-balurdo,Los Inconscientes del Balurdo,0,0.0,0,0.0,4e-05,1520
los-indiferentes,Los Indiferentes,0,0.0,0,0.0,4e-05,1521
los-insectos,Los Insectos,3,0.00048,0.00023,0.01821,0.00015,15
los-intocables,Los Intocables,5,0.00081,0.00086,0.00685,0.00029,0
mario-ian,Mario Ian,7,0.00113,0.00247,0.00364,0.00051,7
pablo-iglesias,Pablo Iglesias,0,0.0,0,0.0,4e-05,1522
ricardo-iorio,Ricardo Iorio,14,0.00226,0.00284,0.00792,0.00071,0
seba-ibarra,Seba Ibarra,0,0.0,0,0.0,4e-05,1523
willy-iturri,Willy Iturri,3,0.00048,6e-05,0.00613,0.00018,1
adrian-jimenez,Adrián Jiménez,0,0.0,0,0.0,4e-05,1524
adrian-juarez,Adrián Juárez,0,0.0,0,0.0,4e-05,1525
el-jaguar,El Jaguar,1,0.00016,0.0,0.00101,8e-05,3
el-jardin-de-la-esquina,El Jardín de la Esquina,6,0.00097,0.00043,0.02393,0.00028,1
gabriel-conejo-jolivet,Gabriel Conejo Jolivet,16,0.00259,0.00129,0.01442,0.00077,5
jabalimaria,Jabalimaría,0,0.0,0,0.0,4e-05,1526
jack-lucera,Jack Lucera,1,0.00016,0,0.0,0.00028,82
jack-palance,Jack Palance,0,0.0,0,0.0,4e-05,1527
jackson-souvenirs,Jackson Souvenirs,1,0.00016,0.0,5e-05,0.0001,12
jaf,JAF,3,0.00048,0.00011,0.0055,0.00021,1
jah-bingo,Jah Bingo,0,0.0,0,0.0,4e-05,1528
jai-alai,Jai Alai,1,0.00016,0,0.0,0.00028,83
jailight,Jailight,0,0.0,0,0.0,4e-05,1529
jaime-sin-tierra,Jaime sin tierra,8,0.00129,0.00414,1e-05,0.00073,6
jalei,Jálei,0,0.0,0,0.0,4e-05,1530
jama,Jama,3,0.00048,0.00036,0.0024,0.00021,0
jamaican-silk,Jamaican Silk,0,0.0,0,0.0,4e-05,1531
jamon-de-menta,Jamón de Menta,0,0.0,0,0.0,4e-05,1532
japo,Japo,1,0.00016,0.0,0.0002,0.0001,13
jaque-reina,Jaque Reina,4,0.00065,0.00048,0.0008,0.00026,8
jaqueca,Jaqueca,1,0.00016,0.0,6e-05,0.00011,0
jason,Jason,0,0.0,0,0.0,4e-05,1533
jauretche,Jauretche,0,0.0,0,0.0,4e-05,1534
jaurienses,Jauría,0,0.0,0,0.0,4e-05,1535
jauria,Jauría,7,0.00113,0.00095,0.00657,0.00036,4
javierana,Javierana,0,0.0,0,0.0,4e-05,1536
jazmin-lasciva,Jazmín Lasciva,0,0.0,0,0.0,4e-05,1537
jazzy-mel,Jazzy Mel,1,0.00016,0,0.0,0.00022,45
jean-jaurez,Jean Jaurez,0,0.0,0,0.0,4e-05,1538
jedi,Jedi,0,0.0,0,0.0,4e-05,1539
jeites,Jeites,0,0.0,0,0.0,4e-05,1540
jenjibre,Jenjibre,0,0.0,0,0.0,4e-05,1541
jeriko,Jerikó,1,0.00016,0.0,3e-05,0.00011,16
jesus-martyr,Jesus Martyr,1,0.00016,0,0.0,0.00028,84
jeth,Jeth,3,0.00048,0.00036,0.00165,0.00026,7
jeto-en-si-bemol,Jeto en si bemol,0,0.0,0,0.0,4e-05,1542
jezabel,Jezabel,0,0.0,0,0.0,4e-05,1543
jhanniel,Jhanniel,1,0.00016,0.0,0.00035,9e-05,2
jimi-caiga,Jimi Caiga,0,0.0,0,0.0,4e-05,1544
jimmy-club,Jimmy Club,0,0.0,0,0.0,4e-05,1545
jinete-lendrix,Jinete Lendrix,6,0.00097,0.00045,0.00605,0.0003,3
john-sundaes-jazz-band,John Sundae’s Jazz Band,0,0.0,0,0.0,4e-05,1546
john-x,John X,0,0.0,0,0.0,4e-05,1547
johnosoyyoko,Johnosoyyoko,1,0.00016,0.0,0.0019,8e-05,2
johny-boy,Johny Boy,0,0.0,0,0.0,4e-05,1548
joint-ravolta,Joint Ravolta,0,0.0,0,0.0,4e-05,1549
joker,Joker,0,0.0,0,0.0,4e-05,1550
jokes-on-me,Jokes On Me,0,0.0,0,0.0,4e-05,1551
jordan,Jordan,2,0.00032,9e-05,0.00019,0.00016,7
jose-miel,José Miel,2,0.00032,0.00036,0.00301,0.00018,1
jose-unidos,José Unidos,0,0.0,0,0.0,4e-05,1552
jose-y-el-monstruo,Jose y el Monstruo,0,0.0,0,0.0,4e-05,1553
josefina-pretende,Josefina Pretende,3,0.00048,4e-05,0.01033,0.00014,1
josefita,Josefita,7,0.00113,0.00114,0.0007,0.00048,3
jotaeme,JotaEme,1,0.00016,0,0.0,0.00022,48
jovenes-pordioseros,Jóvenes Pordioseros,14,0.00226,0.0045,0.00268,0.00078,0
jovenes-transmutados,Jóvenes Transmutados,1,0.00016,0,0.0,0.00028,85
joystick,Joystick,3,0.00048,0.00012,0.00514,0.00016,8
jpa-reggae,JPA Reggae,5,0.00081,0.00048,0.00485,0.00026,3
juan-barrilete,Juan Barrilete,0,0.0,0,0.0,4e-05,1554
juan-domingo-y-los-bombarderos,Juan Domingo y los Bombarderos,4,0.00065,0.00156,0.00306,0.00023,11
juan-jacinto,Juan Jacinto,6,0.00097,0.0006,0.00731,0.00031,2
juan-rosasco-en-banda,Juan Rosasco en Banda,3,0.00048,1e-05,0.00409,0.00015,0
juan-terrenal,Juan Terrenal,6,0.00097,0.00084,0.00162,0.00037,10
juan-y-los-planetas,Juan y Los Planetas,0,0.0,0,0.0,4e-05,1555
juan-y-los-que-rien,Juan y Los Que Ríen,3,0.00048,0.00037,0.00205,0.00021,0
juana-la-loca,Juana La Loca,27,0.00436,0.01166,0.03485,0.0014,2
juanse,Juanse,11,0.00178,0.00221,0.02712,0.00057,4
juarez-venegas,Juárez-Venegas,2,0.00032,0.0,0.00028,0.00015,18
juegos-de-azar,Juegos de azar,0,0.0,0,0.0,4e-05,1556
jugando,Jugando,0,0.0,0,0.0,4e-05,1557
juguete-ruidoso,Juguete ruidoso,2,0.00032,0.00011,0.0013,0.00013,14
juguetes-en-el-vip,Juguetes en el VIP,4,0.00065,8e-05,0.00624,0.0002,2
jul-hojman-y-las-moiras,Jul Hojman & Las Moiras,0,0.0,0,0.0,4e-05,1558
julepe,Julepe,0,0.0,0,0.0,4e-05,1559
juliana,Juliana,0,0.0,0,0.0,4e-05,1560
julieta-y-los-espiritus,Julieta y los Espíritus,2,0.00032,0.0,0.0002,0.00017,11
julio-y-agosto,Julio y Agosto,7,0.00113,0.00297,0.00621,0.00034,2
jumper,Jumper,0,0.0,0,0.0,4e-05,1561
jungla-sahara,Jungla Sahara,1,0.00016,0.0,0.00064,9e-05,6
jupiter-vox,Júpiter Vox,0,0.0,0,0.0,4e-05,1562
juvenilia,Juvenilia,0,0.0,0,0.0,4e-05,1563
jvlian,Jvlian,1,0.00016,0.0,0.00105,9e-05,1
kevin-johansen,Kevin Johansen,18,0.00291,0.00917,0.01709,0.00086,2
la-jarillera,La Jarillera,0,0.0,0,0.0,4e-05,1564
la-jorgelina-vt,La Jorgelina VT,0,0.0,0,0.0,4e-05,1565
la-jove,La Jove,1,0.00016,0.0,0.0,0.00012,0
la-joven-guardia,La Joven Guardia,5,0.00081,0.00238,0.00988,0.0003,1
la-joven-guarrior,La Joven Guarrior,1,0.00016,0.0,2e-05,0.00012,16
la-juana,La Juana,0,0.0,0,0.0,4e-05,1566
la-justa,La Justa,0,0.0,0,0.0,4e-05,1567
la-justicia-del-pato,La Justicia del Pato,0,0.0,0,0.0,4e-05,1568
los-jardines-de-bruselas,Los Jardines de Bruselas,0,0.0,0,0.0,4e-05,1569
los-jets,Los Jets,0,0.0,0,0.0,4e-05,1570
los-juacos,Los Juacos,2,0.00032,2e-05,0.01304,0.00011,4
pablo-juarez,Pablo Juárez,3,0.00048,0.00032,0.00352,0.00019,18
axel-krygier,Axel Krygier,17,0.00275,0.00703,0.04171,0.00079,2
el-kuelgue,El Kuelgue,5,0.00081,0.00028,0.00217,0.00026,9
esteban-kabalin,Esteban Kábalin,1,0.00016,0.0,0.00194,9e-05,1
federico-kempff,Federico Kempff,3,0.00048,0,0.0,0.00052,34
fernando-kabusacki,Fernando Kabusacki,19,0.00307,0.00825,0.03112,0.00093,2
gaby-kerpel,Gaby Kerpel,4,0.00065,0.00106,0.00061,0.00037,12
jonas-kopp,Jonás Kopp,0,0.0,0,0.0,4e-05,1571
kabbala,Kabbala,0,0.0,0,0.0,4e-05,1572
kachambuta,Kachambuta,0,0.0,0,0.0,4e-05,1573
kaguel-a-las-rocas,Kaguel a las rocas,0,0.0,0,0.0,4e-05,1574
kainopay,Kainopay,0,0.0,0,0.0,4e-05,1575
kaishu-katsu,Kaishú Katsu,0,0.0,0,0.0,4e-05,1576
kamakura,Kamakura,0,0.0,0,0.0,4e-05,1577
kamalote,Kamalote,0,0.0,0,0.0,4e-05,1578
kameleba,Kameleba,3,0.00048,0.00036,0.00134,0.00023,0
kamikaze,Kamikaze,6,0.00097,0.00525,0.00199,0.00047,7
kapanga,Kapanga,14,0.00226,0.00502,0.01031,0.00067,0
kara-n-daya,Kara N’ Daya,0,0.0,0,0.0,4e-05,1579
karamelo-santo,Karamelo Santo,64,0.01035,0.03701,0.02236,0.0037,0
karavana,Karavana,0,0.0,0,0.0,4e-05,1580
karkaman,Karkaman,1,0.00016,0.0,0.00368,7e-05,1
karma-sudaca,Karma Sudaca,5,0.00081,0.00311,0.00434,0.00039,7
karnal,Karnal,0,0.0,0,0.0,4e-05,1581
karta-blanka,Karta Blanka,0,0.0,0,0.0,4e-05,1582
katarro-vandaliko,Katarro Vandáliko,8,0.00129,0.00261,0.01233,0.00042,4
katharos,Katharos,0,0.0,0,0.0,4e-05,1583
katon,Katon,0,0.0,0,0.0,4e-05,1584
kausal,Kausal,1,0.00016,0,0.0,0.00022,48
kaya-dub-sistema,Kaya Dub Sistema,1,0.00016,0.0,0.00107,9e-05,0
kefren,Kefrén,1,0.00016,0,0.0,0.00028,91
kelion-star,Kelion Star,0,0.0,0,0.0,4e-05,1585
kenzo,Kenzo,0,0.0,0,0.0,4e-05,1586
kereda-veruza,Kereda Veruza,0,0.0,0,0.0,4e-05,1587
kerosene,Kerosene,0,0.0,0,0.0,4e-05,1588
khryse,Khrysé,0,0.0,0,0.0,4e-05,1589
kianea,Kianea,0,0.0,0,0.0,4e-05,1590
kief,Kief,0,0.0,0,0.0,4e-05,1591
kijada,Kijada,0,0.0,0,0.0,4e-05,1592
kill-the-monkey,Kill The Monkey,0,0.0,0,0.0,4e-05,1593
killer-dimes,Killer Dimes,0,0.0,0,0.0,4e-05,1594
killertrip,Killertrip,0,0.0,0,0.0,4e-05,1595
kime,Kimé,0,0.0,0,0.0,4e-05,1596
kimonos-de-la-geisha,Kimonos de la Geisha,0,0.0,0,0.0,4e-05,1597
kinder-videla-mengele,Kinder Videla Mengele,0,0.0,0,0.0,4e-05,1598
kinefalo,Kinefalo,0,0.0,0,0.0,4e-05,1599
king-coya,King Coya,1,0.00016,0.0,0.0,0.00013,12
kip,Kip,0,0.0,0,0.0,4e-05,1600
kirlian,Kirlian,0,0.0,0,0.0,4e-05,1601
kjjjjjjjjj,Kjjjjjjjjj,0,0.0,0,0.0,4e-05,1602
klan-x,Klan X,0,0.0,0,0.0,4e-05,1603
klasch,Klasch,0,0.0,0,0.0,4e-05,1604
klauss,Klauss,1,0.00016,0.0,0.00018,9e-05,7
klem,Klem,1,0.00016,0.0,0.00192,8e-05,2
klemm,Klemm,6,0.00097,0.00137,0.01764,0.00029,2
klon,Klon,0,0.0,0,0.0,4e-05,1605
klub,Klub,8,0.00129,0.00059,0.01172,0.00036,0
km63,KM63,0,0.0,0,0.0,4e-05,1606
kmkz,KMKZ,0,0.0,0,0.0,4e-05,1607
knei,Knei,1,0.00016,0.0,2e-05,0.00012,16
knockout,Knockout,0,0.0,0,0.0,4e-05,1608
kobra-key,Kobra Kei,3,0.00048,0.00118,0.00088,0.00026,2
konducta-zero,Konducta Zero,0,0.0,0,0.0,4e-05,1609
korso-gomes,Korso Gomes,2,0.00032,0.00236,6e-05,0.00025,25
koxmoz,Koxmoz,3,0.00048,0.00036,0.01002,0.0002,2
koyi,Koyi,1,0.00016,0.0,0.00077,8e-05,2
krill,Krill,0,0.0,0,0.0,4e-05,1610
kringer,Kringer,4,0.00065,0.00194,0.01055,0.00023,2
krisis,Krisis,1,0.00016,0.0,1e-05,0.00013,3
kroders,Kroders,0,0.0,0,0.0,4e-05,1611
kronos,Kronos,0,0.0,0,0.0,4e-05,1612
krupoviesa,Krupoviesa,0,0.0,0,0.0,4e-05,1613
kuaker-doll,Kuaker Doll,0,0.0,0,0.0,4e-05,1614
kuarzo,Kuarzo,0,0.0,0,0.0,4e-05,1615
kuff-y-links,Kuff & Links,0,0.0,0,0.0,4e-05,1616
kuko,Kuko,0,0.0,0,0.0,4e-05,1617
kumbia-queers,Kumbia Queers,3,0.00048,8e-05,0.00425,0.00016,0
kunda,Kunda,0,0.0,0,0.0,4e-05,1618
kunteking,KunteKing,0,0.0,0,0.0,4e-05,1619
kunva,Kunva,3,0.00048,7e-05,0.00163,0.00018,0
kuraiem,Kuraiem,0,0.0,0,0.0,4e-05,1620
kyosko,Kyosko,0,0.0,0,0.0,4e-05,1621
kyrie-eleison,Kyrie Eleison,0,0.0,0,0.0,4e-05,1622
kz4,KZ4!,1,0.00016,0.0,9e-05,0.0001,7
la-kgb,La KGB,2,0.00032,7e-05,0.01023,0.00013,3
las-kellies,Las Kellies,0,0.0,0,0.0,4e-05,1623
leandro-kalen,Leandro Kalén,8,0.00129,0.00489,0.01082,0.00058,12
los-kahunas,Los Kahunas,3,0.00048,0.00021,0.00635,0.00016,0
martin-cuervo-karakachoff,Martín Cuervo Karakachoff,1,0.00016,0.0,0.00081,0.00013,2
matias-kritz,Matías Kritz,3,0.00048,0,0.0,0.00052,30
miguel-krochik,Miguel Krochik,5,0.00081,0.00251,0.01522,0.00026,5
oscar-kreimer,Oscar Kreimer,3,0.00048,0.00041,0.00359,0.00023,12
pablo-krantz,Pablo Krantz,4,0.00065,0.0008,0.00171,0.00024,13
sebastian-kramer,Sebastián Kramer,2,0.00032,0.0,0.0,0.0002,6
adrian-llovera,Adrián Llovera,0,0.0,0,0.0,4e-05,1624
alejandro-lerner,Alejandro Lerner,26,0.0042,0.00732,0.06446,0.00121,1
ariel-leira,Ariel Leira,4,0.00065,0.00072,0.01073,0.00028,1
cachorro-lopez,Cachorro López,24,0.00388,0.0074,0.06788,0.00109,1
chelo-lares,Chelo Lares,0,0.0,0,0.0,4e-05,1625
corina-lawrence,Corina Lawrence,1,0.00016,0.0,0.00082,8e-05,9
daiana-leonelli,Daiana Leonelli,0,0.0,0,0.0,4e-05,1626
daniel-yalo-lopez,Daniel Yalo López,2,0.00032,0.0,0.00072,0.00013,5
david-lebon,David Lebon,60,0.0097,0.02015,0.17573,0.00265,1
el-lado-salvaje,El Lado Salvaje,0,0.0,0,0.0,4e-05,1627
el-leopardo-volador,El Leopardo volador,0,0.0,0,0.0,4e-05,1628
el-limacoco,El Limacoco,0,0.0,0,0.0,4e-05,1629
el-limbo,El Limbo,1,0.00016,0,0.0,0.00028,134
eloisa-lopez,Eloisa López,1,0.00016,0.0,0.00286,8e-05,2
federico-laconte,Federico Laconte,0,0.0,0,0.0,4e-05,1630
flopa-lestani,Flopa Lestani,9,0.00145,0.01187,0.00334,0.00057,6
fred-lorca,Fred Lorca,0,0.0,0,0.0,4e-05,1631
gustavo-llebaria,Gustavo Llebaría,0,0.0,0,0.0,4e-05,1632
hector-pomo-lorenzo,Héctor Pomo Lorenzo,15,0.00242,0.00123,0.06785,0.00067,1
hilda-lizarazu,Hilda Lizarazu,27,0.00436,0.00827,0.06235,0.00129,1
hugo-lobo,Hugo Lobo,17,0.00275,0.00376,0.00613,0.00081,0
jessi-leon,Jessi Leon,0,0.0,0,0.0,4e-05,1633
jimena-lopez-chaplin,Jimena López Chaplin,15,0.00242,0.01018,0.01031,0.00075,2
joaquin-levinton,Joaquín Levinton,6,0.00097,0.00064,0.00509,0.00036,0
juan-long,Juan Long,3,0.00048,0.00016,0.00386,0.00017,8
juan-lopez,Juan López,0,0.0,0,0.0,4e-05,1634
juani-lev,Juani Lev,0,0.0,0,0.0,4e-05,1635
lemans,L.E.M.A.N.S.,0,0.0,0,0.0,4e-05,1636
la-de-mora,La de Mora,2,0.00032,0.00236,0.00044,0.0002,3
la-legion-mejia,La Legión Mejía,1,0.00016,0.0,0.00021,0.0001,13
la-lengua-de-dali,La Lengua de Dalí,0,0.0,0,0.0,4e-05,1637
la-ley,La Ley,7,0.00113,0.00084,0.00426,0.00037,2
la-linea,La Línea,16,0.00259,0.00552,0.03072,0.00088,1
la-llave,La Llave,3,0.00048,0.00029,0.00207,0.00022,8
la-luka-blues-band,La Luka Blues Band,0,0.0,0,0.0,4e-05,1638
la-luna-roja,La Luna Roja,0,0.0,0,0.0,4e-05,1639
la-sonora-ludovica,La Sonora Ludovica,0,0.0,0,0.0,4e-05,1640
laberintos,Laberintos,0,0.0,0,0.0,4e-05,1641
labilly,Labilly,0,0.0,0,0.0,4e-05,1642
lache,Lache,0,0.0,0,0.0,4e-05,1643
lachola,LaChola,0,0.0,0,0.0,4e-05,1644
lacizco,Lacizco,0,0.0,0,0.0,4e-05,1645
lado-sur,Lado Sur,0,0.0,0,0.0,4e-05,1646
ladovivo,Ladovivo,0,0.0,0,0.0,4e-05,1647
ladran-sancho,Ladran Sancho,2,0.00032,6e-05,0.00011,0.00017,9
ladrones-de-oxigeno,Ladrones de oxígeno,0,0.0,0,0.0,4e-05,1648
lady-godiva,Lady Godiva,0,0.0,0,0.0,4e-05,1649
lady-macbeth,Lady Macbeth,0,0.0,0,0.0,4e-05,1650
lady-o-sampler,Lady O’ Sampler,0,0.0,0,0.0,4e-05,1651
lagrimas-negras,Lágrimas negras,0,0.0,0,0.0,4e-05,1652
laguneros,Laguneros,0,0.0,0,0.0,4e-05,1653
laika,Laika,1,0.00016,0,0.0,0.00028,86
laissez-faire,Laissez Faire,0,0.0,0,0.0,4e-05,1654
lamaren,Lamaren,1,0.00016,0.0,0.00998,8e-05,1
lank,Lank,0,0.0,0,0.0,4e-05,1655
lapsus,Lapsus,0,0.0,0,0.0,4e-05,1656
lara-la,Lara La,3,0.00048,0.00235,1e-05,0.00027,6
las-liebres,Las Liebres,0,0.0,0,0.0,4e-05,1657
las-ligas-menores,Las Ligas Menores,2,0.00032,0.00036,3e-05,0.00025,13
las-luces-primeras,Las Luces Primeras,0,0.0,0,0.0,4e-05,1658
lash-out,Lash Out,0,0.0,0,0.0,4e-05,1659
lastronauta-orchesta,Lastronauta Orchesta,0,0.0,0,0.0,4e-05,1660
latex,Latex,0,0.0,0,0.0,4e-05,1661
lattenzia,Lattenzia,0,0.0,0,0.0,4e-05,1662
laudano,Láudano,0,0.0,0,0.0,4e-05,1663
lauphan,Lauphan,2,0.00032,0.00036,0.00024,0.00022,11
lautremont,Lautremont,1,0.00016,0.0,8e-05,0.00012,0
lavanda-fulton,Lavanda Fulton,2,0.00032,0.0,0.00018,0.00017,4
lavial,Lavial,1,0.00016,0.0,0.00013,0.00011,11
law,Law,2,0.00032,0.0,0.00082,0.00013,5
laydown,Laydown,2,0.00032,0,0.0,0.0004,38
lazaros,Lázaros,0,0.0,0,0.0,4e-05,1664
le-agarro-la-loca,Le agarró la loca,0,0.0,0,0.0,4e-05,1665
le-blanc,Le Blanc,0,0.0,0,0.0,4e-05,1666
le-reel-est-faux,Le Reel Est Faux,0,0.0,0,0.0,4e-05,1667
le-temps,Le Temps,1,0.00016,0.0,9e-05,0.0001,8
leaving-moscu,Leaving Moscú,0,0.0,0,0.0,4e-05,1668
led-ladies,Led Ladies,1,0.00016,0,0.0,0.00022,44
leda-lid,Leda Lid,0,0.0,0,0.0,4e-05,1669
leeva,Leeva,4,0.00065,1e-05,0.01223,0.00019,2
lefunders,Lefunders,0,0.0,0,0.0,4e-05,1670
leggo,Leggo,1,0.00016,0.0,0.00284,8e-05,0
leghost,LegHost,1,0.00016,0.0,9e-05,0.00012,20
legion-oeste,Legión Oeste,1,0.00016,0.0,1e-05,0.00013,0
leguero,Legüero,0,0.0,0,0.0,4e-05,1671
leima,Leima,0,0.0,0,0.0,4e-05,1672
lemkin,Lemkin,0,0.0,0,0.0,4e-05,1673
lemon-groove,Lemon Groove,0,0.0,0,0.0,4e-05,1674
lendi-vexer,Lendi Vexer,0,0.0,0,0.0,4e-05,1675
leni-carl,Leni & Carl,0,0.0,0,0.0,4e-05,1676
lenoise,Lenoise,2,0.00032,1e-05,0.00298,0.00013,2
leon-vodo,León Vodo,0,0.0,0,0.0,4e-05,1677
leonard-zelig,Leonard Zelig,0,0.0,0,0.0,4e-05,1678
leonchalon,Leonchalón,0,0.0,0,0.0,4e-05,1679
lepanto,Lepanto,0,0.0,0,0.0,4e-05,1680
les-amateurs,Les Amateurs,1,0.00016,0.0,0.00019,9e-05,9
lesbiano,Lesbiano,0,0.0,0,0.0,4e-05,1681
less-is-more,Less Is More,0,0.0,0,0.0,4e-05,1682
lethal,Lethal,4,0.00065,0.00015,0.00314,0.00021,0
leticia-lee,Leticia Lee,2,0.00032,0,0.0,0.0004,44
leva,Leva,0,0.0,0,0.0,4e-05,1683
levare,Levare,0,0.0,0,0.0,4e-05,1684
leviathan,Leviathán,0,0.0,0,0.0,4e-05,1685
levitar,Levitar,0,0.0,0,0.0,4e-05,1686
lexico,Lexico,0,0.0,0,0.0,4e-05,1687
leydelbuey,Leydelbuey,0,0.0,0,0.0,4e-05,1688
lhgs,LHGS,4,0.00065,2e-05,0.01071,0.00017,1
liberaid,Liberaid,0,0.0,0,0.0,4e-05,1689
libertad,Libertad,0,0.0,0,0.0,4e-05,1690
libertino,Libertino,2,0.00032,6e-05,0.00197,0.00014,4
libertonia,Libertonia,0,0.0,0,0.0,4e-05,1691
libra,Libra,0,0.0,0,0.0,4e-05,1692
lider,Líder,0,0.0,0,0.0,4e-05,1693
liers,Liers,0,0.0,0,0.0,4e-05,1694
ligeia-circus,Ligeia Circus,0,0.0,0,0.0,4e-05,1695
likwid,Likwid,0,0.0,0,0.0,4e-05,1696
lila,Lila,3,0.00048,5e-05,0.00868,0.00017,1
lile,Lile,0,0.0,0,0.0,4e-05,1697
lima-sur,Lima Sur,2,0.00032,0.00036,0.01037,0.00018,1
limbo-cordoba,Limbo,0,0.0,0,0.0,4e-05,1698
limbo,Limbo,2,0.00032,0.0,0.00674,0.00012,2
limbo-trio,Limbo,0,0.0,0,0.0,4e-05,1699
limbo-junior,Limbo Junior,1,0.00016,0.0,3e-05,0.0001,12
limitados,Limitados,0,0.0,0,0.0,4e-05,1700
limon,LIMON,1,0.00016,0.0,0.00014,9e-05,9
limon-2,Limón,1,0.00016,0.0,0.0,0.00012,9
lions-in-love,Lions in Love,7,0.00113,0.00043,0.0099,0.00036,1
lipgloss,Lipgloss,0,0.0,0,0.0,4e-05,1701
liquido,Líquido,0,0.0,0,0.0,4e-05,1702
literal,Literal,1,0.00016,0.0,0.00197,8e-05,1
little-dorothy,Little Dorothy,0,0.0,0,0.0,4e-05,1703
livity-songs,Livity Songs,0,0.0,0,0.0,4e-05,1704
llama,Llama,0,0.0,0,0.0,4e-05,1705
lo-bruno,Lo Bruno,2,0.00032,0.0,0.00306,0.00014,0
lo-bruno-2,Lo Bruno,2,0.00032,0.0,0.00306,0.00014,0
lo-zapatero,Lo Zapatero,0,0.0,0,0.0,4e-05,1706
lo-pibitos,Lo’ Pibitos,1,0.00016,0.0,0.00096,9e-05,1
lobela,Löbëla,2,0.00032,0.00045,0.0033,0.00012,6
lobotomy,Lobotomy,0,0.0,0,0.0,4e-05,1707
loca-del-cairo,Loca del Cairo,0,0.0,0,0.0,4e-05,1708
locos-buenos,Locos Buenos,0,0.0,0,0.0,4e-05,1709
locos-de-nacimiento,Locos de Nacimiento,1,0.00016,0.0,0.00044,9e-05,3
locos-de-turno,Locos de turno,3,0.00048,0.00016,0.00189,0.00018,0
locotes,Locotes,0,0.0,0,0.0,4e-05,1710
locura-delivery,Locura Delivery,4,0.00065,0.00044,0.00532,0.00025,0
locura-roquefort,Locura Roquefort,0,0.0,0,0.0,4e-05,1711
logan,Logan,0,0.0,0,0.0,4e-05,1712
logos,Logos,4,0.00065,0.00013,0.00205,0.00025,0
lolita,Lolita,0,0.0,0,0.0,4e-05,1713
longevo-menester,Longevo Menester,0,0.0,0,0.0,4e-05,1714
loop-lascano,Loop Lascano,2,0.00032,0.00036,0.00016,0.00024,3
loquero,Loquero,3,0.00048,0.00124,0.00396,0.00018,10
lora-porro,Lora Porro,0,0.0,0,0.0,4e-05,1715
lord-divine,Lord Divine,0,0.0,0,0.0,4e-05,1716
lord-kraven,Lord Kraven,0,0.0,0,0.0,4e-05,1717
lorihen,Lörihen,0,0.0,0,0.0,4e-05,1718
los-de-atras,Los de Atrás,0,0.0,0,0.0,4e-05,1719
los-de-fuego,Los de Fuego,4,0.00065,0.00018,0.00543,0.00021,10
los-del-fin-2,Los del fin,1,0.00016,0.0,0.0,0.00016,31
los-dias-en-marte,Los Días en Marte,0,0.0,0,0.0,4e-05,1720
los-ladrones-sueltos,Los Ladrones Sueltos,0,0.0,0,0.0,4e-05,1721
los-latigos,Los Látigos,8,0.00129,0.0036,0.00512,0.00059,2
los-leones,Los Leones,1,0.00016,0.0,8e-05,9e-05,0
los-licuados,Los Licuados,0,0.0,0,0.0,4e-05,1722
los-llanos,Los Llanos,0,0.0,0,0.0,4e-05,1723
los-lotus,Los Lotus,0,0.0,0,0.0,4e-05,1724
los-lunes,Los Lunes,1,0.00016,0.0,0.00032,9e-05,9
lothus,Lothus,0,0.0,0,0.0,4e-05,1725
louta,Louta,2,0.00032,5e-05,0.00084,0.00013,8
lovecraft,Lovecraft,1,0.00016,0.0,0.00023,0.00011,10
lovely-rita-y-the-harp,Lovely Rita & The Harp,0,0.0,0,0.0,4e-05,1726
lovorne,Lovorne,4,0.00065,0.00019,0.00415,0.00019,1
low,Low,0,0.0,0,0.0,4e-05,1727
lu-sin,Lu-Sin,0,0.0,0,0.0,4e-05,1728
lucarda,Lucarda,4,0.00065,0.00036,0.0,0.0004,6
lucas-y-the-woods,Lucas & The Woods,0,0.0,0,0.0,4e-05,1729
luceros-el-ojo-daltonico,Luceros El Ojo Daltónico,0,0.0,0,0.0,4e-05,1730
luces-blancas,Luces blancas,1,0.00016,0,0.0,0.00022,49
lucia-morris,Lucía Morris,0,0.0,0,0.0,4e-05,1731
luciernaga-curiosa,Luciérnaga Curiosa,1,0.00016,0.0,0.00013,0.0001,10
luciernagas,Luciérnagas,0,0.0,0,0.0,4e-05,1732
lucila-cueva,Lucila Cueva,3,0.00048,0.0005,0.00286,0.00021,11
luckylandia,Luckylandia,0,0.0,0,0.0,4e-05,1733
ludico,Lúdico,0,0.0,0,0.0,4e-05,1734
ludomatic,Ludomatic,0,0.0,0,0.0,4e-05,1735
luis-xv,Luis XV,0,0.0,0,0.0,4e-05,1736
lujuria,Lujuria,5,0.00081,0.00053,0.00338,0.00025,2
lukas-en-guardia,Lukas en guardia,0,0.0,0,0.0,4e-05,1737
lumbre,Lumbre,0,0.0,0,0.0,4e-05,1738
lumumba,Lumumba,5,0.00081,0.00334,0.00369,0.00038,0
lunar-69,Lunar 69,5,0.00081,0.00047,0.02487,0.00025,1
lunaticas,Lunáticas,1,0.00016,0,0.0,0.00028,87
lunaticos,Lunáticos,0,0.0,0,0.0,4e-05,1739
lunaticos-2,Lunáticos,0,0.0,0,0.0,4e-05,1740
lunika,Lúnika,0,0.0,0,0.0,4e-05,1741
lupus-klan,Lupus Klan,0,0.0,0,0.0,4e-05,1742
lux-raptor,Lux Raptor,1,0.00016,0.0,0.00146,9e-05,1
luxuria,Luxuria,2,0.00032,0.0,0.02511,0.00011,1
luz-roja,Luz roja,2,0.00032,0.0,0.00623,0.00011,0
luzabril,Luzabril,0,0.0,0,0.0,4e-05,1743
luzbel,Luzbel,3,0.00048,0.00071,0.00107,0.00032,0
luzparis,Luzparis,0,0.0,0,0.0,4e-05,1744
lymon,Lymon,1,0.00016,0.0,0.00249,8e-05,1
lynx,Lynx,0,0.0,0,0.0,4e-05,1745
lz2,LZ2,0,0.0,0,0.0,4e-05,1746
marcos-luc,Marcos Luc,1,0.00016,0.0,0.0,0.00016,18
leone-mavi,Mavi Leone,4,0.00065,0.00018,0.01378,0.00022,4
milton-lego,Milton Lego,1,0.00016,0.0,2e-05,0.00011,8
nacho-lafflitto,Nacho Lafflitto,4,0.00065,0.0003,0.01834,0.00019,1
pablo-lacolla,Pablo Lacolla,0,0.0,0,0.0,4e-05,1747
pato-lange,Pato Lange,10,0.00162,0.00246,0.01252,0.00057,9
seba-linux,Seba Linux,0,0.0,0,0.0,4e-05,1748
tomi-lebrero,Tomi Lebrero,5,0.00081,0.00073,0.00297,0.00027,10
alberto-munoz,Alberto Muñoz,2,0.00032,0.00036,0.00138,0.00019,1
alejandro-matos,Alejandro Matos,0,0.0,0,0.0,4e-05,1749
alejandro-medina,Alejandro Medina,24,0.00388,0.00732,0.03276,0.00113,1
andres-ciro-martinez,Andrés Ciro Martínez,2,0.00032,0.0,0.00315,0.00019,0
ariel-minimal,Ariel Minimal,22,0.00356,0.01717,0.02013,0.00119,0
bambi-moreno-charpentier,Bambi Moreno Charpentier,3,0.00048,5e-05,0.00368,0.00025,4
bruno-molina,Bruno Molina,0,0.0,0,0.0,4e-05,1750
carlos-alberto-machi-rufino,Carlos Alberto Machi Rufino,16,0.00259,0.00395,0.03959,0.00069,1
carlos-mellino,Carlos Mellino,5,0.00081,0.00237,0.00466,0.00034,1
celsa-mel-gowland,Celsa Mel Gowland,3,0.00048,0.00036,0.01286,0.0002,1
chano-moreno-charpentier,Chano Moreno Charpentier,5,0.00081,7e-05,0.00846,0.00032,4
charlie-martinez,Charlie Martínez,4,0.00065,0.00041,0.01725,0.00022,1
claudio-marciello,Claudio Marciello,9,0.00145,0.00077,0.02084,0.00042,0
daniel-melero,Daniel Melero,39,0.0063,0.02399,0.05722,0.00207,2
daniel-melingo,Daniel Melingo,27,0.00436,0.00717,0.0746,0.00123,1
denise-murz,Denise Murz,0,0.0,0,0.0,4e-05,1751
diego-martez,Diego Martez,2,0.00032,6e-05,0.00031,0.00013,9
diego-mizrahi,Diego Mizrahi,8,0.00129,0.0011,0.00226,0.00046,3
edelmiro-molinari,Edelmiro Molinari,17,0.00275,0.00138,0.0532,0.00077,1
el-magnifico-sonido-91bis,El Magnífico Sonido 91Bis,2,0.00032,0.00062,0.00297,0.00015,0
el-majebri,El Majebri,3,0.00048,5e-05,0.00154,0.00019,0
el-mal-menor,El Mal Menor,0,0.0,0,0.0,4e-05,1752
el-malevo,El Malevo,0,0.0,0,0.0,4e-05,1753
el-mas-aca,El Más Acá,3,0.00048,0.00075,0.01078,0.00017,5
el-matadero,El Matadero,2,0.00032,0.00029,2e-05,0.00023,21
el-mendigo,El Mendigo,6,0.00097,0.00086,0.00353,0.00031,3
el-monstruito-de-mama,El Monstruito de mamá,0,0.0,0,0.0,4e-05,1754
el-motor,El Motor,1,0.00016,0.0,0.00032,0.00012,2
el-mundo-de-las-azcuenagas,El Mundo de las Azcuénagas,0,0.0,0,0.0,4e-05,1755
el-muro,El Muro,2,0.00032,0.00036,0.00065,0.00019,6
emiliano-mastrolia,Emiliano Mastrolía,0,0.0,0,0.0,4e-05,1756
francisco-munoz,Francisco Muñoz,1,0.00016,0,0.0,0.00028,88
gabriel-maccioco,Gabriel Maccioco,1,0.00016,0,0.0,0.00028,89
gaston-massenzio,Gastón Massenzio,3,0.00048,7e-05,0.0035,0.00017,7
guillermo-monserrat,Guillermo Monserrat,0,0.0,0,0.0,4e-05,1757
gustavo-montesano,Gustavo Montesano,6,0.00097,0.00307,0.00144,0.0005,1
hernan-marchisio,Hernán Marchisio,0,0.0,0,0.0,4e-05,1758
hernan-martinez-mosquera,Hernán Martínez Mosquera,1,0.00016,0,0.0,0.00028,90
javier-maldonado,Javier Maldonado,0,0.0,0,0.0,4e-05,1759
javier-malosetti,Javier Malosetti,26,0.0042,0.00842,0.03696,0.00119,5
javier-mareco,Javier Mareco,4,0.00065,6e-05,0.00742,0.00019,1
javier-martinez,Javier Martínez,18,0.00291,0.00239,0.02769,0.00088,1
jorge-minissale,Jorge Minissale,3,0.00048,2e-05,0.00314,0.00017,6
juana-molina,Juana Molina,8,0.00129,0.00127,0.00302,0.00044,9
julian-mourin,Julián Mourin,4,0.00065,0.00308,0.0001,0.00041,9
julio-moura,Julio Moura,6,0.00097,0.00055,0.0106,0.00032,2
la-machacha,La Machacha,0,0.0,0,0.0,4e-05,1760
la-madre-del-borrego,La Madre del Borrego,0,0.0,0,0.0,4e-05,1761
la-madriz,La Madriz,0,0.0,0,0.0,4e-05,1762
la-maga,La Maga,3,0.00048,0.00013,0.00152,0.00021,17
la-maltratada,La Maltratada,0,0.0,0,0.0,4e-05,1763
la-mancha,La Mancha,12,0.00194,0.00079,0.00417,0.00059,3
la-manzana-cromatica-protoplasmatica,La Manzana Cromática Protoplasmática,1,0.00016,0.0,0.00012,0.00012,0
la-maquina-de-hacer-pajaros,La Máquina de Hacer Pájaros,18,0.00291,0.00222,0.07538,0.00078,1
la-mar-en-coche,La Mar en Coche,0,0.0,0,0.0,4e-05,1764
la-marea-infinita,La Marea Infinita,0,0.0,0,0.0,4e-05,1765
la-marejada,La Marejada,0,0.0,0,0.0,4e-05,1766
la-maza,La Maza,4,0.00065,0.00021,0.0044,0.00021,3
la-meca,La Meca,0,0.0,0,0.0,4e-05,1767
la-medianera,La Medianera,2,0.00032,7e-05,0.00171,0.00013,14
la-mejor-flor,La Mejor flor,1,0.00016,0.0,0.0,0.00013,0
la-melanco,La Melanco,0,0.0,0,0.0,4e-05,1768
la-mezcla,La Mezcla,3,0.00048,0.00271,0.00485,0.0002,1
la-miamanca,La Miamanca,1,0.00016,0.0,2e-05,0.00012,13
la-mira,La Mira,2,0.00032,8e-05,0.00081,0.00015,6
la-mississippi,La Mississippi,23,0.00372,0.00746,0.0178,0.00117,5
la-mistonga,La Mistonga,2,0.00032,0.00036,0.00284,0.00024,0
la-mizrahi-blues-band,La Mizrahi Blues Band,3,0.00048,7e-05,0.00068,0.0002,5
la-mocosa,La Mocosa,4,0.00065,0.0005,0.00078,0.00025,0
la-moladora-blues,La Moladora Blues,1,0.00016,0.0,0.00363,8e-05,1
la-mona-y-sus-motivos,La Mona y sus Motivos,0,0.0,0,0.0,4e-05,1769
la-moneda,La Moneda,1,0.00016,0.0,0.00032,0.0001,6
la-mono,La Mono,2,0.00032,0.00015,0.00129,0.00013,2
la-montana,La Montaña,1,0.00016,0.0,9e-05,0.00012,13
la-montana-2,La Montaña,4,0.00065,0.00088,0.00192,0.00037,13
la-morada-de-los-pajaros,La Morada de los Pájaros,0,0.0,0,0.0,4e-05,1770
la-mosca,La Mosca,10,0.00162,0.0073,0.00116,0.00081,0
la-moto,La Moto,0,0.0,0,0.0,4e-05,1771
la-movida,La Movida,7,0.00113,0.00356,0.00185,0.0006,20
la-muda,La Muda,0,0.0,0,0.0,4e-05,1772
la-muerte-del-sol,La Muerte del Sol,0,0.0,0,0.0,4e-05,1773
la-mujer-pajaro,La Mujer Pájaro,0,0.0,0,0.0,4e-05,1774
la-murga,La Murga,7,0.00113,0.00107,0.00667,0.00034,0
las-manos-de-filippi,Las Manos de Filippi,25,0.00404,0.00873,0.00549,0.00146,0
las-mejores-se-acabaron,Las Mejores se Acabaron,0,0.0,0,0.0,4e-05,1775
las-mil-de-zafiro,Las Mil de Zafiro,2,0.00032,0.00013,0.0025,0.00014,9
las-morochas,Las Morochas,8,0.00129,0.00217,0.00855,0.00045,0
leandro-botis-machin,Leandro Botis Machin,0,0.0,0,0.0,4e-05,1776
leandro-maturano,Leandro Maturano,1,0.00016,0.0,0.00107,9e-05,0
leonor-marchesi,Leonor Marchesi,7,0.00113,0.00117,0.02763,0.00038,1
les-mentettes,Les Mentettes,3,0.00048,0.00024,0.00072,0.0002,12
loli-molina,Loli Molina,7,0.00113,0.00089,0.00682,0.00037,2
lolo-micucci,Lolo Micucci,0,0.0,0,0.0,4e-05,1777
lorena-mayol,Lorena Mayol,3,0.00048,0.00071,0.00032,0.00033,6
los-mantratones,Los Mantratones,0,0.0,0,0.0,4e-05,1778
los-maxilares-de-peron,Los Maxilares de Perón,4,0.00065,0.00013,0.01783,0.00018,0
los-mc-clains,Los Mc Clains,0,0.0,0,0.0,4e-05,1779
los-mecanicos,Los Mecánicos,0,0.0,0,0.0,4e-05,1780
los-mentidores,Los Mentidores,1,0.00016,0.0,0.00194,9e-05,1
los-midas,Los Midas,0,0.0,0,0.0,4e-05,1781
los-mockers,Los Mockers,3,0.00048,0.00079,0.00032,0.00021,3
los-monkys,Los Monkys,1,0.00016,0.0,0.0,0.00014,4
los-monos-del-penon-de-gibraltar,Los Monos del Peñón de Gibraltar,0,0.0,0,0.0,4e-05,1782
los-muchachos-de-la-secta,Los Muchachos de La Secta,1,0.00016,0.0,0.00039,0.0001,4
los-mundos-posibles,Los mundos posibles,1,0.00016,0.0,0.00012,0.00014,12
los-musicos-del-centro,Los Músicos del Centro,4,0.00065,0.00273,0.02278,0.00026,1
lucas-marti,Lucas Martí,16,0.00259,0.00428,0.00858,0.00094,2
lucio-mantel,Lucio Mantel,4,0.00065,0.00086,0.00046,0.00026,9
m-19,M-19,0,0.0,0,0.0,4e-05,1783
m-o-e-b-i-u-s,M.O.E.B.I.U.S.,0,0.0,0,0.0,4e-05,1784
mac-manus,Mac Manus,0,0.0,0,0.0,4e-05,1785
maca-mona-mu,Maca Mona Mu,4,0.00065,9e-05,0.01117,0.0002,1
machaca-boffe,Machaca Böffe,1,0.00016,0.0,0.00203,8e-05,3
machy-madco,Machy Madco,6,0.00097,0.00092,0.00814,0.00033,1
macoco-moreira,Macoco Moreira,0,0.0,0,0.0,4e-05,1786
macondo-children,Macondo children,0,0.0,0,0.0,4e-05,1787
macumbicos,Macúmbicos,0,0.0,0,0.0,4e-05,1788
mad,MAD,2,0.00032,1e-05,0.00483,0.00011,1
madame-claus,Madame Claus,0,0.0,0,0.0,4e-05,1789
madame-rita,Madame Rita,0,0.0,0,0.0,4e-05,1790
madchester,Madchester,0,0.0,0,0.0,4e-05,1791
mader-funker,Mader Funker,1,0.00016,0.0,0.00284,8e-05,0
madi-walter,Madi Walter,2,0.00032,2e-05,0.00208,0.00013,8
madison-y-los-imaginarios,Madison y Los Imaginarios,0,0.0,0,0.0,4e-05,1792
madre-atomica,Madre Atómica,5,0.00081,0.00052,0.01102,0.0003,1
madre-cabra,Madre Cabra,2,0.00032,0.00018,0.0023,0.00014,4
madre-chicha,Madre Chicha,1,0.00016,0.0,1e-05,0.00014,18
madre-maravilla,Madre Maravilla,0,0.0,0,0.0,4e-05,1793
madre-tierra,Madre Tierra,1,0.00016,0.0,0.0,0.00015,11
madreluz,MadreLuz,0,0.0,0,0.0,4e-05,1794
madreoceano,MadreOcéano,0,0.0,0,0.0,4e-05,1795
madreperla,Madreperla,0,0.0,0,0.0,4e-05,1796
madreselva,Madreselva,0,0.0,0,0.0,4e-05,1797
maelstrom,Maelström,0,0.0,0,0.0,4e-05,1798
mafankeque,Mafankeque,0,0.0,0,0.0,4e-05,1799
mafia,Mafia,1,0.00016,0,0.0,0.00028,91
magia-blanca,Magia Blanca,0,0.0,0,0.0,4e-05,1800
magio-lalala,Magio Lalala,1,0.00016,0.0,0.00048,9e-05,0
magma,Magma,5,0.00081,0.00199,0.01305,0.00025,1
magno,Magno,0,0.0,0,0.0,4e-05,1801
magos-cuanticos,Magos cuánticos,0,0.0,0,0.0,4e-05,1802
mahatma-dandys,Mahatma Dandys,2,0.00032,0.0001,0.00025,0.0002,9
maison-variete,Maison Variete,0,0.0,0,0.0,4e-05,1803
maita,Maita,0,0.0,0,0.0,4e-05,1804
mal-de-parkinson,Mal de Parkinson,2,0.00032,6e-05,0.00022,0.00015,15
mal-karma,Mal Karma,1,0.00016,0.0,5e-05,0.00013,0
mal-momento,Mal Momento,11,0.00178,0.0057,0.00574,0.00061,0
mal-nacidos,Mal nacidos,0,0.0,0,0.0,4e-05,1805
mal-pasar,Mal Pasar,5,0.00081,0.00063,0.00519,0.00028,0
mala-reina,Mala Reina,2,0.00032,0.0,0.00096,0.00012,7
mala-suerte,Mala Suerte,1,0.00016,0.0,8e-05,0.0001,0
mala-vida,Mala vida,3,0.00048,0.00038,0.00039,0.00026,13
malabares,Malabares,1,0.00016,0.0,0.0007,8e-05,0
malabarista,Malabarista,0,0.0,0,0.0,4e-05,1806
malacate,Malacate,0,0.0,0,0.0,4e-05,1807
malambo,Malambo,0,0.0,0,0.0,4e-05,1808
malambo-ska-band,Malambo Ska Band,0,0.0,0,0.0,4e-05,1809
malaquerencia,Malaquerencia,0,0.0,0,0.0,4e-05,1810
malas-capas,Malas Capas,0,0.0,0,0.0,4e-05,1811
malayunta,Malayunta,0,0.0,0,0.0,4e-05,1812
malbeq,Malbeq,0,0.0,0,0.0,4e-05,1813
maldita-ramona,Maldita Ramona,2,0.00032,0.0,0.01376,0.00011,2
maldita-suerte,Maldita suerte,3,0.00048,0.00299,0.00045,0.0003,21
maldito-belga,Maldito Belga,0,0.0,0,0.0,4e-05,1814
maldito-flanders,Maldito Flanders,0,0.0,0,0.0,4e-05,1815
maldito-moskito,Maldito Moskito,0,0.0,0,0.0,4e-05,1816
maldito-moskito-2,Maldito Moskito,0,0.0,0,0.0,4e-05,1817
maldito-pez,Maldito Pez,1,0.00016,0.0,0.00107,9e-05,0
malditos,Malditos,0,0.0,0,0.0,4e-05,1818
malditos-simuladores,Malditos simuladores,1,0.00016,0.0,0.00085,8e-05,5
maldo,Maldo,0,0.0,0,0.0,4e-05,1819
maldonado,Maldonado,0,0.0,0,0.0,4e-05,1820
maleboux,Maleboux,0,0.0,0,0.0,4e-05,1821
maleta-de-loca,Maleta de Loca,4,0.00065,0.0,0.00615,0.00023,2
malevil,Malevil,0,0.0,0,0.0,4e-05,1822
malevo,Malevo,0,0.0,0,0.0,4e-05,1823
maleza,Maleza,0,0.0,0,0.0,4e-05,1824
maleza-2,Maleza,0,0.0,0,0.0,4e-05,1825
malhu,Malhú,3,0.00048,0.00236,0.0001,0.00025,11
malibu,Malibú,0,0.0,0,0.0,4e-05,1826
malicia,Malicia,1,0.00016,0.0,0.00139,9e-05,10
malicious-culebra,Malicious Culebra,0,0.0,0,0.0,4e-05,1827
malman,Malman,0,0.0,0,0.0,4e-05,1828
malon,Malón,9,0.00145,0.00366,0.00452,0.00059,0
malos-aires,Malos aires,3,0.00048,9e-05,0.01394,0.00015,1
malpaso,Malpaso,0,0.0,0,0.0,4e-05,1829
maltratado,Maltratado,0,0.0,0,0.0,4e-05,1830
maltrato,Maltrato,0,0.0,0,0.0,4e-05,1831
malviaje,Malviaje,0,0.0,0,0.0,4e-05,1832
malyevados,Malyevados,0,0.0,0,0.0,4e-05,1833
mam,MAM,5,0.00081,0.00052,0.00671,0.00032,0
mama-blues,Mama Blues,0,0.0,0,0.0,4e-05,1834
mama-chabela,Mamá Chabela,0,0.0,0,0.0,4e-05,1835
mama-mona,Mamá Mona,0,0.0,0,0.0,4e-05,1836
mama-nos-pegaba,Mamá nos pegaba,0,0.0,0,0.0,4e-05,1837
mama-perfecta,Mama perfecta,0,0.0,0,0.0,4e-05,1838
mama-pulpa,Mama Pulpa,0,0.0,0,0.0,4e-05,1839
mama-santa,Mama Santa,3,0.00048,0.00013,0.00315,0.00018,3
mama-vaca,Mamá Vaca,1,0.00016,0.0,0.00014,0.00013,0
mamabirra,Mamabirra,1,0.00016,0.0,0.00023,0.00011,10
mamacobra,Mamacobra,0,0.0,0,0.0,4e-05,1840
mamanga,Mamangá,0,0.0,0,0.0,4e-05,1841
mamasutra,Mamasutra,0,0.0,0,0.0,4e-05,1842
mamazuka,Mamazuka,3,0.00048,0.00063,0.00392,0.00021,0
mamba-santa,Mamba Santa,0,0.0,0,0.0,4e-05,1843
mambo-catso,Mambo Catso,0,0.0,0,0.0,4e-05,1844
mambo-gratis,Mambo Gratis,0,0.0,0,0.0,4e-05,1845
mambo-surf,Mambo Surf,0,0.0,0,0.0,4e-05,1846
mambonegro,Mambonegro,1,0.00016,0.0,0.00018,9e-05,6
mamita-peyote,Mamita Peyote,2,0.00032,2e-05,0.0001,0.00017,9
mammuthus,Mammuthus,0,0.0,0,0.0,4e-05,1847
mamporro,Mamporro,10,0.00162,0.00206,0.01248,0.00048,6
mamushkas,Mamushkas,5,0.00081,0.00037,0.00369,0.00025,6
mamut,Mamut,0,0.0,0,0.0,4e-05,1848
man-ray,Man Ray,20,0.00323,0.00748,0.07377,0.00097,1
manager-capitalista,Manager Capitalista,0,0.0,0,0.0,4e-05,1849
manal,Manal,25,0.00404,0.01241,0.07402,0.00113,1
manantial,Manantial,0,0.0,0,0.0,4e-05,1850
la-mancha-de-rolando,Mancha de Rolando,32,0.00517,0.01376,0.02116,0.0015,3
manchesta,Manchesta,0,0.0,0,0.0,4e-05,1851
mandala,Mandala,0,0.0,0,0.0,4e-05,1852
mandria,Mandria,0,0.0,0,0.0,4e-05,1853
mandril,Mandril,0,0.0,0,0.0,4e-05,1854
manguala,Manguala,0,0.0,0,0.0,4e-05,1855
maniac-mantu,Maniac Mantu,1,0.00016,0.0,1e-05,0.00012,6
maniaco-proyect,Maniaco Proyect,1,0.00016,0,0.0,0.00028,92
maniatico-despertar,Maniático despertar,0,0.0,0,0.0,4e-05,1856
manicomio,Manicomio,0,0.0,0,0.0,4e-05,1857
manijas,Manijas,3,0.00048,0.00023,0.00347,0.00017,10
manjar,Manjar,0,0.0,0,0.0,4e-05,1858
manqala,Manqala,0,0.0,0,0.0,4e-05,1859
mantis,Mantis,0,0.0,0,0.0,4e-05,1860
manto,Manto,4,0.00065,0.00027,0.00559,0.0002,0
mantra,Mantra,0,0.0,0,0.0,4e-05,1861
manuel-moreira,Manuel Moreira,1,0.00016,0.0,6e-05,0.00011,6
mapa-de-bits,Mapa de bits,0,0.0,0,0.0,4e-05,1862
maperque,MáPerQué,0,0.0,0,0.0,4e-05,1863
maple-azul,Maple Azul,4,0.00065,0.00066,0.00445,0.00025,7
maquiavelos,Maquiavelos,1,0.00016,0.0,0.0,0.00012,8
mar-aun,Mar aún,0,0.0,0,0.0,4e-05,1864
mar-de-java,Mar de Java,3,0.00048,1e-05,0.02212,0.00014,1
marcelo-mapelman,Marcelo Mapelman,8,0.00129,0.00317,0.02447,0.00045,5
marcelo-moura,Marcelo Moura,8,0.00129,0.00027,0.02079,0.00039,2
mareaentrance,Mareaentrance,0,0.0,0,0.0,4e-05,1865
marfuz,Marfuz,0,0.0,0,0.0,4e-05,1866
maria-mulata,María Mulata,2,0.00032,4e-05,0.00025,0.00016,15
maria-suarez-grupo,María Suárez Grupo,0,0.0,0,0.0,4e-05,1867
mariajuana,MaríaJuana,0,0.0,0,0.0,4e-05,1868
marioneta-mundana,Marioneta Mundana,0,0.0,0,0.0,4e-05,1869
mariscal,Mariscal,0,0.0,0,0.0,4e-05,1870
mariscal-de-campo,Mariscal de Campo,0,0.0,0,0.0,4e-05,1871
markman-rey,Markman Rey,0,0.0,0,0.0,4e-05,1872
marlon-bardo,Marlon Bardo,0,0.0,0,0.0,4e-05,1873
marte-ataca,Marte ataca,0,0.0,0,0.0,4e-05,1874
martes-13,Martes 13,1,0.00016,0.0,0.00056,9e-05,4
martes-menta,Martes Menta,11,0.00178,0.00387,0.02541,0.00058,2
martez,Martez,1,0.00016,0.0,0.00623,8e-05,2
martillo,Martillo,0,0.0,0,0.0,4e-05,1875
martyr-lenga,Martyr Lenga,0,0.0,0,0.0,4e-05,1876
marvin,Marvin,1,0.00016,0.0,1e-05,0.00011,6
marvins,Marvins,0,0.0,0,0.0,4e-05,1877
mas-alla,Más Allá,13,0.0021,0.00536,0.00483,0.00101,10
mas-de-la-cuenta,Más de la cuenta,1,0.00016,0.0,5e-05,0.00013,0
mas-de-lo-mismo,Más de lo mismo,7,0.00113,0.00116,0.00832,0.00033,3
mas-que-humano,Más que Humano,1,0.00016,0.0,0.0085,8e-05,2
mas-que-unx,Más Que Unx,0,0.0,0,0.0,4e-05,1878
masas-lunaticas,Masas Lunáticas,0,0.0,0,0.0,4e-05,1879
mascaras-rituales,Máscaras rituales,0,0.0,0,0.0,4e-05,1880
mascaras-rituales-2,Máscaras Rituales,0,0.0,0,0.0,4e-05,1881
mashinga,Mashinga,0,0.0,0,0.0,4e-05,1882
masked,Masked,0,0.0,0,0.0,4e-05,1883
masoka,Masoka,0,0.0,0,0.0,4e-05,1884
massacre,Massacre,8,0.00129,0.0011,0.00915,0.00046,2
mastifal,Mastifal,0,0.0,0,0.0,4e-05,1885
masufrita,Masufrita,1,0.00016,0.0,0.00041,8e-05,2
mata-hari,Mata Hari,0,0.0,0,0.0,4e-05,1886
mata-karneros,Mata Karneros,0,0.0,0,0.0,4e-05,1887
mata-mil,Mata Mil,0,0.0,0,0.0,4e-05,1888
mata-violeta,Mata Violeta,8,0.00129,0.00555,0.02453,0.00047,6
matan,Matan,0,0.0,0,0.0,4e-05,1889
mataplantas,Mataplantas,2,0.00032,0,0.0,0.0004,45
matasiete,Matasiete,6,0.00097,0.001,0.01456,0.00028,0
matate,Matate,0,0.0,0,0.0,4e-05,1890
mate-cosido,Mate Cosido,9,0.00145,0.00295,0.00695,0.00045,7
mate-cosido-2,Mate Cosido,1,0.00016,0.0,0.00033,9e-05,7
mate-rock,Mate Rock,0,0.0,0,0.0,4e-05,1891
maten-al-rey,Maten al Rey,0,0.0,0,0.0,4e-05,1892
mateo-de-la-luna-en-compania-terrestrial,Mateo de la Luna en Compañía Terrestrial,0,0.0,0,0.0,4e-05,1893
mateo-moreno,Mateo Moreno,2,0.00032,0.0,0.00323,0.00017,3
materia-gris,Materia Gris,2,0.00032,0.00071,4e-05,0.00024,26
mathagonia,Mathagonía,0,0.0,0,0.0,4e-05,1894
matheu,Matheu,0,0.0,0,0.0,4e-05,1895
matilda,Matilda,0,0.0,0,0.0,4e-05,1896
matt,MATT,0,0.0,0,0.0,4e-05,1897
maturana,Maturana,0,0.0,0,0.0,4e-05,1898
mauma,Mauma,0,0.0,0,0.0,4e-05,1899
mauro,Mauro,0,0.0,0,0.0,4e-05,1900
mavi,Mavi,6,0.00097,0.00256,0.00564,0.00036,4
mavirock,Mavirock,0,0.0,0,0.0,4e-05,1901
max,Max,0,0.0,0,0.0,4e-05,1902
max-capote,Max Capote,1,0.00016,0.0,0.00016,9e-05,2
maybe,Maybe,0,0.0,0,0.0,4e-05,1903
mayday,MayDay,0,0.0,0,0.0,4e-05,1904
mayoral,Mayoral,0,0.0,0,0.0,4e-05,1905
mc-coy,Mc Coy,0,0.0,0,0.0,4e-05,1906
mdml,MDML,0,0.0,0,0.0,4e-05,1907
me-daras-mil-hijos,Me darás mil hijos,5,0.00081,0.00031,0.00329,0.00024,6
mecanica-rock,Mecánica Rock,0,0.0,0,0.0,4e-05,1908
medalla-milagrosa,Medalla milagrosa,0,0.0,0,0.0,4e-05,1909
medellin,Medellín,4,0.00065,0.00013,0.01741,0.00018,1
media-estacion,Media estación,1,0.00016,0,0.0,0.00022,58
media-octava,Media octava,1,0.00016,0,0.0,0.00028,93
media-tonelada-de-rockyroll,Media Tonelada de Rock&Roll,0,0.0,0,0.0,4e-05,1910
media-vuelta,Media Vuelta,1,0.00016,0.0,0.00012,0.00012,0
medio-entero,Medio entero,0,0.0,0,0.0,4e-05,1911
medium,Medium,0,0.0,0,0.0,4e-05,1912
medula,Mëdula,2,0.00032,0.00038,0.0069,0.00013,2
medusa,Medusa,0,0.0,0,0.0,4e-05,1913
meganova,Meganova,0,0.0,0,0.0,4e-05,1914
mejor-actor-de-reparto,Mejor Actor de Reparto,4,0.00065,0.00042,0.0008,0.00028,3
melena-boogie,Melena Boogie,2,0.00032,0.0,0.00081,0.00013,7
melero-tunon,Melero / Tuñón,0,0.0,0,0.0,4e-05,1915
melian,Melián,1,0.00016,0.0,0.00406,8e-05,0
melimelum,Melimelum,1,0.00016,0.0,7e-05,8e-05,5
melissa,Melissa,1,0.00016,0,0.0,0.00028,94
membrillar,Membrillar,0,0.0,0,0.0,4e-05,1916
memphis-la-blusera,Memphis la Blusera,20,0.00323,0.00287,0.01142,0.00103,5
menashatrua,Menashatruá,0,0.0,0,0.0,4e-05,1917
mendigando,Mendigando,0,0.0,0,0.0,4e-05,1918
menos-que-cero,Menos que Cero,4,0.00065,0.00015,0.0001,0.00024,6
mensaje-real,Mensaje real,0,0.0,0,0.0,4e-05,1919
mensajeros-reggae,Mensajeros Reggae,2,0.00032,0.00036,0.00026,0.00021,0
mensaka,Mensaka,0,0.0,0,0.0,4e-05,1920
menta,Menta,0,0.0,0,0.0,4e-05,1921
menta-marfil,Menta Marfil,0,0.0,0,0.0,4e-05,1922
mental-distortion,Mental Distortion,0,0.0,0,0.0,4e-05,1923
mercado-negro,Mercado negro,0,0.0,0,0.0,4e-05,1924
mercedes-y-los-un-millon,Mercedes y Los Un Millón,0,0.0,0,0.0,4e-05,1925
merlin,Merlín,3,0.00048,0.00022,0.00335,0.00019,1
mermel,Mermel,0,0.0,0,0.0,4e-05,1926
mero,Mero,0,0.0,0,0.0,4e-05,1927
mes-de-mayo,Mes de Mayo,11,0.00178,0.00108,0.004,0.0006,10
mestizo,Mestizo,2,0.00032,0.00036,0.00014,0.00024,32
metal,Metal,0,0.0,0,0.0,4e-05,1928
metalmorfosis,Metalmorfosis,0,0.0,0,0.0,4e-05,1929
metamorfica,Metamórfica,1,0.00016,0.0,0.00063,8e-05,0
metaplasma,Metaplasma,0,0.0,0,0.0,4e-05,1930
metele-plancha,Metele Plancha,5,0.00081,0.00246,0.00162,0.00029,0
meteoros,Meteoros,2,0.00032,0.0,0.00428,0.00013,11
metropoli,Metrópoli,9,0.00145,0.00013,0.02343,0.00041,2
mezcal,Mezcal,0,0.0,0,0.0,4e-05,1931
mfk,MFK,0,0.0,0,0.0,4e-05,1932
mi-amigo-invencible,Mi Amigo Invencible,3,0.00048,0.00038,4e-05,0.00028,9
mi-lugar-secreto,Mi lugar secreto,0,0.0,0,0.0,4e-05,1933
mi-pequena-muerte,Mi Pequeña Muerte,2,0.00032,9e-05,0.00017,0.00015,12
mi-tortuga-montreux,Mi Tortuga Montreux,1,0.00016,0.0,0.00021,0.00015,9
mia,MIA,4,0.00065,6e-05,0.0063,0.00027,1
miami,Miami,0,0.0,0,0.0,4e-05,1934
mic-shaggy,Mic Shaggy,0,0.0,0,0.0,4e-05,1935
mic-y-mouse,Mic y Mouse,1,0.00016,0.0,1e-05,0.00015,2
michael-mike,Michael Mike,3,0.00048,0.00025,0.00061,0.00025,13
micosis,Micosis,0,0.0,0,0.0,4e-05,1936
microesfera,Microesfera,0,0.0,0,0.0,4e-05,1937
miguel-mateos,Miguel Mateos,14,0.00226,0.0027,0.02541,0.00066,17
miguel-molins,Miguel Molins,0,0.0,0,0.0,4e-05,1938
miguel-y-eugenio,Miguel y Eugenio,4,0.00065,2e-05,0.02011,0.00019,1
mil-astillas,Mil astillas,4,0.00065,0.00348,0.00103,0.00026,0
mil-hombres,Mil hombres,0,0.0,0,0.0,4e-05,1939
mil-hormigas,Mil Hormigas,2,0.00032,0.0,0.00661,0.00012,0
mil-razones-ciertas,Mil Razones Ciertas,0,0.0,0,0.0,4e-05,1940
milano,Milano,0,0.0,0,0.0,4e-05,1941
milhojas,Milhojas,2,0.00032,1e-05,0.00373,0.00012,2
milimetrica,Milimétrica,0,0.0,0,0.0,4e-05,1942
militantes-del-surco,Militantes del Surco,0,0.0,0,0.0,4e-05,1943
militia,Militia,0,0.0,0,0.0,4e-05,1944
militta-bora,Militta Bora,3,0.00048,0.0001,0.01205,0.00016,1
millones-de-casas-con-fantasmas,Millones de casas con fantasmas,0,0.0,0,0.0,4e-05,1945
miltode,Miltode,1,0.00016,0.0,0.00016,0.00011,0
mimi-maura,Mimi Maura,24,0.00388,0.00985,0.02799,0.00114,0
minco,MINCO,2,0.00032,0.0,9e-05,0.00014,9
minicomponente,Minicomponente,0,0.0,0,0.0,4e-05,1946
minimo,Mínimo,8,0.00129,0.0048,0.01351,0.00045,8
ministerio-de-energia,Ministerio de Energía,2,0.00032,0.00422,0.00273,0.00016,6
minoria-activa,Minoría Activa,4,0.00065,0.00057,0.00411,0.00024,0
minuto-cero,Minuto Cero,0,0.0,0,0.0,4e-05,1947
miranda,Miranda!,21,0.00339,0.01394,0.03103,0.00101,2
miravientos,Miravientos,0,0.0,0,0.0,4e-05,1948
miro-y-su-fabulosa-orquesta-de-juguete,Miro y su Fabulosa Orquesta de Juguete,0,0.0,0,0.0,4e-05,1949
mis-cangrejos,Mis cangrejos,0,0.0,0,0.0,4e-05,1950
mis-gatos-no-te-quieren,Mis gatos no te quieren,0,0.0,0,0.0,4e-05,1951
miseria,Miseria,0,0.0,0,0.0,4e-05,1952
mision-vietnam,Misión Vietnam,1,0.00016,0.0,0.00123,0.0001,4
misma-sangre,Misma sangre,1,0.00016,0.0,0.0,0.00015,12
miss-bolivia,Miss Bolivia,19,0.00307,0.00905,0.01721,0.00091,9
miss-wichita,Miss Wichita,1,0.00016,0.0,0.00016,0.00012,3
misson,Misson,2,0.00032,0.0,0.00087,0.00012,7
mister-america,Mister América,0,0.0,0,0.0,4e-05,1953
mister-leen,Mister Leen,2,0.00032,0.0,0.00483,0.00012,4
misterio,Misterio,3,0.00048,0.0002,0.00383,0.0002,0
misteriosa,Misteriosa,0,0.0,0,0.0,4e-05,1954
mistica,Mística,0,0.0,0,0.0,4e-05,1955
misticos,Místicos,0,0.0,0,0.0,4e-05,1956
modem,Modem,0,0.0,0,0.0,4e-05,1957
moderna,Moderna,0,0.0,0,0.0,4e-05,1958
modex,Modex,0,0.0,0,0.0,4e-05,1959
modista,Modista,1,0.00016,0.0,0.00623,8e-05,2
modular,Modular,2,0.00032,3e-05,1e-05,0.00022,8
modulo-lunar,Módulo Lunar,0,0.0,0,0.0,4e-05,1960
moebius,Moebius,0,0.0,0,0.0,4e-05,1961
mof,Mof,0,0.0,0,0.0,4e-05,1962
mofa,Mofa,0,0.0,0,0.0,4e-05,1963
mofeta,Mofeta,0,0.0,0,0.0,4e-05,1964
moja,Moja,0,0.0,0,0.0,4e-05,1965
mojon-210,Mojón 210,0,0.0,0,0.0,4e-05,1966
mole,Mole,1,0.00016,0.0,0.0085,0.00011,2
molinete-lumpen,Molinete Lumpen,0,0.0,0,0.0,4e-05,1967
molo,Molo,1,0.00016,0,0.0,0.00028,108
mompox,Mompox,0,0.0,0,0.0,4e-05,1968
mona-mordan,Mona Mordan,0,0.0,0,0.0,4e-05,1969
monclus-ventosa,Monclus Ventosa,1,0.00016,0.0,0.00023,8e-05,5
mondo-alfa,Mondo Alfa,0,0.0,0,0.0,4e-05,1970
mondo-kronhela,Mondo Kronhela,0,0.0,0,0.0,4e-05,1971
mongo-aurelio,Mongo Aurelio,0,0.0,0,0.0,4e-05,1972
monje-fish,Monje fish,0,0.0,0,0.0,4e-05,1973
mono,Mono,1,0.00016,0.0,8e-05,0.00011,2
mono-luve,Mono Luve,0,0.0,0,0.0,4e-05,1974
mono-moncho,Mono Moncho,0,0.0,0,0.0,4e-05,1975
monoambiente,Monoambiente,0,0.0,0,0.0,4e-05,1976
monoaural,Monoaural,0,0.0,0,0.0,4e-05,1977
monoroots,Monoroots,0,0.0,0,0.0,4e-05,1978
monos-al-aire,Monos Al Aire,0,0.0,0,0.0,4e-05,1979
monos-con-navajas,Monos con navajas,1,0.00016,0.0,0.0031,8e-05,0
monos-de-polvo,Monos de Polvo,0,0.0,0,0.0,4e-05,1980
monos-en-bolas,Monos En Bolas,0,0.0,0,0.0,4e-05,1981
monsenor-terrenal,Monseñor Terrenal,1,0.00016,0.0,8e-05,0.0001,10
montecarlo,Montecarlo,0,0.0,0,0.0,4e-05,1982
montecarlo-jazz-ensamble,Montecarlo Jazz Ensamble,6,0.00097,0.00039,0.00638,0.00038,2
montenegro,Montenegro,0,0.0,0,0.0,4e-05,1983
montes,Montes,0,0.0,0,0.0,4e-05,1984
montesano,Montesano,2,0.00032,0.0,0.00128,0.00016,1
monzon-del-rock,Monzón del Rock,0,0.0,0,0.0,4e-05,1985
moo,Moo,0,0.0,0,0.0,4e-05,1986
morbo-y-mambo,Morbo y Mambo,4,0.00065,0.00118,0.001,0.0003,12
mordaz,Mordaz,0,0.0,0,0.0,4e-05,1987
morfosis,Morfosis,0,0.0,0,0.0,4e-05,1988
moris,Moris,17,0.00275,0.00396,0.03887,0.00077,1
moro-satragni,Moro-Satragni,7,0.00113,3e-05,0.05096,0.00029,1
mortadela-rancia,Mortadela Rancia,3,0.00048,2e-05,0.01369,0.0002,1
mortem,Mortem,0,0.0,0,0.0,4e-05,1989
mortttales,Mortttales,1,0.00016,0.0,2e-05,0.00012,4
mortuorial-eclipse,Mortuorial Eclipse,0,0.0,0,0.0,4e-05,1990
mosaikun,Mosaikun,0,0.0,0,0.0,4e-05,1991
mostrance,Mostrance,0,0.0,0,0.0,4e-05,1992
mostruito,Mostruito,0,0.0,0,0.0,4e-05,1993
mostruo,Mostruo!,2,0.00032,0.00036,0.00156,0.00018,1
mote,MOTe,0,0.0,0,0.0,4e-05,1994
mothership,Mothership,0,0.0,0,0.0,4e-05,1995
motivos-olvidables,Motivos olvidables,3,0.00048,0.00014,0.00219,0.00019,5
motor-loco,Motor loco,8,0.00129,0.0015,0.0076,0.00043,0
motorama,Motorama,9,0.00145,0.00306,0.00317,0.00054,6
motorblues,Motorblues,0,0.0,0,0.0,4e-05,1996
motosierra,Motosierra,0,0.0,0,0.0,4e-05,1997
mountain-party,Mountain Party,2,0.00032,1e-05,0.0007,0.00017,6
moura-sergi,Moura-Sergi,5,0.00081,0.00047,0.01057,0.00028,2
mousse,Mousse,0,0.0,0,0.0,4e-05,1998
movil-vission,Movil Vission,1,0.00016,0.0,4e-05,0.0001,0
mozambique,Mozambique,4,0.00065,8e-05,0.00192,0.00024,0
mr-bock,Mr Bock,0,0.0,0,0.0,4e-05,1999
mr-happy-band,Mr Happy Band,0,0.0,0,0.0,4e-05,2000
mr-roll-y-sus-rockers,Mr Roll y sus Rockers,0,0.0,0,0.0,4e-05,2001
mr-algo,Mr. Algo,0,0.0,0,0.0,4e-05,2002
mr-gordon,Mr. Gordon,0,0.0,0,0.0,4e-05,2003
mr-lep,Mr. Lep,0,0.0,0,0.0,4e-05,2004
mr-mojo,Mr. Mojo,4,0.00065,0.00094,0.01114,0.00021,5
mr-paul,Mr. Paul,0,0.0,0,0.0,4e-05,2005
mr-stinky,Mr. Stinky,0,0.0,0,0.0,4e-05,2006
mr-wolf,Mr. Wolf,0,0.0,0,0.0,4e-05,2007
muchas-nueces,Muchas nueces,0,0.0,0,0.0,4e-05,2008
mueran-humanos,Mueran Humanos,1,0.00016,0,0.0,0.00028,95
muerte-al-tio-cosa,Muerte Al Tío Cosa,3,0.00048,0.0002,0.00195,0.00022,3
muertos-nuevos,Muertos nuevos,1,0.00016,0.0,0.00064,0.0001,2
mufa,Mufa,0,0.0,0,0.0,4e-05,2009
mugre,Mugre,0,0.0,0,0.0,4e-05,2010
mujer-cebra,Mujer Cebra,0,0.0,0,0.0,4e-05,2011
mujercitas-terror,Mujercitas Terror,1,0.00016,0,0.0,0.00028,95
mukele,Mukele,0,0.0,0,0.0,4e-05,2012
mukunda,Mukunda,1,0.00016,0.0,0.00033,9e-05,0
mulam,Mulam,1,0.00016,0,0.0,0.00028,96
mundanos,Mundanos,2,0.00032,0.00017,0.00081,0.00013,4
mundo-confite,Mundo Confite,0,0.0,0,0.0,4e-05,2013
mundo-extremo,Mundo extremo,0,0.0,0,0.0,4e-05,2014
muneca-plana,Muñeca plana,0,0.0,0,0.0,4e-05,2015
munecas,Muñecas,5,0.00081,0.00344,0.0016,0.00041,8
munecas-rusas,Muñecas Rusas,2,0.00032,0.00063,8e-05,0.00025,8
munnrha,Munnrha,0,0.0,0,0.0,4e-05,2016
murcielagos,Murciélagos,10,0.00162,0.00375,0.03829,0.00042,4
murias,Murias,0,0.0,0,0.0,4e-05,2017
murio-de-asco,Murió de asco,1,0.00016,0.0,0.00025,0.0001,8
muro,Muro,0,0.0,0,0.0,4e-05,2018
musho,Musho,0,0.0,0,0.0,4e-05,2019
mustaffa,Mustaffa,0,0.0,0,0.0,4e-05,2020
mustafunk,Mustafunk,3,0.00048,0.00048,0.00368,0.00021,8
mustang-sally,Mustang Sally,3,0.00048,0.00047,0.00037,0.00026,7
mutandina,Mutandina,0,0.0,0,0.0,4e-05,2021
muy-lejos,Muy lejos,0,0.0,0,0.0,4e-05,2022
mvg,MVG,0,0.0,0,0.0,4e-05,2023
mysense,Mysense,1,0.00016,0.0,0.00406,8e-05,0
nicolas-martin,Nicolás Martín,1,0.00016,0.0,0.00027,9e-05,9
nito-mestre,Nito Mestre,31,0.00501,0.00441,0.0968,0.00145,1
omar-mollo,Omar Mollo,6,0.00097,0.00019,0.00519,0.00033,0
oscar-moro,Oscar Moro,25,0.00404,0.00266,0.10236,0.00111,1
pablo-molina,Pablo Molina,10,0.00162,0.00555,0.00685,0.00065,0
pablo-montiel,Pablo Montiel,0,0.0,0,0.0,4e-05,2024
paula-maffia,Paula Maffía,6,0.00097,0.0014,0.00089,0.00051,9
paula-meijide,Paula Meijide,2,0.00032,0.00015,0.00038,0.00014,11
pol-medina,Pol Medina,0,0.0,0,0.0,4e-05,2025
riki-musso,Riki Musso,1,0.00016,0.0,0.00034,9e-05,3
rodrigo-manigot,Rodrigo Manigot,1,0.00016,0.0,0.00043,9e-05,3
rulo-menaye,Rulo Menayé,1,0.00016,0.0,0.00107,8e-05,4
sandra-mihanovich,Sandra Mihanovich,9,0.00145,0.00266,0.01403,0.00048,1
santiago-manrique,Santiago Manrique,1,0.00016,0.0,5e-05,0.0001,0
santiago-motorizado,Santiago Motorizado,3,0.00048,0.00343,3e-05,0.00038,12
sergio-makaroff,Sergio Makaroff,4,0.00065,0.00036,0.02598,0.00022,1
soema-montenegro,Soema Montenegro,0,0.0,0,0.0,4e-05,2026
sol-marianela,Sol Marianela,1,0.00016,0.0,2e-05,0.00013,2
tony-maloso,Tony Maloso,0,0.0,0,0.0,4e-05,2027
valeria-marmo,Valeria Marmo,0,0.0,0,0.0,4e-05,2028
vane-mihanovich,Vane Mihanovich,1,0.00016,0.0,0.00067,8e-05,1
victoria-maurette,Victoria Maurette,5,0.00081,0.00113,0.011,0.00024,9
amilcar-nadal,Amílcar Nadal,4,0.00065,0.00266,0.00019,0.00034,0
ariel-nan,Ariel Nan,0,0.0,0,0.0,4e-05,2029
chify-negretti,Chify Negretti,0,0.0,0,0.0,4e-05,2030
el-natty-combo,El Natty Combo,9,0.00145,0.00162,0.00775,0.00049,0
fernando-nale,Fernando Nalé,8,0.00129,0.00133,0.03103,0.00042,2
fidel-nadal,Fidel Nadal,21,0.00339,0.00415,0.00857,0.00106,0
gonza-nehuen,Gonza Nehuén,2,0.00032,0.0,0.00018,0.00017,4
ivan-noble,Iván Noble,7,0.00113,0.00315,0.0127,0.00042,6
la-napolitana,La Napolitana,1,0.00016,0.0,0.00203,8e-05,7
la-naranja,La Naranja,3,0.00048,0.0,0.0182,0.00014,1
la-naranja-2,La Naranja,8,0.00129,0.0043,0.00397,0.00061,12
la-nave,La Nave,19,0.00307,0.00908,0.01871,0.00116,8
la-nave-de-carton,La Nave de Cartón,7,0.00113,0.001,0.01438,0.00034,12
la-nave-de-oniro,La Nave de Oniro,1,0.00016,0.0,0.00089,9e-05,8
la-nave-esta-de-fiesta,La Nave está de fiesta,1,0.00016,0.0,0.00089,9e-05,8
la-negra,La Negra,3,0.00048,0.0,0.00077,0.00017,1
la-nevera-de-rogel,La Nevera de Rogel,1,0.00016,0,0.0,0.00028,97
la-nieta-de-godar,La Nieta de Godar,1,0.00016,0.0,0.00051,0.0001,12
la-noche-de-garufa,La Noche de Garufa,0,0.0,0,0.0,4e-05,2031
la-nueva-flor,La Nueva Flor,0,0.0,0,0.0,4e-05,2032
litto-nebbia,Litto Nebbia,61,0.00986,0.0361,0.11344,0.00291,1
los-natas,Los Natas,21,0.00339,0.00663,0.00385,0.00124,7
los-naufragos,Los Náufragos,3,0.00048,4e-05,0.00172,0.00022,5
los-navarros,Los Navarros,6,0.00097,0.00049,0.01153,0.00028,4
los-navegando-por-dentro,Los Navegando por Dentro,0,0.0,0,0.0,4e-05,2033
los-nuevos-coleccionistas-de-pasillos,Los Nuevos Coleccionistas de Pasillos,2,0.00032,0.0,0.00862,0.00011,1
los-nuevos-monstruos,Los Nuevos Monstruos,2,0.00032,2e-05,0.00027,0.00015,4
mario-nieva,Mario Nieva,0,0.0,0,0.0,4e-05,2034
mi-nave,Mi Nave,3,0.00048,0.00542,3e-05,0.00037,13
nadie,N.A.D.I.E.,0,0.0,0,0.0,4e-05,2035
nabla,Nabla,1,0.00016,0,0.0,0.00028,97
nacho-ladisa-blues-club,Nacho Ladisa Blues Club,2,0.00032,0.00036,0.00049,0.0002,5
nacho-y-los-caracoles,Nacho y los Caracoles,2,0.00032,0.00036,1e-05,0.00023,13
nacido-libre,Nacido libre,0,0.0,0,0.0,4e-05,2036
nacidos-para-perder,Nacidos para perder,0,0.0,0,0.0,4e-05,2037
nacidos-por-error,Nacidos por error,0,0.0,0,0.0,4e-05,2038
nada-es-sagrado,Nada es sagrado,0,0.0,0,0.0,4e-05,2039
nada-mas-que-hoy,Nada más que hoy,3,0.00048,5e-05,0.00319,0.00021,0
nada-nuevo,Nada Nuevo,0,0.0,0,0.0,4e-05,2040
nadar-de-noche,Nadar de noche,0,0.0,0,0.0,4e-05,2041
nadin,Nadín,2,0.00032,4e-05,0.00178,0.00013,10
nafta,Nafta,0,0.0,0,0.0,4e-05,2042
nagoba,Nagoba,1,0.00016,0.0,0.0,0.00014,8
nagual,Nagual,1,0.00016,0.0,0.00259,9e-05,0
naifeel,Naifeel,1,0.00016,0.0,0.00192,8e-05,2
nairobi,Nairobi,0,0.0,0,0.0,4e-05,2043
naje,Naje,0,0.0,0,0.0,4e-05,2044
nakel,Nakel,0,0.0,0,0.0,4e-05,2045
nameless,Nameless,0,0.0,0,0.0,4e-05,2046
napalm-dread,Napalm Dread,1,0.00016,0.0,0.00022,9e-05,0
napoleon,Napoleón,0,0.0,0,0.0,4e-05,2047
naranja-mecanica,Naranja Mecánica,2,0.00032,0.00036,0.0,0.00028,26
naranjos,Naranjos,0,0.0,0,0.0,4e-05,2048
narcoiris,Narcoiris,4,0.00065,0.00548,0.00031,0.00035,11
narcotango,Narcotango,0,0.0,0,0.0,4e-05,2049
nardos,Nardos,0,0.0,0,0.0,4e-05,2050
narices-rotas,Narices rotas,0,0.0,0,0.0,4e-05,2051
narigones,Narigones,0,0.0,0,0.0,4e-05,2052
narvales,Narvales,4,0.00065,0.00035,0.00152,0.00022,3
nasta-super-blues,Nasta Súper Blues,2,0.00032,6e-05,0.00079,0.00014,7
nativo,Nativo,7,0.00113,0.00277,0.01902,0.00032,0
natty-dread,Natty Dread,3,0.00048,0.00039,2e-05,0.0003,0
natural-cocaleros,Natural Cocaleros,1,0.00016,0,0.0,0.00028,98
natural-mente,Natural Mente,0,0.0,0,0.0,4e-05,2053
naturama,Naturama,0,0.0,0,0.0,4e-05,2054
nave,Nave,0,0.0,0,0.0,4e-05,2055
nave-hogar,Navë Hogar,0,0.0,0,0.0,4e-05,2056
nave-india,Nave india,0,0.0,0,0.0,4e-05,2057
navega-planetas,Navega Planetas,0,0.0,0,0.0,4e-05,2058
navemadre,Navemadre,1,0.00016,0.0,0.00199,8e-05,15
navidad-en-agosto,Navidad en agosto,0,0.0,0,0.0,4e-05,2059
navigator,Navigator,0,0.0,0,0.0,4e-05,2060
navios,Navíos,0,0.0,0,0.0,4e-05,2061
nde-ramirez,Nde Ramírez,0,0.0,0,0.0,4e-05,2062
ndi,NDI,2,0.00032,5e-05,0.00063,0.00015,0
nebbia-baraj-borda,Nebbia-Baraj-Borda,0,0.0,0,0.0,4e-05,2063
nebbia-baraj-gonzalez,Nebbia-Baraj-González,0,0.0,0,0.0,4e-05,2064
nebbia-rada,Nebbia-Rada,0,0.0,0,0.0,4e-05,2065
necrosis,Necrosis,0,0.0,0,0.0,4e-05,2066
nectar,Néctar,0,0.0,0,0.0,4e-05,2067
negativo,Negativo,0,0.0,0,0.0,4e-05,2068
negra-santa,Negra Santa,0,0.0,0,0.0,4e-05,2069
negro-can,Negro can,1,0.00016,0.0,0.01015,8e-05,1
negro-fluo,Negro Flúo,0,0.0,0,0.0,4e-05,2070
negusa-negast,Negusa Negast,5,0.00081,0.00166,0.00113,0.00054,11
negusa-reggae,Negusa Reggae,4,0.00065,0.0006,6e-05,0.00044,11
neisser,Neisser,0,0.0,0,0.0,4e-05,2071
nelumbo,Nelumbo,2,0.00032,2e-05,0.00258,0.00013,2
nem,NEM,0,0.0,0,0.0,4e-05,2072
nemesis,Némesis,0,0.0,0,0.0,4e-05,2073
nene-almibar,Nene Almíbar,0,0.0,0,0.0,4e-05,2074
nepal,Nepal,1,0.00016,0,0.0,0.00028,99
nerdkids,Nerdkids,6,0.00097,0.00221,0.0109,0.00031,2
neron,Nerón,0,0.0,0,0.0,4e-05,2075
neuroina,Neuroína,4,0.00065,0.00018,0.00183,0.00023,10
neurus,Neurus,0,0.0,0,0.0,4e-05,2076
neutral,Neutral,1,0.00016,0.0,0.00107,8e-05,4
neven-k,Neven-k,0,0.0,0,0.0,4e-05,2077
newgarden,NewGarden,2,0.00032,1e-05,0.00456,0.00011,0
nexisterris,Nexisterris,1,0.00016,0.0,0.00123,0.0001,4
nexus,Nexus,0,0.0,0,0.0,4e-05,2078
ni-idea,Ni idea,3,0.00048,0.0001,0.00104,0.0002,10
nidos,Nidos,0,0.0,0,0.0,4e-05,2079
nietos-de-baez,Nietos de Báez,0,0.0,0,0.0,4e-05,2080
nihilismo,Nihilismo,0,0.0,0,0.0,4e-05,2081
nikita-nipone,Nikita Nipone,0,0.0,0,0.0,4e-05,2082
nil-obstat,Nil Obstat,0,0.0,0,0.0,4e-05,2083
nilo,Nilo,0,0.0,0,0.0,4e-05,2084
nimbus,Nimbus,0,0.0,0,0.0,4e-05,2085
nincognita,Nincógnita,1,0.00016,0.0,0.00259,9e-05,0
nine-fears,Nine Fears,0,0.0,0,0.0,4e-05,2086
nine-lives,Nine Lives,1,0.00016,0.0,0.00012,0.0001,0
ninjas,Ninjas,0,0.0,0,0.0,4e-05,2087
ninjas-purpura,Ninjas púrpura,0,0.0,0,0.0,4e-05,2088
nino-azul,Niño Azul,2,0.00032,1e-05,0.00364,0.00012,4
nino-de-cobre,Niño de Cobre,0,0.0,0,0.0,4e-05,2089
nino-elefante,Niño Elefante,3,0.00048,1e-05,0.00016,0.00027,12
nino-etc,Niño Etc,0,0.0,0,0.0,4e-05,2090
nino-kamikaze,Niño Kamikaze,0,0.0,0,0.0,4e-05,2091
ninos-enfermos,Niños enfermos,3,0.00048,0.00036,0.00028,0.00024,16
ninos-envueltos,Niños envueltos,0,0.0,0,0.0,4e-05,2092
nispero,Nispero,0,0.0,0,0.0,4e-05,2093
no-compro-mas,No Compro Más,0,0.0,0,0.0,4e-05,2094
no-extraviar,No Extraviar,0,0.0,0,0.0,4e-05,2095
no-lo-soporto,No lo soporto,6,0.00097,0.00085,0.01307,0.00028,2
no-name-dub,No Name Dub,0,0.0,0,0.0,4e-05,2096
no-nos-queremos,No nos queremos,0,0.0,0,0.0,4e-05,2097
no-reactivo,No Reactivo,1,0.00016,0.0,0.00139,9e-05,10
no-sabe-no-contesta,No sabe no contesta,0,0.0,0,0.0,4e-05,2098
no-salgas-con-robots,No salgas con robots,1,0.00016,0.0,0.00156,8e-05,7
no-ser,No Ser,1,0.00016,0.0,1e-05,0.00013,6
no-somos-nada,No Somos Nada,4,0.00065,0.00142,0.00156,0.00025,3
no-tan-distintos,No Tan Distintos,3,0.00048,7e-05,0.00029,0.00021,0
no-te-va-gustar,No te va gustar,34,0.0055,0.03068,0.06422,0.00166,3
no-tengo,No tengo,4,0.00065,0.00018,0.00046,0.00025,8
no-ve-tv,No Ve TV,1,0.00016,0.0,0.00277,8e-05,3
no-ves-nada,No ves nada,1,0.00016,0.0,0.00166,8e-05,2
no-videntes,No Videntes,0,0.0,0,0.0,4e-05,2099
no-zafa-ninguno,No Zafa Ninguno,2,0.00032,6e-05,0.00235,0.00013,15
noches-florentinas,Noches florentinas,3,0.00048,0.00048,0.00312,0.00021,9
noches-vacias,Noches vacías,0,0.0,0,0.0,4e-05,2100
noctambulos,Noctámbulos,0,0.0,0,0.0,4e-05,2101
nocturama,Nocturama,0,0.0,0,0.0,4e-05,2102
nodisco,Nodisco,0,0.0,0,0.0,4e-05,2103
nogales,Nogales,0,0.0,0,0.0,4e-05,2104
nohh,NoHH,4,0.00065,0.00056,0.00805,0.00023,7
noise,Noise,0,0.0,0,0.0,4e-05,2105
nokreo-experimento,Nokreo Experimento,0,0.0,0,0.0,4e-05,2106
nolbelto,Nolbelto,3,0.00048,9e-05,0.00713,0.00015,1
nomadas,Nomadas,0,0.0,0,0.0,4e-05,2107
nomade,Nomade,0,0.0,0,0.0,4e-05,2108
non-parlo,Non Parlo,0,0.0,0,0.0,4e-05,2109
nonabonda,Nonabonda,0,0.0,0,0.0,4e-05,2110
nonpalidece,Nonpalidece,6,0.00097,0.00061,0.00574,0.00032,0
nonphysical-damage,Nonphysical damage,0,0.0,0,0.0,4e-05,2111
nordica,Nórdica,0,0.0,0,0.0,4e-05,2112
norma,NormA,0,0.0,0,0.0,4e-05,2113
nos-vemos-viejo,Nos Vemos Viejo,0,0.0,0,0.0,4e-05,2114
nostica,Nóstica,0,0.0,0,0.0,4e-05,2115
not-yet,Not yet,0,0.0,0,0.0,4e-05,2116
notalent,Notalent,0,0.0,0,0.0,4e-05,2117
notancuerdos,Notancuerdos,0,0.0,0,0.0,4e-05,2118
noumeno,Noúmeno,0,0.0,0,0.0,4e-05,2119
novafenix,Novafenix,1,0.00016,0.0,0.00291,8e-05,0
noveno-generador,Noveno Generador,0,0.0,0,0.0,4e-05,2120
noventa,Noventa,0,0.0,0,0.0,4e-05,2121
nowon,Nowon,0,0.0,0,0.0,4e-05,2122
nube-9,Nube 9,4,0.00065,0.00034,0.00147,0.00023,0
nubes-en-mi-casa,Nubes en mi casa,0,0.0,0,0.0,4e-05,2123
nuca,Nuca,3,0.00048,2e-05,0.00125,0.00022,3
nuch,Nuch,0,0.0,0,0.0,4e-05,2124
nucleo,Núcleo,1,0.00016,0.0,2e-05,0.00012,16
nucrear,Nucrear,0,0.0,0,0.0,4e-05,2125
nuestra-raza,Nuestra Raza,4,0.00065,0.00025,0.00134,0.00023,0
nuestro-crimen,Nuestro Crimen,0,0.0,0,0.0,4e-05,2126
nueva-etica,Nueva ética,0,0.0,0,0.0,4e-05,2127
nueva-luz-reggae,Nueva Luz Reggae,0,0.0,0,0.0,4e-05,2128
nuevas-raices,Nuevas raíces,2,0.00032,4e-05,0.0007,0.00013,0
nueve-millas,Nueve millas,0,0.0,0,0.0,4e-05,2129
nuevos-habitantes,Nuevos Habitantes,0,0.0,0,0.0,4e-05,2130
nuez,Nuez,0,0.0,0,0.0,4e-05,2131
nuitilfait,Nuitilfait,0,0.0,0,0.0,4e-05,2132
numeral,Numeral,0,0.0,0,0.0,4e-05,2133
nunca-es-tarde,Nunca es tarde,0,0.0,0,0.0,4e-05,2134
nunca-fui-a-un-parque-de-diversiones,Nunca fui a un Parque de Diversiones,0,0.0,0,0.0,4e-05,2135
nunca-nos-ensenaron,Nunca nos enseñaron,0,0.0,0,0.0,4e-05,2136
nunca-taxi,Nunca Taxi,0,0.0,0,0.0,4e-05,2137
nunca-te-menti,Nunca te mentí,0,0.0,0,0.0,4e-05,2138
nunka-esa-karta,Nunka Esa Karta,0,0.0,0,0.0,4e-05,2139
nylon,Nylon,0,0.0,0,0.0,4e-05,2140
paula-neder,Paula Neder,2,0.00032,0.00019,0.01068,0.00012,1
pol-neiman,Pol Neiman,7,0.00113,0.0026,0.00569,0.00036,14
roque-narvaja,Roque Narvaja,3,0.00048,0.0001,0.00884,0.00019,1
titin-naves,Titín Naves,1,0.00016,0.0,4e-05,0.00013,0
adrian-otero,Adrián Otero,6,0.00097,0.00049,0.00248,0.00037,5
claudio-oconnor,Claudio O’Connor,5,0.00081,0.00051,0.00578,0.00035,0
el-ojo-de-sanchez,El Ojo de Sánchez,2,0.00032,0.00036,0.00284,0.00019,0
el-ojo-de-shiva,El Ojo de Shiva,1,0.00016,0.0,0.00097,9e-05,1
el-ombligo,El Ombligo,4,0.00065,0.00514,0.00038,0.0004,21
el-ombu,El Ombú,1,0.00016,0.0,0.00012,0.00012,1
el-otro-extremo,El Otro extremo,0,0.0,0,0.0,4e-05,2141
el-otro-yo,El Otro Yo,35,0.00566,0.01884,0.01695,0.00189,2
guillermo-goy-ogalde,Guillermo Goy Ogalde,3,0.00048,8e-05,0.00159,0.00025,0
la-ola-que-queria-ser-chau,La Ola que quería ser Chau,1,0.00016,0.0,4e-05,0.0001,2
la-orden,La Orden,2,0.00032,0,0.0,0.0004,51
la-otra-cara,La Otra Cara,8,0.00129,0.00106,0.00654,0.00048,3
la-otra-cara-de-la-nada,La Otra Cara de la Nada,3,0.00048,0.00016,0.00625,0.00017,3
los-ojos,Los Ojos,7,0.00113,0.00169,0.01757,0.00036,1
los-ojos-de-clarence,Los Ojos de Clarence,3,0.00048,1e-05,0.0123,0.00015,1
los-otros-soles,Los Otros Soles,0,0.0,0,0.0,4e-05,2142
los-oxford,Los Oxford,0,0.0,0,0.0,4e-05,2143
lucio-odonnell,Lucio O’Donnell,0,0.0,0,0.0,4e-05,2144
mariano-otero,Mariano Otero,8,0.00129,0.00151,0.01346,0.00046,6
martin-oliver,Martín Oliver,0,0.0,0,0.0,4e-05,2145
oclock,O’Clock,0,0.0,0,0.0,4e-05,2146
oconnor,O’Connor,8,0.00129,0.0047,0.03249,0.00042,0
obs,OBS,0,0.0,0,0.0,4e-05,2147
obsqura,Obsqura,0,0.0,0,0.0,4e-05,2148
ocaso-2012,Ocaso 2012,4,0.00065,0.00041,0.00683,0.00024,0
oceanos,Océanos,0,0.0,0,0.0,4e-05,2149
octafonic,Octafonic,3,0.00048,0.00039,0.00149,0.00027,8
octava-travesia,Octava Travesía,0,0.0,0,0.0,4e-05,2150
octubre-rojo,Octubre Rojo,0,0.0,0,0.0,4e-05,2151
odin,Odín,0,0.0,0,0.0,4e-05,2152
odinn,Odinn,0,0.0,0,0.0,4e-05,2153
odio-extremo,Odio Extremo,0,0.0,0,0.0,4e-05,2154
odio-tu-perro,Odio tu perro,0,0.0,0,0.0,4e-05,2155
oh-jacqueline,Oh Jacqueline,0,0.0,0,0.0,4e-05,2156
oidosordos,Oidosordos,0,0.0,0,0.0,4e-05,2157
oime,Oime,1,0.00016,0.0,0.00069,9e-05,14
oisin,Oisin,3,0.00048,0.0,0.01183,0.00016,2
ojala,Ojalá,0,0.0,0,0.0,4e-05,2158
ojas,Ojas,2,0.00032,0.00236,0.00062,0.00019,0
ojerosa,Ojerosa,0,0.0,0,0.0,4e-05,2159
ojo-de-buey,Ojo de buey,1,0.00016,0.0,0.00025,0.0001,8
ojo-en-el-cielo,Ojo en el cielo,0,0.0,0,0.0,4e-05,2160
ojo-iman,Ojo imán,0,0.0,0,0.0,4e-05,2161
ojos-de-oropel,Ojos de Oropel,0,0.0,0,0.0,4e-05,2162
ojos-locos,Ojos locos,2,0.00032,0.00036,0.001,0.00019,0
ok-piramides,Ok Pirámides,0,0.0,0,0.0,4e-05,2163
okmonicks,Okmonicks,0,0.0,0,0.0,4e-05,2164
old-skulls,Old Skulls,1,0.00016,0.0,0.00023,9e-05,4
older-sister,Older Sister,0,0.0,0,0.0,4e-05,2165
ole-blando,Ole Blando,0,0.0,0,0.0,4e-05,2166
olevia,Olevia,0,0.0,0,0.0,4e-05,2167
olga,Olga,0,0.0,0,0.0,4e-05,2168
olga-zubarry,Olga Zubarry,0,0.0,0,0.0,4e-05,2169
olimpica,Olímpica,1,0.00016,0.0,0.00192,8e-05,2
oliva,Oliva,3,0.00048,0.0011,0.02585,0.00015,1
oliver,Oliver,0,0.0,0,0.0,4e-05,2170
olvide-san-telmo,Olvidé San Telmo,2,0.00032,0.00036,0.00024,0.00022,11
olympia,Olympia,0,0.0,0,0.0,4e-05,2171
om,OM,0,0.0,0,0.0,4e-05,2172
omar,Omar,0,0.0,0,0.0,4e-05,2173
omnia,Omnia,0,0.0,0,0.0,4e-05,2174
onaf,Onaf,0,0.0,0,0.0,4e-05,2175
once-tiros,Once Tiros,3,0.00048,0.0004,0.0008,0.00021,3
onda-vaga,Onda Vaga,10,0.00162,0.00302,0.01215,0.00068,13
onirica,Onírica,0,0.0,0,0.0,4e-05,2176
oniro,Oniro,0,0.0,0,0.0,4e-05,2177
onnix,Onnix,1,0.00016,0.0,0.00016,0.00011,0
opa,Opa,2,0.00032,2e-05,0.00136,0.00018,3
open-24,Open 24,2,0.00032,2e-05,0.00287,0.00014,1
open-your-kantos,Open Your Kantos,3,0.00048,0.00061,0.00251,0.00026,20
operativo-exposicion-total,Operativo Exposición Total,0,0.0,0,0.0,4e-05,2178
opium,Opium,0,0.0,0,0.0,4e-05,2179
optio,Optio,0,0.0,0,0.0,4e-05,2180
opus-nova,Opus Nova,0,0.0,0,0.0,4e-05,2181
orbis-tertius,Orbis Tertius,3,0.00048,0.00024,0.00574,0.00017,0
oridios,Oridios,2,0.00032,2e-05,3e-05,0.00019,3
orion,Orion,0,0.0,0,0.0,4e-05,2182
orion-xl,Orion XL,0,0.0,0,0.0,4e-05,2183
orions-beethoven,Orion’s Beethoven,2,0.00032,4e-05,0.01051,0.00018,100
orions,Orions,2,0.00032,0.00011,0.00331,0.00018,100
orquest,Orquest,1,0.00016,0.0,0.00406,8e-05,0
orquesta-cinica,Orquesta Cínica,0,0.0,0,0.0,4e-05,2184
orquesta-de-perros,Orquesta de Perros,0,0.0,0,0.0,4e-05,2185
orquesta-de-salon,Orquesta de Salón,2,0.00032,0.0,0.00095,0.00014,12
orquesta-jabali,Orquesta Jabalí,0,0.0,0,0.0,4e-05,2186
orquesta-metafisica,Orquesta Metafísica,1,0.00016,0.0,0.00044,0.00013,2
orquidea,Orquídea,0,0.0,0,0.0,4e-05,2187
orsaid,Orsaid,2,0.00032,0.00066,0.01035,0.00014,8
os-cordeiros,Os cordeiros,0,0.0,0,0.0,4e-05,2188
os-picantes,Os Picantes,0,0.0,0,0.0,4e-05,2189
osamenta,Osamenta,1,0.00016,0,0.0,0.00028,101
oses,Oses,0,0.0,0,0.0,4e-05,2190
osiris,Osiris,5,0.00081,0.00026,0.01337,0.00025,0
otero,Otero,0,0.0,0,0.0,4e-05,2191
otono,Otoño,0,0.0,0,0.0,4e-05,2192
otono-2,Otoño,2,0.00032,0.0,0.00218,0.00013,2
otono-intenso,Otoño intenso,1,0.00016,0,0.0,0.00016,34
otonoazul,Otoñoazul,0,0.0,0,0.0,4e-05,2193
otra-vez-sopa,Otra vez sopa,5,0.00081,0.00048,0.00746,0.00028,0
otro-mambo,Otro mambo,0,0.0,0,0.0,4e-05,2194
otro-rumbo,Otro rumbo,0,0.0,0,0.0,4e-05,2195
otros-aires,Otros aires,0,0.0,0,0.0,4e-05,2196
oveja-negra,Oveja Negra,9,0.00145,0.00132,0.0249,0.00054,1
ovejas,Ovejas,2,0.00032,2e-05,0.00109,0.00013,9
overdrivers,Overdrivers,0,0.0,0,0.0,4e-05,2197
oxidente,Oxidente,0,0.0,0,0.0,4e-05,2198
oye-lola,Oye Lola,0,0.0,0,0.0,4e-05,2199
oye-primate,Oye Primate,1,0.00016,0.0,0.00107,9e-05,0
ozono-zero,Ozono Zero,0,0.0,0,0.0,4e-05,2200
rosario-ortega,Rosario Ortega,10,0.00162,0.00533,0.02214,0.00067,11
sebastian-smor-oriani,Smor,1,0.00016,0,0.0,0.00022,46
the-octocats,The Octocats,0,0.0,0,0.0,4e-05,2201
the-otherness,The Otherness,1,0.00016,0.0,4e-05,0.00013,8
the-ovnis,The Ovnis,1,0.00016,0.0,0.00015,0.0001,3
adrian-paoletti,Adrián Paoletti,0,0.0,0,0.0,4e-05,2202
agustina-paz,Agustina Paz,1,0.00016,0.0,0.00218,8e-05,0
andrea-prodan,Andrea Prodan,8,0.00129,0.00156,0.00867,0.00045,0
andres-pomato,Andrés Pomato,1,0.00016,0.0,0.00023,0.00011,3
ariel-prat,Ariel Prat,6,0.00097,0.00235,0.01522,0.0003,14
ciro-pertusi,Ciro Pertusi,14,0.00226,0.00186,0.01069,0.00069,0
claudia-puyo,Claudia Puyó,23,0.00372,0.01087,0.03975,0.00101,1
claudio-pedreira,Claudio Pedreira,2,0.00032,0.00036,6e-05,0.00025,47
cris-pulian,Cris Pulián,3,0.00048,0.0002,0.00325,0.00019,6
daniel-perez,Dani Pérez,3,0.00048,0.00307,0.00052,0.00029,4
daniel-patanchon,Daniel Patanchón,0,0.0,0,0.0,4e-05,2203
danny-peyronel,Danny Peyronel,0,0.0,0,0.0,4e-05,2204
el-peligro-de-los-vientos,El Peligro de los Vientos,0,0.0,0,0.0,4e-05,2205
el-perro-de-pavlov,El Perro de Pavlov,0,0.0,0,0.0,4e-05,2206
el-perrodiablo,El PerroDiablo,2,0.00032,0.00048,0.00073,0.00018,11
el-pescado-sin-vender,El Pescado Sin Vender,0,0.0,0,0.0,4e-05,2207
el-peyote-asesino,El Peyote asesino,4,0.00065,0.0,0.00286,0.00021,3
el-pin-pon-club,El Pin Pon Club,0,0.0,0,0.0,4e-05,2208
el-plan-de-la-mariposa,El Plan de la Mariposa,0,0.0,0,0.0,4e-05,2209
el-popinauta,El Popinauta,5,0.00081,0.0004,0.01826,0.00023,6
el-porton,El Portón,0,0.0,0,0.0,4e-05,2210
el-principe-idiota,El Príncipe Idiota,0,0.0,0,0.0,4e-05,2211
el-prisma,El Prisma,0,0.0,0,0.0,4e-05,2212
el-punetazo,El Puñetazo,0,0.0,0,0.0,4e-05,2213
ese-perro,Ese Perro,3,0.00048,0.0,0.00245,0.00017,4
fernando-pareta,Fernando Pareta,0,0.0,0,0.0,4e-05,2214
fito-paez,Fito Páez,93,0.01503,0.06289,0.2153,0.00449,1
gady-pampillon,Gady Pampillón,19,0.00307,0.01325,0.04258,0.00101,7
ike-parodi,Ike Parodi,3,0.00048,0.00038,0.00036,0.00023,1
javier-punga,Javier Punga,1,0.00016,0.0,0.0,0.00013,8
johnny-patacon,Johnny Patacon,0,0.0,0,0.0,4e-05,2215
jorge-pinchevsky,Jorge Pinchevsky,11,0.00178,0.00518,0.02783,0.00053,1
jose-luis-pardo,José Luis Pardo,0,0.0,0,0.0,4e-05,2216
juane-pelegrin,Juane Pelegrin,1,0.00016,0.0,0.0007,0.00012,1
kaled-pan,Kaled Pan,2,0.00032,0.00036,0.00308,0.00018,0
la-pala-mecanica,La Pala mecánica,2,0.00032,0.00018,0.00014,0.00017,0
la-pandilla-del-punto-muerto,La Pandilla del Punto Muerto,4,0.00065,0.0003,0.00626,0.00018,0
la-pandilla-del-verano,La Pandilla del Verano,3,0.00048,5e-05,0.00652,0.00016,1
la-paranoia-del-barba,La Paranoia del Barba,5,0.00081,0.00089,0.00175,0.00039,0
la-parla-de-raviolo,La Parla de Raviolo,1,0.00016,0.0,0.0,0.00013,8
la-paspada,La Paspada,2,0.00032,0.0,0.00329,0.00013,0
la-pata-de-la-tuerta,La Pata de la Tuerta,2,0.00032,0.0,0.00027,0.00016,0
la-patada,La Patada,0,0.0,0,0.0,4e-05,2217
la-patrulla-espacial,La Patrulla Espacial,2,0.00032,0.00071,1e-05,0.00027,19
la-pecosa-blues-band,La Pecosa Blues Band,2,0.00032,0.00013,0.00205,0.00013,7
la-peloncha,La Peloncha,0,0.0,0,0.0,4e-05,2218
la-peluca,La Peluca,1,0.00016,0,0.0,0.00028,102
la-peluca-rabiosa,La Peluca Rabiosa,1,0.00016,0,0.0,0.00028,102
la-pena-pop,La Peña Pop,5,0.00081,0.00058,0.01057,0.00034,0
la-percanta,La Percanta,0,0.0,0,0.0,4e-05,2219
la-perla-irregular,La perla irregular,6,0.00097,0.00264,0.0011,0.00041,12
la-perra-que-los-pario,La Perra Que Los Parió,6,0.00097,0.00362,0.00541,0.00037,0
la-petisa,La Petisa,1,0.00016,0,0.0,0.00028,103
la-petrolera-boogie-band,La Petrolera Boogie Band,2,0.00032,4e-05,0.00187,0.00012,5
la-picada,La Picada,0,0.0,0,0.0,4e-05,2220
la-pierna-de-nestor,La Pierna de Néstor,0,0.0,0,0.0,4e-05,2221
la-piruchos-bondis-band,La Pirucho’s Bondis Band,0,0.0,0,0.0,4e-05,2222
la-pitusa,La Pitusa,0,0.0,0,0.0,4e-05,2223
la-planta-reggae,La Planta Reggae,0,0.0,0,0.0,4e-05,2224
la-ponderosa,La Ponderosa,0,0.0,0,0.0,4e-05,2225
la-porra,La Porra,0,0.0,0,0.0,4e-05,2226
la-portuaria,La Portuaria,20,0.00323,0.00635,0.04701,0.00103,2
la-posta,La Posta,6,0.00097,0.0035,0.00562,0.00039,0
la-potoca,La Potoca,0,0.0,0,0.0,4e-05,2227
la-primera-especie,La Primera Especie,0,0.0,0,0.0,4e-05,2228
la-propina,La Propina,1,0.00016,0,0.0,0.00028,104
la-pulposa,La Pulposa,0,0.0,0,0.0,4e-05,2229
las-papas,Las Papas,1,0.00016,0,0.0,0.00022,51
las-pastillas-del-abuelo,Las Pastillas del Abuelo,24,0.00388,0.01136,0.0092,0.00142,3
las-patas-de-kunfu,Las Patas de KunFú,0,0.0,0,0.0,4e-05,2230
las-pelotas,Las Pelotas,67,0.01083,0.04066,0.05952,0.00377,0
las-pinas,Las Piñas,0,0.0,0,0.0,4e-05,2231
las-plantas-de-shiva,Las Plantas de Shiva,0,0.0,0,0.0,4e-05,2232
las-plantas-no-pecan,Las Plantas No Pecan,5,0.00081,0.00119,0.00076,0.00034,0
los-padrinos,Los Padrinos,2,0.00032,0.00015,0.00159,0.00014,0
los-pakidermos,Los Pakidermos,0,0.0,0,0.0,4e-05,2233
los-pardos,Los Pardos,0,0.0,0,0.0,4e-05,2234
los-perales,Los Perales,0,0.0,0,0.0,4e-05,2235
los-perdedores-pop,Los Perdedores Pop,1,0.00016,0.0,0.00016,0.00011,0
los-perez-garcia,Los Pérez García,3,0.00048,0.00269,0.01048,0.00022,3
los-pericos,Los Pericos,39,0.0063,0.01766,0.04578,0.00182,0
los-perros,Los Perros,9,0.00145,0.00072,0.03363,0.00039,1
los-peyotes,Los Peyotes,3,0.00048,0.00045,0.00092,0.0002,3
los-pichones,Los Pichones,3,0.00048,0.00047,0.00048,0.0002,15
los-pick-ups,Los Pick Ups,2,0.00032,0.00036,0.00013,0.00021,1
los-pillos,Los Pillos,6,0.00097,0.00068,0.00951,0.00029,4
los-pinguinos,Los Pingüinos,6,0.00097,0.00273,0.01522,0.00032,1
los-pinguos,Los Pinguos,0,0.0,0,0.0,4e-05,2236
los-piojos,Los Piojos,47,0.0076,0.02587,0.05353,0.00258,0
los-planos,Los Planos,4,0.00065,0.00035,0.0016,0.00024,9
los-platillos-voladores,Los Platillos Voladores,3,0.00048,0.00071,0.00285,0.00031,0
los-politicos,Los Políticos,1,0.00016,0.0,0.00114,0.0001,15
los-primitivos,Los Primitivos,0,0.0,0,0.0,4e-05,2237
los-primos,Los Primos,2,0.00032,0.00014,2e-05,0.00023,21
los-pulgones,Los Pulgones,4,0.00065,0.00012,0.00707,0.00024,5
los-pus,Los Pus,0,0.0,0,0.0,4e-05,2238
luca-prodan,Luca Prodan,14,0.00226,0.00558,0.04352,0.00066,0
lucy-patane,Lucy Patané,2,0.00032,0.0,0.0001,0.00019,9
lucy-patane-2,Lucy Patané,5,0.00081,0.0006,0.00092,0.00041,9
mariana-paraway,Mariana Päraway,2,0.00032,6e-05,0.00034,0.00016,8
mariana-pellegrino,Mariana Pellegrino,0,0.0,0,0.0,4e-05,2239
marianela-pelzmajer,Marianela Pelzmajer,1,0.00016,0.0,0.00077,0.00012,2
mariano-prover,Mariano Prover,1,0.00016,0,0.0,0.00022,46
martin-pastor,Martín Pastor,1,0.00016,0.0,0.00116,8e-05,5
maxi-pardo,Maxi Pardo,2,0.00032,7e-05,0.00507,0.00012,2
maxi-prietto,Maxi Prietto,1,0.00016,0.0,7e-05,0.0001,11
mi-paracaidas,Mi Paracaídas,2,0.00032,0.00036,0.0,0.00027,8
michel-peyronel,Michel Peyronel,13,0.0021,0.00232,0.02154,0.00064,15
milhouse-palacios,Milhouse Palacios,2,0.00032,0.00036,7e-05,0.00023,0
monica-posse,Mónica Posse,0,0.0,0,0.0,4e-05,2240
nahuel-piscitelli,Nahuel Piscitelli,2,0.00032,0.00036,1e-05,0.00032,3
nicolas-pauls,Nicolás Pauls,5,0.00081,0.00508,0.00309,0.00047,3
pels,P.E.L.S.,0,0.0,0,0.0,4e-05,2241
planta,P.L.A.N.T.A.,0,0.0,0,0.0,4e-05,2242
paella-virgen,Pa’ella virgen,1,0.00016,0.0,0.00011,0.0001,0
pablo-el-enterrador,Pablo el Enterrador,2,0.00032,0.0,0.00525,0.00016,1
pacha-santa,Pacha Santa,1,0.00016,0,0.0,0.00028,105
pachuco-cadaver,Pachuco Cadáver,4,0.00065,0.00013,0.0052,0.00019,0
pacientes-de-la-noche,Pacientes de la noche,0,0.0,0,0.0,4e-05,2243
pacifico,Pacífico,2,0.00032,9e-05,0.00034,0.00014,1
padre,Padre,4,0.00065,0.00038,0.00584,0.00021,10
padre-virgen,Padre Virgen,0,0.0,0,0.0,4e-05,2244
paisajes-tragicos,Paisajes Trágicos,1,0.00016,0.0,4e-05,0.00013,2
pajarito-band,Pajarito Band!,0,0.0,0,0.0,4e-05,2245
pajarito-zaguri,Pajarito Zaguri,15,0.00242,0.00417,0.02077,0.00081,5
pajaro-de-fuego,Pájaro de Fuego,1,0.00016,0.0,0.00029,0.00014,9
pajaro-diablo,Pájaro Diablo,0,0.0,0,0.0,4e-05,2246
pajaro-inflamable,Pájaro Inflamable,1,0.00016,0.0,0.01035,8e-05,1
pajaros,Pájaros,0,0.0,0,0.0,4e-05,2247
pajaros-de-plomo,Pájaros de plomo,1,0.00016,0,0.0,0.00022,52
palangueto,Palangueto,0,0.0,0,0.0,4e-05,2248
palestina,Palestina,0,0.0,0,0.0,4e-05,2249
paliza,Paliza,4,0.00065,0.00277,0.00661,0.00024,0
palo-borracho,Palo Borracho,0,0.0,0,0.0,4e-05,2250
palo-pandolfo,Palo Pandolfo,32,0.00517,0.01425,0.03802,0.00152,6
palta-and-the-mood,Palta and the mood,0,0.0,0,0.0,4e-05,2251
pamela-jones,Pamela Jones,0,0.0,0,0.0,4e-05,2252
pampa,Pampa,0,0.0,0,0.0,4e-05,2253
pampa-yakuza,Pampa Yakuza,6,0.00097,0.00133,0.00366,0.0004,3
pampas-electricas,Pampas eléctricas,4,0.00065,0.0002,0.00719,0.00019,3
pan-de-reyes,Pan de Reyes,0,0.0,0,0.0,4e-05,2254
panda-elliot,Panda Elliot,2,0.00032,0,0.0,0.0004,48
pangeanos,PanGeaNos,1,0.00016,0.0,0.00123,0.0001,4
panico-ramirez,Pánico Ramírez,4,0.00065,0.0001,0.00476,0.00022,2
pantaleon-y-la-440,Pantaleón y la 440,0,0.0,0,0.0,4e-05,2255
panza,Panza,7,0.00113,0.0017,0.02501,0.00041,9
papando-moscas,Papando moscas,0,0.0,0,0.0,4e-05,2256
papas-ni-pidamos,Papas ni pidamos,4,0.00065,0.00019,0.00498,0.0002,0
pappo,Pappo,45,0.00727,0.02056,0.07721,0.00206,1
pappos-blues,Pappo’s Blues,30,0.00485,0.00689,0.04147,0.00141,1
paquete-de-tres,Paquete de tres,0,0.0,0,0.0,4e-05,2257
par-ka,Par-ka,0,0.0,0,0.0,4e-05,2258
para-exotica,Para Exótica,0,0.0,0,0.0,4e-05,2259
paracaidas,Paracaidas,0,0.0,0,0.0,4e-05,2260
paradisco,Paradisco,0,0.0,0,0.0,4e-05,2261
parador-22,Parador 22,0,0.0,0,0.0,4e-05,2262
paraleia,Paraleia,0,0.0,0,0.0,4e-05,2263
paralelo-b,Paralelo B,2,0.00032,0,0.0,0.0004,49
paramo,Páramo,0,0.0,0,0.0,4e-05,2264
paranoia,Paranoia,2,0.00032,0,0.0,0.00037,37
paranoia-2,Paranoia,0,0.0,0,0.0,4e-05,2265
parapipou,Parapipou,0,0.0,0,0.0,4e-05,2266
parda-la-mejor,Parda la mejor,0,0.0,0,0.0,4e-05,2267
parientes,Parientes,2,0.00032,2e-05,0.00263,0.00013,3
pario-la-choca,Parió la Choca,2,0.00032,0.0001,0.00206,0.00015,5
paris,París,2,0.00032,8e-05,0.00239,0.00013,8
paris-1980,París 1980,1,0.00016,0.0,0.00034,9e-05,0
paris-paris-musique,París París Musique,4,0.00065,0.00042,0.0036,0.00024,2
parlantes,Parlantes,0,0.0,0,0.0,4e-05,2268
parque-fantasma,Parque Fantasma,0,0.0,0,0.0,4e-05,2269
parque-montana,Parque Montaña,0,0.0,0,0.0,4e-05,2270
parralenos,Parraleños,5,0.00081,0.0001,0.0126,0.00022,4
parte-del-asunto,Parte del Asunto,2,0.00032,0.00022,0.00217,0.00012,7
parte-del-resto,Parte del Resto,0,0.0,0,0.0,4e-05,2271
parte-victoria,Parte Victoria,0,0.0,0,0.0,4e-05,2272
parteplaneta,Parteplaneta,0,0.0,0,0.0,4e-05,2273
pasado-verde,Pasado Verde,0,0.0,0,0.0,4e-05,2274
pasando-hambre,Pasando hambre,0,0.0,0,0.0,4e-05,2275
pasaporte,Pasaporte,0,0.0,0,0.0,4e-05,2276
pasaporte-lunar,Pasaporte lunar,1,0.00016,0.0,0.00166,8e-05,2
pascow,Pascow,0,0.0,0,0.0,4e-05,2277
paso-cebra,Paso Cebra,2,0.00032,0,0.0,0.0004,59
pasos-perdidos,Pasos perdidos,1,0.00016,0.0,2e-05,0.00013,3
pastilla-vainilla,Pastilla vainilla,0,0.0,0,0.0,4e-05,2278
pasto-verde,Pasto verde,0,0.0,0,0.0,4e-05,2279
pastoral,Pastoral,9,0.00145,0.00293,0.04333,0.00048,1
pat-coria-y-los-susceptibles,Pat Coria y Los Susceptibles,3,0.00048,1e-05,0.00464,0.00015,2
patada-de-loco,Patada de loco,0,0.0,0,0.0,4e-05,2280
patadas-voladoras,Patadas voladoras,0,0.0,0,0.0,4e-05,2281
patagon,Patagon,0,0.0,0,0.0,4e-05,2282
patagonia-revelde,Patagonia Revelde,6,0.00097,0.00129,0.01701,0.00031,0
pateando-cemento,Pateando Cemento,0,0.0,0,0.0,4e-05,2283
paterimon,Paterimon,0,0.0,0,0.0,4e-05,2284
pato-a-la-naranja,Pato a la Naranja,0,0.0,0,0.0,4e-05,2285
patones,Patones,0,0.0,0,0.0,4e-05,2286
patriada,Patriada,0,0.0,0,0.0,4e-05,2287
patricio-rey-y-sus-redonditos-de-ricota,Patricio Rey y sus Redonditos de Ricota,31,0.00501,0.00899,0.0435,0.0015,1
patrick-steve-and-the-baileys,Patrick Steve and the Baileys,1,0.00016,0,0.0,0.00028,106
patruno-y-asociados,Patruno y Asociados,0,0.0,0,0.0,4e-05,2288
payasos-de-nadie,Payasos de nadie,0,0.0,0,0.0,4e-05,2289
pecado-original,Pecado original,0,0.0,0,0.0,4e-05,2290
pecadores,Pecadores,3,0.00048,0.00123,0.00105,0.00019,0
pecera,Pecera,1,0.00016,0.0,1e-05,0.00014,24
peces-raros,Peces raros,0,0.0,0,0.0,4e-05,2291
pedro-el-ermitano,Pedro el ermitaño,5,0.00081,0.00105,0.00147,0.0003,3
pedro-y-pablo,Pedro y Pablo,10,0.00162,0.00092,0.00493,0.00059,5
pegaso,Pegaso,3,0.00048,0.00015,0.00645,0.00015,1
pegha,Pegha,0,0.0,0,0.0,4e-05,2292
pelado,Pelado,0,0.0,0,0.0,4e-05,2293
peladosky,Peladosky,0,0.0,0,0.0,4e-05,2294
pelea-de-gallos,Pelea de Gallos,1,0.00016,0.0,0.00021,9e-05,6
peligroso-vudu,Peligroso Vudu,0,0.0,0,0.0,4e-05,2295
peligrosos-gorriones,Peligrosos Gorriones,17,0.00275,0.00607,0.0171,0.00115,2
pelton,Pelton,0,0.0,0,0.0,4e-05,2296
pelvis,Pelvis,9,0.00145,0.00131,0.01811,0.00038,1
penadas-por-la-ley,Penadas por la ley,0,0.0,0,0.0,4e-05,2297
pensar-o-morir,Pensar o Morir,0,0.0,0,0.0,4e-05,2298
peperi-partum,Peperi Partum,0,0.0,0,0.0,4e-05,2299
pequena-eloisa,Pequeña Eloisa,0,0.0,0,0.0,4e-05,2300
pequena-orquesta-de-trovadores,Pequeña Orquesta de Trovadores,0,0.0,0,0.0,4e-05,2301
pequena-orquesta-reincidentes,Pequeña Orquesta Reincidentes,3,0.00048,3e-05,0.00201,0.00016,6
percobarocho,Percobarocho,0,0.0,0,0.0,4e-05,2302
perdon-amadeus,Perdón Amadeus,0,0.0,0,0.0,4e-05,2303
perdon-musica,Perdón Música,0,0.0,0,0.0,4e-05,2304
perez,Perez,0,0.0,0,0.0,4e-05,2305
perez-and-company,Perez & Company,0,0.0,0,0.0,4e-05,2306
periplo,Periplo,0,0.0,0,0.0,4e-05,2307
perlas-tus-ojos,Perlas tus ojos,0,0.0,0,0.0,4e-05,2308
perota-chingo,Perotá Chingó,3,0.00048,0.0002,0.00048,0.00023,9
perpetua,Perpetua,0,0.0,0,0.0,4e-05,2309
perra-negra,Perra Negra,0,0.0,0,0.0,4e-05,2310
perras-on-the-beach,Perras on the Beach,3,0.00048,0.00271,0.00068,0.00034,2
perro-e-sulky,Perro ‘e Sulky,0,0.0,0,0.0,4e-05,2311
perro-ciego,Perro Ciego,18,0.00291,0.01455,0.03335,0.00085,0
perro-loco,Perro Loco,0,0.0,0,0.0,4e-05,2312
perros-de-calle,Perros de Calle,0,0.0,0,0.0,4e-05,2313
perros-locos,Perros Locos,0,0.0,0,0.0,4e-05,2314
perros-prodigios,Perros Prodigios,0,0.0,0,0.0,4e-05,2315
perros-sucios,Perros sucios,0,0.0,0,0.0,4e-05,2316
persona,Persona,0,0.0,0,0.0,4e-05,2317
pertusis,Pertusis,0,0.0,0,0.0,4e-05,2318
pescadas,Pescadas,0,0.0,0,0.0,4e-05,2319
pescado-rabioso,Pescado Rabioso,33,0.00533,0.00795,0.05745,0.00159,1
pestagna,Pestagna,0,0.0,0,0.0,4e-05,2320
peter-pank-y-los-chicos-perdidos,Peter Pank y los chicos perdidos,1,0.00016,0.0,0.00024,0.0001,3
petit-mort,Petit Mort,1,0.00016,0.0,3e-05,0.0001,12
pez,Pez,14,0.00226,0.0056,0.02617,0.00084,0
pez-dorado-trio,Pez Dorado Trío,0,0.0,0,0.0,4e-05,2321
pezdragon,Pezdragon,0,0.0,0,0.0,4e-05,2322
pezones-cardozo,Pezones Cardozo,7,0.00113,0.0047,0.00437,0.00045,0
ph-pampa,PH Pampa,0,0.0,0,0.0,4e-05,2323
phantom-club,Phantom Club,1,0.00016,0.0,0.00311,7e-05,1
phonalex,Phonalex,1,0.00016,0,0.0,0.00028,107
pibes-lights,Pibes Lights,0,0.0,0,0.0,4e-05,2324
picaporters,Picaporters,2,0.00032,0.00019,0.00292,0.00013,7
picaro-mostris,Pícaro Mostris,0,0.0,0,0.0,4e-05,2325
pictus,Pictus,4,0.00065,0.00071,0.00089,0.00033,17
piel-de-jabali,Piel de jabalí,0,0.0,0,0.0,4e-05,2326
piel-de-judas,Piel de Judas,1,0.00016,0.0,0.00286,8e-05,2
piel-de-pueblo,Piel de Pueblo,2,0.00032,0.00036,0.00101,0.00015,5
pier,Pier,5,0.00081,0.00038,0.00912,0.00023,1
piercing,Piercing,0,0.0,0,0.0,4e-05,2327
piero,Piero,3,0.00048,5e-05,0.01462,0.00014,1
pil-trafa,Pil Trafa,6,0.00097,0.00081,0.00394,0.00039,15
pil-y-los-violadores-de-la-ley,Pil y los Violadores de la Ley,4,0.00065,5e-05,0.00298,0.00021,15
pilotos,Pilotos,1,0.00016,0.0,0.01476,8e-05,1
pilsen,Pilsen,4,0.00065,0.00011,0.01247,0.00028,15
pin-paragolfico,Pin Paragólfico,0,0.0,0,0.0,4e-05,2328
pinguinos-explosivos,Pingüinos explosivos,0,0.0,0,0.0,4e-05,2329
pink-wasted,Pink Wasted,0,0.0,0,0.0,4e-05,2330
pinkat,Pinkat,0,0.0,0,0.0,4e-05,2331
pino,Pino,0,0.0,0,0.0,4e-05,2332
pinta-bien,Pinta bien,0,0.0,0,0.0,4e-05,2333
pipas-rhum,Pipas Rhum,3,0.00048,0.00036,0.00165,0.00026,7
piquete-de-ojos,Piquete de ojos,8,0.00129,0.00155,0.00506,0.00046,0
piquijeans,Piquijeans,0,0.0,0,0.0,4e-05,2334
pirexia,Pirexia,0,0.0,0,0.0,4e-05,2335
pirogenesis,Pirogénesis,0,0.0,0,0.0,4e-05,2336
pista-2,Pista 2,1,0.00016,0.0,1e-05,0.00013,16
piter-funk,Piter Funk,5,0.00081,0.00348,0.00532,0.00036,8
pixel,Pixel,2,0.00032,0.00036,0.00061,0.0002,3
pj-rose,PJ Rose,0,0.0,0,0.0,4e-05,2337
placard,Placard,4,0.00065,0.00055,0.00309,0.0003,12
placer,Placer,2,0.00032,1e-05,0.00137,0.00013,15
plagio,Plagio,0,0.0,0,0.0,4e-05,2338
plan-4,Plan 4,4,0.00065,4e-05,0.00035,0.00029,16
plan-be,Plan Be,1,0.00016,0.0,0.00075,9e-05,3
plan-v,Plan V,4,0.00065,0.00037,0.01612,0.00025,2
planeador-lux,Planeador Lux,0,0.0,0,0.0,4e-05,2339
planeta-skavio,Planeta Skavio,0,0.0,0,0.0,4e-05,2340
plastic-fever,Plastic fever,3,0.00048,0.00021,0.00083,0.00019,2
plasticoinevitable,Plasticoinevitable,1,0.00016,0,0.0,0.00028,108
plastilina,Plastilina,0,0.0,0,0.0,4e-05,2341
plata-quemada,Plata Quemada,0,0.0,0,0.0,4e-05,2342
platonico,Platónico,0,0.0,0,0.0,4e-05,2343
plein,Plein,0,0.0,0,0.0,4e-05,2344
plesiosaurio,Plesiosaurio,0,0.0,0,0.0,4e-05,2345
pleyades,Pléyades,0,0.0,0,0.0,4e-05,2346
plum,Plum,1,0.00016,0.0,0.00111,8e-05,2
plus,Plus,4,0.00065,0.00028,0.00498,0.00023,7
plus-rock,Plus Rock,0,0.0,0,0.0,4e-05,2347
pobaco,Pobaco,0,0.0,0,0.0,4e-05,2348
pobre-morales,Pobre Morales,0,0.0,0,0.0,4e-05,2349
poca-cosa,Poca cosa,0,0.0,0,0.0,4e-05,2350
pocavida,Pocavida,0,0.0,0,0.0,4e-05,2351
pogoma,Pogoma,0,0.0,0,0.0,4e-05,2352
poiesis,Poiesis,0,0.0,0,0.0,4e-05,2353
poker-de-ases,Poker de Ases,1,0.00016,0,0.0,0.00028,63
pol-castillo,Pol Castillo,0,0.0,0,0.0,4e-05,2354
pol-nada,Pol Nada,0,0.0,0,0.0,4e-05,2355
polainas,Polainas,0,0.0,0,0.0,4e-05,2356
polandria,Polandria,1,0.00016,0.0,0.00045,9e-05,7
polaris,Polaris,8,0.00129,0.00128,0.01662,0.0004,2
polaroid,Polaroid,2,0.00032,0.00036,0.0,0.0003,6
polaroideando,Polaroideando,0,0.0,0,0.0,4e-05,2357
polen,Polen,0,0.0,0,0.0,4e-05,2358
policromia,Policromía,0,0.0,0,0.0,4e-05,2359
polifemo,Polifemo,9,0.00145,0.00025,0.04586,0.00044,1
polifonico,Polifónico,0,0.0,0,0.0,4e-05,2360
pollerapantalon,Pollerapantalón,0,0.0,0,0.0,4e-05,2361
polmilanga,Polmilanga,3,0.00048,0.00038,0.00492,0.0002,0
polucion-nocturna,Polución nocturna,0,0.0,0,0.0,4e-05,2362
pommez-internacional,Pommez Internacional,0,0.0,0,0.0,4e-05,2363
poncho,Poncho,0,0.0,0,0.0,4e-05,2364
pop3,Pop3,1,0.00016,0.0,0.00081,9e-05,2
porco,Porco,4,0.00065,0.00042,0.00086,0.00026,9
porfiria,Porfiria,1,0.00016,0.0,0.00059,9e-05,4
pork,Pork,0,0.0,0,0.0,4e-05,2365
pornopop,Pornopop,1,0.00016,0.0,1e-05,0.00014,11
porotta,Porotta,0,0.0,0,0.0,4e-05,2366
porsuigieco,PorSuiGieco,6,0.00097,1e-05,0.04106,0.00037,1
portico,Pórtico,2,0.00032,8e-05,0.00106,0.00013,15
pory-lucsin,Pory Lucsin,0,0.0,0,0.0,4e-05,2367
posdata,Posdata,0,0.0,0,0.0,4e-05,2368
poseidotica,Poseidótica,1,0.00016,0,0.0,0.00028,109
postal-a-noruega,Postal a Noruega,1,0.00016,0.0,3e-05,0.00012,17
postdata,Postdata,0,0.0,0,0.0,4e-05,2369
poster,Poster,0,0.0,0,0.0,4e-05,2370
potra,Potra,6,0.00097,0.00363,0.00263,0.00045,11
poveglia,Poveglia,0,0.0,0,0.0,4e-05,2371
power-of-soul,Power of Soul,1,0.00016,0.0,0.00249,8e-05,0
pr1mo,PR1MO,0,0.0,0,0.0,4e-05,2372
pra-cima,Pra Cima,0,0.0,0,0.0,4e-05,2373
pragha,Pragha,0,0.0,0,0.0,4e-05,2374
prandi,Prandi,0,0.0,0,0.0,4e-05,2375
praxis,Praxis,0,0.0,0,0.0,4e-05,2376
preludio,Preludio,0,0.0,0,0.0,4e-05,2377
premier,Premier,0,0.0,0,0.0,4e-05,2378
presa-del-odio,Presa del Odio,1,0.00016,0.0,0.00061,9e-05,2
presenta-trio,Presenta Trío,0,0.0,0,0.0,4e-05,2379
presidio-54,Presidio 54,0,0.0,0,0.0,4e-05,2380
presion-cero,Presión cero,0,0.0,0,0.0,4e-05,2381
preso-comun,Preso Común,0,0.0,0,0.0,4e-05,2382
presos-de-estilo,Presos de Estilo,0,0.0,0,0.0,4e-05,2383
presto-vivace,Presto Vivace,0,0.0,0,0.0,4e-05,2384
prietto-viaja-al-cosmos-con-mariano,Prietto viaja al Cosmos con Mariano,1,0.00016,0.0,1e-05,0.00013,19
prima-limon,Prima limón,0,0.0,0,0.0,4e-05,2385
primal,Primal,2,0.00032,2e-05,0.00026,0.00014,0
primatelectrico,Primateléctrico,0,0.0,0,0.0,4e-05,2386
primera-junta,Primera Junta,0,0.0,0,0.0,4e-05,2387
primitiva,Primitiva,0,0.0,0,0.0,4e-05,2388
princesa,Princesa,1,0.00016,0,0.0,0.0002,33
princesa-soledad,Princesa Soledad,0,0.0,0,0.0,4e-05,2389
principia,Principia,0,0.0,0,0.0,4e-05,2390
principiantes,Principiantes,4,0.00065,0.00251,0.00129,0.00029,12
prismaticos,Prismáticos,1,0.00016,0.0,0.00155,9e-05,0
prive,Privé,0,0.0,0,0.0,4e-05,2391
proceso-a-ricutti,Proceso a Ricutti,3,0.00048,0.00024,0.01077,0.00018,1
profesores-de-tennis,Profesores de Tennis,0,0.0,0,0.0,4e-05,2392
profuga-de-agua,Prófuga de Agua,0,0.0,0,0.0,4e-05,2393
profugos-de-esparta,Prófugos de Esparta,0,0.0,0,0.0,4e-05,2394
prog-nois,Prog Nois,0,0.0,0,0.0,4e-05,2395
programa,Programa,0,0.0,0,0.0,4e-05,2396
propergol,Propergol,0,0.0,0,0.0,4e-05,2397
proser,ProSeR,0,0.0,0,0.0,4e-05,2398
prostitutos,Prostitutos,1,0.00016,0.0,0.00317,8e-05,4
proyecto-adn,Proyecto ADN,0,0.0,0,0.0,4e-05,2399
proyecto-alvaro,Proyecto Alvaro,0,0.0,0,0.0,4e-05,2400
proyecto-aphostol,Proyecto Aphostol,4,0.00065,0.00143,0.0,0.00057,11
proyecto-da-silva,Proyecto Da Silva,0,0.0,0,0.0,4e-05,2401
proyecto-esencial,Proyecto Esencial,3,0.00048,0.00069,0.00928,0.00016,7
proyecto-infinito,Proyecto Infinito,2,0.00032,2e-05,0.00281,0.00012,1
proyecto-lezama,Proyecto Lezama,0,0.0,0,0.0,4e-05,2402
proyecto-nacarola,Proyecto Nacarola,0,0.0,0,0.0,4e-05,2403
proyecto-quasar,Proyecto Quasar,0,0.0,0,0.0,4e-05,2404
proyecto-sirius,Proyecto Sirius,0,0.0,0,0.0,4e-05,2405
proyecto-verdi,Proyecto Verdi,0,0.0,0,0.0,4e-05,2406
proyecto-verona,Proyecto Verona,10,0.00162,0.00378,0.01284,0.00053,2
prunos,Prunos,0,0.0,0,0.0,4e-05,2407
psicarios,Psicarios,0,0.0,0,0.0,4e-05,2408
psicotico,Psicótico,0,0.0,0,0.0,4e-05,2409
psicotraccion,Psicotracción,4,0.00065,0.00277,9e-05,0.00037,10
psicovendetta,Psicovendetta,1,0.00016,0.0,0.00667,8e-05,2
psiquis,Psiquis,0,0.0,0,0.0,4e-05,2410
psycho,Psycho,0,0.0,0,0.0,4e-05,2411
psychotoxic,Psychotoxic,0,0.0,0,0.0,4e-05,2412
puar,Puar,0,0.0,0,0.0,4e-05,2413
pucha-che,Pucha che!,0,0.0,0,0.0,4e-05,2414
pueblo-mestizo,Pueblo mestizo,0,0.0,0,0.0,4e-05,2415
puede-ser-peor,Puede ser peor,1,0.00016,0.0,0.00035,9e-05,0
puel-kona,Puel Kona,1,0.00016,0.0,0.00107,9e-05,0
puente-celeste,Puente Celeste,3,0.00048,9e-05,0.00062,0.00019,9
puerkoespin,Puerkoespin,0,0.0,0,0.0,4e-05,2416
puerta-3,Puerta 3,1,0.00016,0,0.0,0.00028,110
puerto-infinito,Puerto Infinito,10,0.00162,0.00412,0.00405,0.00054,9
puerto-maluco,Puerto Maluco,0,0.0,0,0.0,4e-05,2417
puesto-en-marte,Puesto en Marte,0,0.0,0,0.0,4e-05,2418
puf,Puf,1,0.00016,0.0,0.00051,0.0001,1
pulpo-negro,Pulpo Negro,1,0.00016,0.0,9e-05,0.0001,8
pulpos-en-el-parque,Pulpos en el parque,0,0.0,0,0.0,4e-05,2419
pulsar,Pulsar,1,0.00016,0.0,1e-05,0.00014,18
pulsion,Pulsión,0,0.0,0,0.0,4e-05,2420
pulso,Pulso,0,0.0,0,0.0,4e-05,2421
pulsonica,Pulsónica,0,0.0,0,0.0,4e-05,2422
pum,PUM,0,0.0,0,0.0,4e-05,2423
punch,Punch,5,0.00081,9e-05,0.00405,0.00033,5
punga-pisanlov,Punga Pisanlov,0,0.0,0,0.0,4e-05,2424
punto-cruz,Punto Cruz,0,0.0,0,0.0,4e-05,2425
punto-g,Punto G,2,0.00032,0.0002,0.00076,0.00016,5
puntogama,Puntogama,0,0.0,0,0.0,4e-05,2426
puppa,Puppa,0,0.0,0,0.0,4e-05,2427
pura,Pura,0,0.0,0,0.0,4e-05,2428
purasangre,Purasangre,2,0.00032,0.0,0.00079,0.00013,7
purma,Purma,0,0.0,0,0.0,4e-05,2429
puro-ello,Puro ello,0,0.0,0,0.0,4e-05,2430
purple-house,Purple House,4,0.00065,0.00083,0.016,0.00021,2
purpura,Púrpura,1,0.00016,0.0,0.00132,0.00012,1
pushit,Pushit,2,0.00032,0.00025,0.01094,0.00013,14
pyramides,Pyramides,2,0.00032,0,0.0,0.0004,57
raul-porchetto,Raúl Porchetto,24,0.00388,0.00284,0.08479,0.00104,1
ricardo-pegnotti,Ricardo Pegnotti,4,0.00065,0.00057,0.00475,0.00024,17
roberto-pettinato,Roberto Pettinato,9,0.00145,0.00113,0.00907,0.00049,0
rocco-posca,Rocco Posca,1,0.00016,0.0,0.01025,8e-05,1
roman-pagura,Román Pagura,0,0.0,0,0.0,4e-05,2431
sebastian-persini,Sebastián Persini,0,0.0,0,0.0,4e-05,2432
simon-poxyran,Simón Poxyran,2,0.00032,0.00036,3e-05,0.00029,2
sol-pereyra,Sol Pereyra,3,0.00048,0.00036,0.00056,0.0003,2
the-pelos,The Pelos,5,0.00081,0.00081,0.01219,0.00033,12
the-plethora-project,The Plethora Project,0,0.0,0,0.0,4e-05,2433
the-pocamadre,The Pocamadre,2,0.00032,3e-05,0.00087,0.00013,5
el-quijote,El Quijote,0,0.0,0,0.0,4e-05,2434
la-que-faltaba,La Que Faltaba,2,0.00032,0.00036,0.00256,0.0002,0
la-quimera,La Quimera,2,0.00032,0.0001,0.00374,0.00013,4
los-que-nunca-dejaron,Los que nunca dejaron,5,0.00081,0.00109,0.00391,0.00028,7
qacelga,Q’Acelga?,3,0.00048,0.00012,0.00276,0.00018,0
qi,Qi,0,0.0,0,0.0,4e-05,2435
qome,Qome,0,0.0,0,0.0,4e-05,2436
quasilaformosis,Quasilaformosis,0,0.0,0,0.0,4e-05,2437
que,Que,0,0.0,0,0.0,4e-05,2438
que-bien-que-te-queda,Qué bien que te queda,0,0.0,0,0.0,4e-05,2439
quebraditos,Quebraditos,0,0.0,0,0.0,4e-05,2440
quebrantahuesos,Quebrantahuesos,3,0.00048,3e-05,0.0024,0.00018,0
quedate-asi,Quedate así,7,0.00113,0.00129,0.00395,0.0004,4
queimada,Queimada,0,0.0,0,0.0,4e-05,2441
quemacoches,Quemacoches,0,0.0,0,0.0,4e-05,2442
quemar,Quemar,1,0.00016,0.0,7e-05,9e-05,7
queridas,Queridas,2,0.00032,0.00236,0.0,0.00029,13
quienes-somos,Quiénes somos,1,0.00016,0.0,0.0009,0.0001,0
quiero-a-tu-madre,Quiero a tu madre,2,0.00032,0,0.0,0.0004,50
quiero-vale-3,Quiero Vale 3,1,0.00016,0,0.0,0.00028,111
quiero-vale-3-2,Quiero Vale 3,1,0.00016,0,0.0,0.00028,111
quijotes,Quijotes,0,0.0,0,0.0,4e-05,2443
quinteplus,Quinteplus,0,0.0,0,0.0,4e-05,2444
andres-rolando,Andrés Rolando,0,0.0,0,0.0,4e-05,2445
andres-ruiz,Andrés Ruiz,7,0.00113,0.00418,0.02634,0.00037,1
antonio-tano-romano,Antonio Tano Romano,5,0.00081,0.00384,0.00146,0.00038,0
ariel-rot,Ariel Rot,5,0.00081,5e-05,0.02491,0.00032,1
barbi-recanati,Barbi Recanati,3,0.00048,0.00055,0.00119,0.00026,14
charly-rodriguez,Charly Rodríguez,0,0.0,0,0.0,4e-05,2446
christian-roth,Christian Roth,1,0.00016,0.0,0.0002,9e-05,2
cristobal-repetto,Cristóbal Repetto,23,0.00372,0.0047,0.05765,0.00093,1
daniel-rodrigues,Daniel Rodrígues,1,0.00016,0,0.0,0.00028,112
eduardo-rogatti,Eduardo Rogatti,7,0.00113,0.00073,0.01804,0.00038,1
el-rayo-verde,El Rayo Verde,0,0.0,0,0.0,4e-05,2447
el-regreso,El Regreso,21,0.00339,0.00399,0.01538,0.00104,4
el-regreso-del-coelacanto,El Regreso del Coelacanto,3,0.00048,0.00347,0.0109,0.0002,4
el-reino,El Reino,4,0.00065,0.00329,0.00074,0.0004,8
el-relieve-del-mundo,El Relieve del Mundo,0,0.0,0,0.0,4e-05,2448
el-reloj,El Reloj,7,0.00113,0.00041,0.01629,0.00036,1
el-remolon,El Remolón,0,0.0,0,0.0,4e-05,2449
el-resto,El Resto,0,0.0,0,0.0,4e-05,2450
el-resto-2,El Resto,1,0.00016,0.0,0.0,0.00014,4
el-resto-3,El Resto,0,0.0,0,0.0,4e-05,2451
el-rey-manda,El Rey manda,0,0.0,0,0.0,4e-05,2452
el-rey-yo,El Rey Yo,1,0.00016,0.0,1e-05,0.00013,13
el-rio-sabe,El Río Sabe,1,0.00016,0,0.0,0.00028,113
el-rito,El Rito,0,0.0,0,0.0,4e-05,2453
el-robot-bajo-el-agua,El Robot bajo el agua,2,0.00032,0.0,0.0,0.00021,6
esteban-recio,Esteban Recio,0,0.0,0,0.0,4e-05,2454
fernando-ruiz-diaz,Fernando Ruíz Díaz,9,0.00145,0.00101,0.01114,0.00043,3
fernando-rusconi,Fernando Rusconi,0,0.0,0,0.0,4e-05,2455
florencia-ruiz,Florencia Ruiz,5,0.00081,0.00246,0.00119,0.00033,0
gabriel-rotbaum,Gabriel Rotbaum,0,0.0,0,0.0,4e-05,2456
gerardo-toto-rotblat,Gerardo Toto Rotblat,3,0.00048,0.0001,0.0038,0.00024,0
german-reynoso,Germán Reynoso,0,0.0,0,0.0,4e-05,2457
giuliano-romagnoli,Giuliano Romagnoli,7,0.00113,0.00619,0.00099,0.00062,14
gustavo-rowek,Gustavo Rowek,19,0.00307,0.00461,0.00477,0.00103,7
hector-rodriguez,Héctor Rodriguez,0,0.0,0,0.0,4e-05,2458
juan-pablo-tuti-ruggiero,Juan Pablo Tuti Ruggiero,0,0.0,0,0.0,4e-05,2459
juan-pollo-raffo,Juan Pollo Raffo,4,0.00065,0.00043,0.00069,0.00031,6
juan-ravioli,Juan Ravioli,12,0.00194,0.00428,0.00704,0.00077,0
julieta-rada,Julieta Rada,2,0.00032,3e-05,0.00073,0.00015,7
julieta-rimoldi,Julieta Rimoldi,0,0.0,0,0.0,4e-05,2460
la-rayada,La Rayada,6,0.00097,0.00066,0.00584,0.00031,3
la-recalcada,La Recalcada,0,0.0,0,0.0,4e-05,2461
la-renga,La Renga,52,0.00841,0.03587,0.05433,0.00291,0
la-resaca-bohemia,La Resaca Bohemia,2,0.00032,1e-05,0.00287,0.00013,16
la-resistencia,La Resistencia,2,0.00032,0.00236,0.00013,0.00024,5
la-rimanblu,La Rimanblu,1,0.00016,0.0,0.00258,8e-05,1
la-rocka,La Rocka,1,0.00016,0.0,0.00012,0.0001,7
la-rollinga,La Rollinga,1,0.00016,0.0,8e-05,0.00012,1
la-roque,La Roque,1,0.00016,0.0,0.00461,7e-05,1
la-rosa-de-cobre,La Rosa de Cobre,0,0.0,0,0.0,4e-05,2462
la-rosca,La Rosca,0,0.0,0,0.0,4e-05,2463
la-rotonda,La Rotonda,0,0.0,0,0.0,4e-05,2464
la-rusa,La Rusa,2,0.00032,0.0001,0.00215,0.00014,7
las-rolas,Las Rolas,0,0.0,0,0.0,4e-05,2465
las-rotten,Las Rotten,0,0.0,0,0.0,4e-05,2466
las-ruinas-circulares,Las Ruinas Circulares,0,0.0,0,0.0,4e-05,2467
laura-ros,Laura Ros,3,0.00048,1e-05,0.01047,0.00014,1
leandro-rostein,Leandro Rostein,3,0.00048,0.00038,0.0013,0.00021,4
los-rancheros,Los Rancheros,9,0.00145,0.00096,0.02373,0.00044,3
los-raticida,Los Raticida,0,0.0,0,0.0,4e-05,2468
los-ratones-paranoicos,Los Ratones Paranoicos,40,0.00647,0.02466,0.07427,0.0019,4
los-readymade,Los Readymade,0,0.0,0,0.0,4e-05,2469
los-removedores,Los Removedores,0,0.0,0,0.0,4e-05,2470
los-reyes-del-falsete,Los Reyes del Falsete,3,0.00048,0.00172,0.00328,0.00021,13
los-robertones,Los Robertones,4,0.00065,2e-05,0.00754,0.00021,1
los-rodriguez,Los Rodríguez,5,0.00081,1e-05,0.03351,0.00027,1
los-romeos,Los Romeos,8,0.00129,0.00333,0.00903,0.00052,6
los-rusos-hijos-de-puta,Los Rusos Hijos de Puta,1,0.00016,0,0.0,0.00028,114
lu-ramos,Lu Ramos,0,0.0,0,0.0,4e-05,2471
luis-robinson,Luis Robinson,16,0.00259,0.00272,0.01328,0.00087,5
marcelo-roascio,Marcelo Roascio,5,0.00081,0.00072,0.00124,0.00033,10
marilina-ross,Marilina Ross,2,0.00032,0.0,0.00113,0.00012,1
martin-rivero,Martín Rivero,3,0.00048,0.00164,0.00041,0.00021,3
martin-rodriguez,Martín Rodríguez,1,0.00016,0,0.0,0.00028,109
nacho-rodriguez,Nacho Rodríguez,4,0.00065,0.00077,0.00082,0.00031,13
rudy,Pamela Rudy,1,0.00016,0.0,4e-05,0.00013,8
paula-remis,Paula Remis,0,0.0,0,0.0,4e-05,2472
rcm,R.C.M.,8,0.00129,0.00046,0.00761,0.00036,1
rey-kanibal,R.E.Y. Kaníbal,1,0.00016,0.0,6e-05,0.00011,3
rack,Rack,0,0.0,0,0.0,4e-05,2473
rada-malosetti,Rada / Malosetti,2,0.00032,3e-05,0.00304,0.00012,5
radiales,Radiales,0,0.0,0,0.0,4e-05,2474
radical-radio,Radical Radio,2,0.00032,0.00036,8e-05,0.00021,0
radiestesia,Radiestesia,0,0.0,0,0.0,4e-05,2475
radio-chango,Radio Chango,0,0.0,0,0.0,4e-05,2476
radio-magma,Radio Magma,0,0.0,0,0.0,4e-05,2477
radio-roots,Radio Roots,2,0.00032,1e-05,0.00063,0.00014,0
radio-tribuna,Radio Tribuna,0,0.0,0,0.0,4e-05,2478
radiosesion,Radiosesión,0,0.0,0,0.0,4e-05,2479
rael,Rael,0,0.0,0,0.0,4e-05,2480
ragazzas,Ragazzas,0,0.0,0,0.0,4e-05,2481
raices,Raíces,7,0.00113,0.00049,0.0336,0.00031,1
rainher,RainHer,2,0.00032,0.00577,0.00082,0.00018,4
raivan-perez,Raivan Perez,1,0.00016,0.0,0.0085,8e-05,2
raiz,Raíz,5,0.00081,0.00159,0.00262,0.00034,16
raizarbol,RaizArbol,1,0.00016,0.0,0.00138,9e-05,1
ram-venus,Ram Venus,1,0.00016,0.0,8e-05,0.0001,9
rama-y-the-surikats,Rama & The Surikats,0,0.0,0,0.0,4e-05,2482
ramadam,Ramadam,0,0.0,0,0.0,4e-05,2483
rambler,Rambler,1,0.00016,0,0.0,0.00028,115
ramera,Ramera,0,0.0,0,0.0,4e-05,2484
ramset,Ramset,0,0.0,0,0.0,4e-05,2485
ranas-toro,Ranas Toro,1,0.00016,0.0,0.00074,8e-05,7
random,Random,0,0.0,0,0.0,4e-05,2486
random-blue,Random Blue,1,0.00016,0.0,0.00015,0.00012,0
rapaz,Rapaz,2,0.00032,0,0.0,0.00037,37
raptor,Raptor,0,0.0,0,0.0,4e-05,2487
rara-avis,Rara Avis,0,0.0,0,0.0,4e-05,2488
ras-dipi,Ras Dipi,0,0.0,0,0.0,4e-05,2489
rastro,Rastro,0,0.0,0,0.0,4e-05,2490
rata-blanca,Rata Blanca,39,0.0063,0.02033,0.01544,0.0022,7
ratola,Ratola,5,0.00081,0.00034,0.0067,0.00024,10
rayo-x,Rayo X,0,0.0,0,0.0,4e-05,2491
rayos-catriel,Rayos Catriel,0,0.0,0,0.0,4e-05,2492
rayos-laser,Rayos Láser,0,0.0,0,0.0,4e-05,2493
rayuela,Rayuela,0,0.0,0,0.0,4e-05,2494
raza-heroica,Raza Heroica,0,0.0,0,0.0,4e-05,2495
raza-truncka,Raza Truncka,0,0.0,0,0.0,4e-05,2496
raza-urbana,Raza urbana,6,0.00097,0.00096,0.00372,0.00036,3
razas-que-amenazan,Razas que amenazan,0,0.0,0,0.0,4e-05,2497
razones-concientes,Razones Concientes,2,0.00032,0.0,0.00028,0.00015,0
razz,Razz,0,0.0,0,0.0,4e-05,2498
rc,RC,0,0.0,0,0.0,4e-05,2499
reaccion,Reacción,0,0.0,0,0.0,4e-05,2500
reaccion-ekis,Reacción Ekis,0,0.0,0,0.0,4e-05,2501
ready-set-go,"Ready, set, go!",0,0.0,0,0.0,4e-05,2502
reales,Reales,0,0.0,0,0.0,4e-05,2503
recios-renses,Recios Renses,0,0.0,0,0.0,4e-05,2504
recoveko,Recoveko,0,0.0,0,0.0,4e-05,2505
recuerda-que-moriras,Recuerda que morirás,0,0.0,0,0.0,4e-05,2506
redd,Redd,0,0.0,0,0.0,4e-05,2507
redimi2-gospel,Redimi2 Gospel,0,0.0,0,0.0,4e-05,2508
refuggio,Refuggio,1,0.00016,0.0,0.00045,9e-05,3
reggae-rockers,Reggae Rockers,3,0.00048,0.00037,0.00048,0.00024,7
regular,Regular,0,0.0,0,0.0,4e-05,2509
rei-teytum,Rei Teytum,0,0.0,0,0.0,4e-05,2510
reiband,Reiband,0,0.0,0,0.0,4e-05,2511
reidores-del-simismo,Reidores del Simismo,0,0.0,0,0.0,4e-05,2512
rein,Rein,0,0.0,0,0.0,4e-05,2513
reina-tu-madre,Reina Tu Madre,0,0.0,0,0.0,4e-05,2514
reina-venus,Reina Venus,1,0.00016,0.0,0.00277,8e-05,3
reina-y-las-cancheras,Reina y las cancheras,0,0.0,0,0.0,4e-05,2515
reino-de-munt,Reino de Munt,0,0.0,0,0.0,4e-05,2516
rekonfundidos,Rekonfundidos,4,0.00065,0.00061,0.00125,0.00024,0
relax,Relax,0,0.0,0,0.0,4e-05,2517
remeras-gastadas,Remeras gastadas,0,0.0,0,0.0,4e-05,2518
renacer,Renacer,5,0.00081,0.00119,0.00527,0.00026,0
renacimiento-suburbano,Renacimiento Suburbano,0,0.0,0,0.0,4e-05,2519
rencore,Rencore,0,0.0,0,0.0,4e-05,2520
rendo,Rendo,2,0.00032,0.00036,0.00273,0.00019,2
reno-y-los-castores-cosmicos,Reno y los Castores Cósmicos,1,0.00016,0,0.0,0.00028,132
reo,REO,0,0.0,0,0.0,4e-05,2521
represion-mas-iva,Represión +IVA,0,0.0,0,0.0,4e-05,2522
reptil,Reptil,0,0.0,0,0.0,4e-05,2523
reptilia,Reptilia,0,0.0,0,0.0,4e-05,2524
resanta,Resanta,0,0.0,0,0.0,4e-05,2525
rescate,Rescate,0,0.0,0,0.0,4e-05,2526
rescate-internacional,Rescate Internacional,1,0.00016,0.0,0.0,0.00012,12
reservoir-songs,Reservoir Songs,0,0.0,0,0.0,4e-05,2527
resiste-reggae,Resiste Reggae,1,0.00016,0,0.0,0.00028,116
resistencia-chaco,Resistencia Chaco,1,0.00016,0,0.0,0.00028,133
resistencia-reggae,Resistencia Reggae,4,0.00065,0.00094,0.00024,0.00035,0
resistencia-suburbana,Resistencia Suburbana,22,0.00356,0.00606,0.00461,0.00124,0
reskatate,Reskatate,0,0.0,0,0.0,4e-05,2528
resonantes,Resonantes,6,0.00097,0.00027,0.00548,0.00029,2
resortes-antagonicos,Resortes Antagónicos,0,0.0,0,0.0,4e-05,2529
responsables-no-inscriptos,Responsables No Inscriptos,0,0.0,0,0.0,4e-05,2530
restos-fosiles,Restos Fósiles,6,0.00097,0.00066,0.00176,0.00037,16
resumen-porteno,Resumen Porteño,7,0.00113,0.00249,0.03023,0.00032,1
retorno-cero,Retorno Cero,1,0.00016,0.0,0.0085,8e-05,2
retruecanos,Retruécanos,0,0.0,0,0.0,4e-05,2531
revancha,Revancha,0,0.0,0,0.0,4e-05,2532
revanchistas,Revanchistas,1,0.00016,0.0,0.00045,9e-05,3
revelados,Revelados,2,0.00032,3e-05,0.00269,0.00012,6
revolucion,Revolución,0,0.0,0,0.0,4e-05,2533
revolucion-humana,Revolución humana,0,0.0,0,0.0,4e-05,2534
revolucion-paraiso,Revolución Paraíso,1,0.00016,0.0,0.0085,8e-05,2
rey-canibal,Rey Caníbal,1,0.00016,0.0,9e-05,0.0001,5
rey-charol,Rey Charol,0,0.0,0,0.0,4e-05,2535
rey-guru,Rey Gurú,1,0.00016,0.0,0.00044,8e-05,0
rey-hindu,Rey Hindú,0,0.0,0,0.0,4e-05,2536
rey-jaguar,Rey Jaguar,0,0.0,0,0.0,4e-05,2537
rey-momo,Rey Momo,7,0.00113,0.00406,0.00442,0.00046,3
rey-por-un-dia,Rey Por Un Día,3,0.00048,3e-05,0.01875,0.00014,1
rey-primate,Rey Primate,0,0.0,0,0.0,4e-05,2538
rey-sonambulo,Rey Sonámbulo,6,0.00097,0.00012,0.01258,0.00026,5
rey-voodoo,Rey Voodoo,0,0.0,0,0.0,4e-05,2539
reyes-en-jaque,Reyes en jaque,0,0.0,0,0.0,4e-05,2540
reynols,Reynols,0,0.0,0,0.0,4e-05,2541
rh-positivo,RH+,0,0.0,0,0.0,4e-05,2542
rhino,Rhino,0,0.0,0,0.0,4e-05,2543
rhino-2,Rhino,0,0.0,0,0.0,4e-05,2544
rhun,Rhun,0,0.0,0,0.0,4e-05,2545
ribera-blues,Ribera Blues,0,0.0,0,0.0,4e-05,2546
ricardo-reches,Ricardo Reches,0,0.0,0,0.0,4e-05,2547
richter,Richter,2,0.00032,0.00016,0.00388,0.00012,2
riddim,Riddim,1,0.00016,0.0,7e-05,0.00011,16
rie,Rie,0,0.0,0,0.0,4e-05,2548
riel,Riel,1,0.00016,0,0.0,0.00028,117
riesgo-mondiola,Riesgo Mondiola,2,0.00032,0.00036,0.00147,0.00018,1
riff,RIFF,20,0.00323,0.00504,0.02286,0.00107,1
rimanbloom,RimanBloom,1,0.00016,0.0,0.00258,8e-05,1
rinaldo-rafanelli,Rinaldo Rafanelli,19,0.00307,0.00287,0.05413,0.001,1
rindancin,Rindancin,0,0.0,0,0.0,4e-05,2549
rio,Río,0,0.0,0,0.0,4e-05,2550
rio-al-mar,Río al mar,0,0.0,0,0.0,4e-05,2551
rio-gloria,Río Gloria,0,0.0,0,0.0,4e-05,2552
rip,RIP,1,0.00016,0.0,0.00307,8e-05,0
riphle,Riphle,0,0.0,0,0.0,4e-05,2553
ripio,Ripio,0,0.0,0,0.0,4e-05,2554
risas-pillas,Risas Pillas,0,0.0,0,0.0,4e-05,2555
rispico,Ríspico,1,0.00016,0.0,0.00108,9e-05,0
ritmika,Rítmika,1,0.00016,0.0,2e-05,0.00013,0
rito,Rito,0,0.0,0,0.0,4e-05,2556
ritus-santus,Ritus Santus,1,0.00016,0.0,0.00155,9e-05,0
rivales,Rivales,0,0.0,0,0.0,4e-05,2557
rivendel,Rivendel,0,0.0,0,0.0,4e-05,2558
rivonautas,Rivonautas,0,0.0,0,0.0,4e-05,2559
rivothriller,Rivothriller,0,0.0,0,0.0,4e-05,2560
roadie,Roadie,0,0.0,0,0.0,4e-05,2561
robert-delirio,Robert Delirio,1,0.00016,0.0,0.00024,0.0001,11
roberto-planta,Roberto Planta,0,0.0,0,0.0,4e-05,2562
robot-zonda,Robot Zonda,1,0.00016,0.0,0.00011,0.0001,14
rock-a-la-orden,Rock a la Orden,1,0.00016,0,0.0,0.00022,51
rockanova,Rockanova,0,0.0,0,0.0,4e-05,2563
rockas-viejas,Rockas viejas,0,0.0,0,0.0,4e-05,2564
rockeros-y-borregos,Rockeros y Borregos,2,0.00032,0.0002,0.00022,0.00017,0
rockmotor,Rockmotor,2,0.00032,2e-05,0.00375,0.00011,1
rodadores,Rodadores,0,0.0,0,0.0,4e-05,2565
rodia,Rodia,0,0.0,0,0.0,4e-05,2566
roger-myers,Roger Myers,0,0.0,0,0.0,4e-05,2567
rolando-motta,Rolando Motta,0,0.0,0,0.0,4e-05,2568
rolo-y-los-fackin-adictos,Rolo y los Fackin’ Adictos,0,0.0,0,0.0,4e-05,2569
roma,Roma,0,0.0,0,0.0,4e-05,2570
roma-2,Roma,0,0.0,0,0.0,4e-05,2571
romapagana,Romapagana,1,0.00016,0.0,0.00041,9e-05,0
romina-y-los-urbanos,Romina y Los Urbanos,0,0.0,0,0.0,4e-05,2572
romulo-y-remo,Rómulo y Remo,2,0.00032,0,0.0,0.0004,52
rondamon,RonDamon,5,0.00081,0.00072,0.00279,0.00029,0
ronston,Ronston,0,0.0,0,0.0,4e-05,2573
root,Root,0,0.0,0,0.0,4e-05,2574
rosacruz,Rosacruz,0,0.0,0,0.0,4e-05,2575
rosal,Rosal,13,0.0021,0.00298,0.02134,0.00059,2
rosanegra,Rosanegra,0,0.0,0,0.0,4e-05,2576
rosarinos,Rosarinos,4,0.00065,0.0,0.0063,0.00022,1
rosario-smowing,Rosario Smowing,0,0.0,0,0.0,4e-05,2577
rosas-muertas,Rosas muertas,7,0.00113,0.00044,0.0149,0.0003,1
rosita,Rosita,0,0.0,0,0.0,4e-05,2578
rotor,Rotor,2,0.00032,0.0,0.00096,0.00012,7
rottten,Rottten,2,0.00032,2e-05,0.00275,0.00012,15
rotundo-juan,Rotundo Juan,0,0.0,0,0.0,4e-05,2579
rouge,Rouge,4,0.00065,0.00037,0.00477,0.00023,2
rouge-y-roll,Rouge & Roll,0,0.0,0,0.0,4e-05,2580
rowek,Rowek,2,0.00032,0.0,0.00096,0.00012,7
ruben-rada,Rubén Rada,15,0.00242,0.00479,0.0268,0.00075,3
rubias-de-hong-kong,Rubias de Hong Kong,0,0.0,0,0.0,4e-05,2581
ruedas-de-acero,Ruedas de Acero,0,0.0,0,0.0,4e-05,2582
ruge-jaguar,Ruge Jaguar,0,0.0,0,0.0,4e-05,2583
ruido,Ruido,0,0.0,0,0.0,4e-05,2584
rumble-fish,Rumble Fish,1,0.00016,0.0,0.0,0.00016,5
runa,Runa,0,0.0,0,0.0,4e-05,2585
running-potatoes,Running Potatoes,1,0.00016,0.0,0.00024,9e-05,0
rusca,Rusca,0,0.0,0,0.0,4e-05,2586
rusia,Rusia,0,0.0,0,0.0,4e-05,2587
russ,Russ,1,0.00016,0.0,1e-05,0.00012,9
ruster,Ruster,0,0.0,0,0.0,4e-05,2588
ruta-11-rock,Ruta 11 Rock,0,0.0,0,0.0,4e-05,2589
rutas-lejanas,Rutas Lejanas,5,0.00081,0.00072,0.00617,0.00026,5
ryan,Ryan,0,0.0,0,0.0,4e-05,2590
sebastian-rubin,Sebastián Rubin,3,0.00048,0.00043,3e-05,0.0003,13
sergio-rotman,Sergio Rotman,13,0.0021,0.00124,0.00962,0.00069,0
tin-roig,Tin Roig,1,0.00016,0.0,0.00708,7e-05,1
valerio-rinaldi,Valerio Rinaldi,4,0.00065,0.00107,0.00288,0.00033,32
abril-sosa,Abril Sosa,6,0.00097,0.00273,0.00247,0.00043,4
alejandro-schanzenbach,Alejandro Schanzenbach,3,0.00048,0.00271,0.00245,0.00022,1
bautista-santos,Bautista Santos,2,0.00032,0.0,0.01114,0.00011,3
ber-stinco,Ber Stinco,1,0.00016,0.0,3e-05,0.00013,4
beto-satragni,Beto Satragni,15,0.00242,0.00245,0.06328,0.00065,1
cachin-selis,Cachín Selis,2,0.00032,0.00036,0.00024,0.00022,16
charlie-scelso,Charlie Scelso,0,0.0,0,0.0,4e-05,2591
coti-sorokin,Coti Sorokin,16,0.00259,0.00437,0.03345,0.00082,4
daniel-sacroisky,Daniel Sacroisky,1,0.00016,0,0.0,0.00028,118
daniela-spalla,Daniela Spalla,0,0.0,0,0.0,4e-05,2592
dante-spinetta,Dante Spinetta,8,0.00129,0.00047,0.01592,0.00044,2
eduardo-schmidt,Eduardo Schmidt,7,0.00113,0.00156,0.00344,0.0004,3
el-secreto,El Secreto,1,0.00016,0,0.0,0.00028,119
el-secreto-de-emily,El Secreto de Emily,0,0.0,0,0.0,4e-05,2593
el-siempreterno,El Siempreterno,4,0.00065,3e-05,0.00582,0.00023,0
el-signo,El Signo,2,0.00032,2e-05,0.00278,0.00013,2
el-sitio,El Sitio,4,0.00065,0.00074,0.00022,0.00039,13
el-soberano,El Soberano,0,0.0,0,0.0,4e-05,2594
el-soldado,El Soldado,12,0.00194,0.0007,0.00723,0.00055,5
el-sotano,El Sótano,6,0.00097,0.00081,0.00042,0.00049,8
el-subte,El Subte,1,0.00016,0.0,2e-05,0.00013,5
el-suburbio,El Suburbio,3,0.00048,2e-05,0.00233,0.00017,6
el-sur,El Sur,17,0.00275,0.00959,0.00335,0.00124,0
el-surco,El Surco,0,0.0,0,0.0,4e-05,2595
esteban-pichu-serniotti,Esteban Pichu Serniotti,9,0.00145,0.00109,0.013,0.00051,4
esteban-sehinkman,Esteban Sehinkman,7,0.00113,0.00154,0.00605,0.00045,9
evelina-sanzo,Evelina Sanzo,3,0.00048,0.00049,0.00199,0.0002,9
felipe-staiti,Felipe Staiti,5,0.00081,0.00278,0.00081,0.00037,4
felix-sisti-ripoll,Félix Sisti Ripoll,1,0.00016,0.0,0.0,0.00015,12
fernando-samalea,Fernando Samalea,37,0.00598,0.01164,0.06877,0.00182,2
fernando-scarcella,Fernando Scarcella,9,0.00145,0.0008,0.00152,0.00061,7
franco-salvador,Franco Salvador,3,0.00048,0.0,0.00254,0.00026,0
freddy-salami,Freddy Salami,1,0.00016,0.0,1e-05,0.00014,32
gustavo-santaolalla,Gustavo Santaolalla,40,0.00647,0.01871,0.03984,0.00235,3
hector-starc,Héctor Starc,9,0.00145,0.00054,0.00681,0.00041,1
ivan-salo,Iván Salo,10,0.00162,0.0026,0.0289,0.00043,1
javier-sisti-ripoll,Javier Sisti Ripoll,1,0.00016,0.0,0.0,0.00015,12
javier-syd,Javier Syd,0,0.0,0,0.0,4e-05,2596
javier-syd-2,Javier Syd,0,0.0,0,0.0,4e-05,2597
jorge-salinas,Jorge Salinas,0,0.0,0,0.0,4e-05,2598
jorge-senno,Jorge Senno,11,0.00178,0.00139,0.04255,0.00043,1
jorge-serrano,Jorge Serrano,9,0.00145,0.00031,0.01165,0.00043,0
juan-stewart,Juan Stewart,14,0.00226,0.01719,0.00025,0.00109,6
juan-subira,Juan Subirá,11,0.00178,0.00154,0.01912,0.00058,3
juanjo-scala,Juanjo Scala,0,0.0,0,0.0,4e-05,2599
julieta-sabanes,Julieta Sabanes,1,0.00016,0,0.0,0.00028,120
la-saga,La Saga,3,0.00048,0.00542,0.00135,0.00029,25
la-saga-de-sayweke,La Saga de Sayweke,2,0.00032,0.00013,0.00341,0.00012,2
la-sangre,La Sangre,3,0.00048,5e-05,0.00168,0.0002,5
la-sarnosa,La Sarnosa,0,0.0,0,0.0,4e-05,2600
la-secta,La Secta,4,0.00065,0.00064,0.00813,0.00027,4
la-secuela,La Secuela,3,0.00048,0.00038,0.00097,0.00024,12
la-sed,La Sed,0,0.0,0,0.0,4e-05,2601
la-senda-del-kaos,La Senda del Kaos,1,0.00016,0.0,1e-05,0.00012,8
la-septima-puerta,La Séptima puerta,0,0.0,0,0.0,4e-05,2602
la-simona,La Simona,4,0.00065,0.00023,0.00374,0.00022,0
la-skandalosa-tripulacion,La Skandalosa Tripulación,2,0.00032,0.0,0.00322,0.00012,0
la-sobrecarga,La Sobrecarga,9,0.00145,0.00378,0.02783,0.00046,2
la-sonora-de-bruno-alberto,La Sonora de Bruno Alberto,1,0.00016,0.0,0.00154,0.00012,1
la-sonora-del-plata,La Sonora del Plata,1,0.00016,0.0,0.00037,9e-05,5
la-sota-y-su-fiesta-pagana,La Sota y su Fiesta Pagana,0,0.0,0,0.0,4e-05,2603
la-suburbana,La Suburbana,2,0.00032,0.0,0.00178,0.00014,5
la-sufructuosa,La Sufructuosa,0,0.0,0,0.0,4e-05,2604
la-suma-de-todos-los-tiempos,La Suma de Todos los Tiempos,0,0.0,0,0.0,4e-05,2605
la-surena-blues-band,La Sureña Blues Band,5,0.00081,0.00253,0.0026,0.00031,7
las-sombras,Las Sombras,7,0.00113,0.00225,0.00145,0.00046,16
leandro-sayanes,Leandro Sayanes,0,0.0,0,0.0,4e-05,2606
leo-sujatovich,Leo Sujatovich,7,0.00113,0.00035,0.00895,0.00033,1
los-scapes,Los Scapes,0,0.0,0,0.0,4e-05,2607
los-sedantes,Los Sedantes,2,0.00032,0.0,0.00353,0.00015,0
los-senores,Los Señores,3,0.00048,0.00027,0.00058,0.00021,3
los-senores-hyde,Los Señores Hyde,4,0.00065,0.00043,0.00042,0.00028,3
los-shakers,Los Shakers,5,0.00081,0.00082,0.00569,0.00032,3
los-shame,Los Shame,0,0.0,0,0.0,4e-05,2608
los-siberianos,Los Siberianos,0,0.0,0,0.0,4e-05,2609
los-siete-delfines,Los Siete Delfines,20,0.00323,0.01237,0.07529,0.0009,2
los-sintomas,Los Síntomas,0,0.0,0,0.0,4e-05,2610
los-solfa,Los Solfa,1,0.00016,0.0,0.00024,0.0001,11
los-songlines,Los Songlines,0,0.0,0,0.0,4e-05,2611
los-subditos-del-rey,Los Súbditos del Rey,0,0.0,0,0.0,4e-05,2612
los-subterraneos,Los Subterráneos,1,0.00016,0,0.0,0.00028,121
los-sucesores-de-la-bestia,Los Sucesores de la Bestia,3,0.00048,0.00236,3e-05,0.00034,4
los-suenos-de-anderson,Los Sueños de Anderson,0,0.0,0,0.0,4e-05,2613
los-sultanes,Los Sultanes,0,0.0,0,0.0,4e-05,2614
los-sumergibles,Los Sumergibles,0,0.0,0,0.0,4e-05,2615
los-super-ratones,Los Super Ratones,10,0.00162,0.00734,0.01152,0.00057,0
lucas-sedler,Lucas Sedler,5,0.00081,0.00054,0.00294,0.00028,5
luciana-segovia,Luciana Segovia,1,0.00016,0.0,0.00049,0.00012,1
luciano-supervielle,Luciano Supervielle,9,0.00145,0.00091,0.00975,0.0005,3
luis-alberto-spinetta,Luis Alberto Spinetta,94,0.0152,0.06136,0.21747,0.00435,1
luis-salinas,Luis Salinas,6,0.00097,0.00084,0.00397,0.00036,7
luna-sujatovich,Luna Sujatovich,1,0.00016,0.0,6e-05,0.0001,4
natasha-sterman,Natasha Sterman,0,0.0,0,0.0,4e-05,2616
nelson-siani,Nelson Siani,1,0.00016,0.0,0.00052,9e-05,2
nicolas-sorin,Nicolás Sorín,6,0.00097,0.00145,0.00043,0.0006,8
pablo-sbaraglia,Pablo Sbaraglia,10,0.00162,0.00285,0.00664,0.00069,6
pablo-sciuto,Pablo Sciuto,1,0.00016,0.0,0.00024,9e-05,3
pablo-soler,Pablo Soler,2,0.00032,0.00036,0.0,0.00033,8
patricia-sosa,Patricia Sosa,16,0.00259,0.00431,0.03182,0.00073,7
patrick-steve,Patrick Steve,1,0.00016,0,0.0,0.00028,106
pepo-san-martin,Pepo San Martín,1,0.00016,0.0,4e-05,0.00011,8
renzo-sinisi,Renzo Sinisi,0,0.0,0,0.0,4e-05,2617
ricardo-soule,Ricardo Soulé,6,0.00097,4e-05,0.01277,0.00029,1
rodrigo-soler,Rodrigo Soler,0,0.0,0,0.0,4e-05,2618
sopa,S.O.P.A.,2,0.00032,0.00036,0.00029,0.00019,3
sudaca,S.U.D.A.C.A.,0,0.0,0,0.0,4e-05,2619
sabbathica,Sabbathica,0,0.0,0,0.0,4e-05,2620
sabot,Sabot,0,0.0,0,0.0,4e-05,2621
sacalo-crudo,Sacalo Crudo,0,0.0,0,0.0,4e-05,2622
sachet,Sachet,1,0.00016,0.0,0.00298,7e-05,2
sacramento,Sacramento,3,0.00048,2e-05,0.00623,0.00019,1
sacrificio,Sacrificio,0,0.0,0,0.0,4e-05,2623
sacrispanti,Sacrispanti,0,0.0,0,0.0,4e-05,2624
sacrum,Sacrum,0,0.0,0,0.0,4e-05,2625
safari-pop,Safari Pop,0,0.0,0,0.0,4e-05,2626
sai,SAI,0,0.0,0,0.0,4e-05,2627
saiko,Saiko,0,0.0,0,0.0,4e-05,2628
saimons,Saimons,0,0.0,0,0.0,4e-05,2629
saja,Saja,0,0.0,0,0.0,4e-05,2630
salamanca-non-presta,Salamanca non presta,1,0.00016,0.0,9e-05,0.00012,20
sally-conforte,Sally Conforte,0,0.0,0,0.0,4e-05,2631
saloma,Saloma,1,0.00016,0.0,0.00026,0.0001,1
salta-la-banca,Salta la Banca,11,0.00178,0.00428,0.00604,0.00059,0
salta-la-rana,Salta la Rana,0,0.0,0,0.0,4e-05,2632
saltamontes,Saltamontes,0,0.0,0,0.0,4e-05,2633
salusarubi,Salusarubi,0,0.0,0,0.0,4e-05,2634
salvapantallas,Salvapantallas,2,0.00032,0.0,0.00094,0.00018,3
salvese-quien-pueda,Sálvese Quien Pueda,4,0.00065,0.00169,0.00471,0.00024,4
salvet,Salvet,0,0.0,0,0.0,4e-05,2635
salvia,Salvia,2,0.00032,0,0.0,0.0004,53
salvia-y-los-federicos,Salvia y los Federicos,0,0.0,0,0.0,4e-05,2636
salvina-y-miren-al-lobo,Salvina y Miren al Lobo,0,0.0,0,0.0,4e-05,2637
samalea-kabusacki,Samalea & Kabusacki,2,0.00032,0.0,0.00475,0.00012,2
sambara,Sambara,2,0.00032,5e-05,0.00182,0.00014,9
samson,Samson,0,0.0,0,0.0,4e-05,2638
samurai,Samurai,2,0.00032,3e-05,0.0011,0.00014,8
san-martan,San Martan,0,0.0,0,0.0,4e-05,2639
san-martin-vampire,San Martín Vampire,1,0.00016,0.0,0.00011,9e-05,2
sanador,Sanador,3,0.00048,0.00071,0.0,0.00042,11
sanandino,Sanandino,1,0.00016,0.0,0.00023,9e-05,15
sanata-y-clarificacion,Sanata y clarificación,0,0.0,0,0.0,4e-05,2640
sancamaleon,Sancamaleón,5,0.00081,0.00082,0.01074,0.0003,0
sanchez,Sánchez,0,0.0,0,0.0,4e-05,2641
sanchez-no-te-enganches,Sánchez no te Enganches,1,0.00016,0.0,1e-05,0.00014,7
sandhy-y-mandhy,Sandhy & Mandhy,0,0.0,0,0.0,4e-05,2642
sandra-y-celeste,Sandra y Celeste,6,0.00097,0.00027,0.03394,0.00029,1
sandro,Sandro,6,0.00097,0.00157,0.02378,0.00029,1
sangrila,Sangrila,0,0.0,0,0.0,4e-05,2643
sanos-dementes,Sanos dementes,0,0.0,0,0.0,4e-05,2644
sansicario,Sansicario,0,0.0,0,0.0,4e-05,2645
santa,Santa,3,0.00048,0.00037,0.00138,0.00024,54
santa-esquina,Santa Esquina,3,0.00048,0.00304,0.00266,0.00026,5
santa-pendencia,Santa Pendencia,0,0.0,0,0.0,4e-05,2646
santa-rosa,Santa Rosa,10,0.00162,0.00443,0.00032,0.00091,16
santamusic,Santamusic,2,0.00032,0.00036,6e-05,0.00024,0
santanegro,Santanegro,0,0.0,0,0.0,4e-05,2647
santas-manos,Santas Manos,0,0.0,0,0.0,4e-05,2648
santo-fuego,Santo Fuego,0,0.0,0,0.0,4e-05,2649
santo-tabu,Santo Tabú,2,0.00032,2e-05,8e-05,0.00016,4
santoro,Santoro,0,0.0,0,0.0,4e-05,2650
santos-caracoles,Santos caracoles,0,0.0,0,0.0,4e-05,2651
santos-complices,Santos cómplices,1,0.00016,0.0,0.00024,0.0001,11
santos-de-nadie,Santos de Nadie,0,0.0,0,0.0,4e-05,2652
santos-guardianes,Santos Guardianes,1,0.00016,0.0,0.00107,8e-05,4
santos-inocentes,Santos Inocentes,6,0.00097,0.00124,0.01243,0.00038,2
santos-luminosos,Santos Luminosos,2,0.00032,0.0,0.00171,0.00013,2
santos-por-ahora,Santos por ahora,0,0.0,0,0.0,4e-05,2653
santuca,Santuca,1,0.00016,0.0,0.00259,9e-05,0
santullo,Santullo,4,0.00065,1e-05,0.00264,0.00023,3
saperson-110,Sáperson 110,0,0.0,0,0.0,4e-05,2654
sara-hebe-ramiro-jota,Sara Hebe & Ramiro Jota,1,0.00016,0,0.0,0.00028,122
saratustra,Saratustra,0,0.0,0,0.0,4e-05,2655
saronrose,SaronRose,0,0.0,0,0.0,4e-05,2656
sarten-system,Sarten System,0,0.0,0,0.0,4e-05,2657
satan-dealers,Satan Dealers,3,0.00048,9e-05,0.00026,0.00021,0
satelier,Satelier,0,0.0,0,0.0,4e-05,2658
satelite,Satélite,0,0.0,0,0.0,4e-05,2659
satelite-espia-ruso,Satélite Espía Ruso,0,0.0,0,0.0,4e-05,2660
satelite-kingston,Satélite Kingston,5,0.00081,0.00027,0.00142,0.00028,0
satelites,Satélites,1,0.00016,0.0,0.00024,9e-05,0
satiro,Sátiro,0,0.0,0,0.0,4e-05,2661
saturdaynighters,SaturdayNighters,0,0.0,0,0.0,4e-05,2662
saturna,Saturna,0,0.0,0,0.0,4e-05,2663
satwa,Satwa,0,0.0,0,0.0,4e-05,2664
sauron,Sauron,0,0.0,0,0.0,4e-05,2665
savoretti-y-los-indescriptibles,Savoretti & los Indescriptibles,1,0.00016,0.0,6e-05,0.00011,0
sayon,Sayón,2,0.00032,0.00036,0.0,0.00028,35
scalectric,Scalectric,0,0.0,0,0.0,4e-05,2666
schanzenbach,Schanzenbach,4,0.00065,0.00084,0.01245,0.00022,1
scherzo,Scherzo,0,0.0,0,0.0,4e-05,2667
scraps,Scraps,0,0.0,0,0.0,4e-05,2668
se-miran-los-pies,Se miran los pies,0,0.0,0,0.0,4e-05,2669
se-va-el-camello,Se va el camello,3,0.00048,0.00022,0.01032,0.00018,0
sebastian-salvador,Sebastián Salvador,6,0.00097,0.00327,0.01722,0.00039,13
sebastian-schon,Sebastián Schon,4,0.00065,0.00012,0.00197,0.00023,17
sebastian-zanetto-grupo,Sebastián Zanetto Grupo,3,0.00048,0.00244,0.00029,0.00026,16
sector-divan,Sector diván,0,0.0,0,0.0,4e-05,2670
seda-carmin,Seda Carmín,0,0.0,0,0.0,4e-05,2671
sedan,Sedan,0,0.0,0,0.0,4e-05,2672
segba,Segba,2,0.00032,0,0.0,0.0004,55
segundo-juan,Segundo Juan,1,0.00016,0.0,8e-05,0.00011,5
segundo-nova,Segundo Nova,1,0.00016,0.0,0.0,0.00014,3
seleste,Seleste,7,0.00113,4e-05,0.03903,0.0003,1
semilla,Semilla,2,0.00032,0.0001,0.00206,0.00013,3
senales-difusas,Señales difusas,0,0.0,0,0.0,4e-05,2673
sendero,Sendero,1,0.00016,0.0,0.00102,8e-05,6
sendero-luminoso,Sendero Luminoso,1,0.00016,0,0.0,0.00028,123
senor-del-bar,Señor del bar,0,0.0,0,0.0,4e-05,2674
senorita-carolina,Señorita Carolina,6,0.00097,0.00095,0.00267,0.00032,9
sensafilo,SensaFilo,0,0.0,0,0.0,4e-05,2675
sentidos-bs-as,Sentidos Bs As,2,0.00032,0.0,0.00056,0.00014,6
sentidos-ocultos,Sentidos Ocultos,0,0.0,0,0.0,4e-05,2676
sentime-dominga,Sentime Dominga,0,0.0,0,0.0,4e-05,2677
sentimiento-incontrolable,Sentimiento Incontrolable,1,0.00016,0.0,0.00272,8e-05,2
septi3mbre,Septi3mbre,0,0.0,0,0.0,4e-05,2678
septima-ola,Séptima Ola,8,0.00129,0.0022,0.02317,0.00044,4
sequito-arrogante,Séquito arrogante,0,0.0,0,0.0,4e-05,2679
ser,SER,11,0.00178,0.00216,0.03278,0.00044,2
ser-inmaterial,Ser Inmaterial,0,0.0,0,0.0,4e-05,2680
sera-panico,Será Pánico,3,0.00048,0.00032,0.00765,0.00016,0
seraqueda,Seraqueda!,0,0.0,0,0.0,4e-05,2681
seres-elementales,Seres elementales,0,0.0,0,0.0,4e-05,2682
serez,Serez,2,0.00032,0.00036,0.00178,0.00018,1
sergio-ledesma-y-la-factoria,Sergio Ledesma y La Factoría,0,0.0,0,0.0,4e-05,2683
serpentor,Serpentor,3,0.00048,0.00271,3e-05,0.00035,16
serpientes-cosmicas,Serpientes cósmicas,0,0.0,0,0.0,4e-05,2684
seru-giran,Seru Giran,27,0.00436,0.00422,0.13051,0.0013,1
servicio-secreto,Servicio secreto,0,0.0,0,0.0,4e-05,2685
setnova,Setnova,0,0.0,0,0.0,4e-05,2686
sevelhumano,Sevelhumano,0,0.0,0,0.0,4e-05,2687
seven-sides,Seven sides,0,0.0,0,0.0,4e-05,2688
sexion,Sexión,0,0.0,0,0.0,4e-05,2689
sexteto-irreal,Sexteto Irreal,2,0.00032,0.0,0.00302,0.00015,2
sexto-sentido,Sexto sentido,3,0.00048,0.00036,5e-05,0.00027,0
sexydance,Sexydance,1,0.00016,0,0.0,0.0002,33
shaila,Shaila,4,0.00065,0.0001,0.00142,0.00023,2
shaktoby,Shaktoby,0,0.0,0,0.0,4e-05,2690
shaman-y-los-hombres-en-llamas,Shaman y Los Hombres en Llamas,5,0.00081,0.00379,0.00016,0.00052,19
shaman-y-los-pilares-de-la-creacion,Shaman y Los Pilares de la Creación,3,0.00048,0.00366,0.00274,0.00028,19
shamat,Shamat,0,0.0,0,0.0,4e-05,2691
shambala,Shambala,2,0.00032,0.0,0.00027,0.00014,3
shanghai,Shanghai,0,0.0,0,0.0,4e-05,2692
shangri-la,Shangri la,0,0.0,0,0.0,4e-05,2693
shannons-dead,Shannon’s Dead,0,0.0,0,0.0,4e-05,2694
sharole,Sharolé,0,0.0,0,0.0,4e-05,2695
she-devils,She-Devils,4,0.00065,0.00038,0.00118,0.00026,14
she-ra,She-Ra,0,0.0,0,0.0,4e-05,2696
shelby,Shelby,1,0.00016,0.0,0.00026,0.0001,0
sherman-y-los-crocantes,Sherman y los Crocantes,6,0.00097,0.006,0.00244,0.00037,2
sherpas-blues,Sherpas Blues,0,0.0,0,0.0,4e-05,2697
shh,Shh,2,0.00032,0.0,0.00155,0.00012,6
shining-koy,Shining Koy,0,0.0,0,0.0,4e-05,2698
shireva,Shireva,0,0.0,0,0.0,4e-05,2699
shive,Shive,0,0.0,0,0.0,4e-05,2700
shock-punch,Shock Punch,0,0.0,0,0.0,4e-05,2701
shocklenders,Shocklenders,0,0.0,0,0.0,4e-05,2702
shona,Shona,0,0.0,0,0.0,4e-05,2703
shoot-the-radio,Shoot The Radio,2,0.00032,0.00036,0.00149,0.00021,2
shot-gun,Shot Gun,0,0.0,0,0.0,4e-05,2704
siames,Siamés,0,0.0,0,0.0,4e-05,2705
siberia,Siberia,0,0.0,0,0.0,4e-05,2706
sick-porky,Sick Porky,3,0.00048,0.00049,0.00081,0.00019,8
sidecars,Sidecars,0,0.0,0,0.0,4e-05,2707
sideral,Sideral,0,0.0,0,0.0,4e-05,2708
siderama,Siderama,0,0.0,0,0.0,4e-05,2709
sideria,Sideria,2,0.00032,0.0,0.00097,0.00013,5
sidernova,Sidernova,2,0.00032,1e-05,0.00085,0.00013,4
siempre-lucrecia,Siempre Lucrecia,1,0.00016,0,0.0,0.00028,34
siempre,Siempre!,0,0.0,0,0.0,4e-05,2710
siete-culebras,Siete Culebras,0,0.0,0,0.0,4e-05,2711
siete-millas,Siete millas,1,0.00016,0.0,0.00013,9e-05,0
siete-remedios,Siete Remedios,1,0.00016,0.0,0.00016,0.0001,3
sig-ragga,Sig Ragga,5,0.00081,0.00032,0.01941,0.00024,2
siga-la-flecha,Siga la flecha,1,0.00016,0.0,0.00327,8e-05,2
sikarios,Sikarios,3,0.00048,0.00071,0.00124,0.00033,4
silbando-bajo,Silbando bajo,0,0.0,0,0.0,4e-05,2712
silencios-ordenados,Silencios Ordenados,0,0.0,0,0.0,4e-05,2713
silenzia,Silenzia,0,0.0,0,0.0,4e-05,2714
silver-city,Silver City,0,0.0,0,0.0,4e-05,2715
silvestre-y-la-naranja,Silvestre y La Naranja,1,0.00016,0.0,0.00019,0.00011,12
sima,SIMA,0,0.0,0,0.0,4e-05,2716
simbiosis,Simbiosis,0,0.0,0,0.0,4e-05,2717
simbiosis-2,Simbiosis,1,0.00016,0.0,0.0,0.00014,35
simmur,Simmur,0,0.0,0,0.0,4e-05,2718
simon,Simon,0,0.0,0,0.0,4e-05,2719
simon-basta,Simón Basta!,4,0.00065,0.00268,0.00962,0.00026,1
simon-fuga,Simón Fuga,1,0.00016,0.0,4e-05,0.00012,0
simonnes,simoNNes,0,0.0,0,0.0,4e-05,2720
simple,Simple,0,0.0,0,0.0,4e-05,2721
simurdiera,Simurdiera,1,0.00016,0.0,1e-05,0.00013,3
sin-domingo,Sin Domingo,0,0.0,0,0.0,4e-05,2722
sin-espina,Sin Espina,1,0.00016,0.0,2e-05,0.00013,0
sin-futuro,Sin futuro,1,0.00016,0.0,0.00021,0.0001,0
sin-kausa,Sin Kausa,1,0.00016,0.0,0.00023,0.00011,10
sin-ley,Sin Ley,4,0.00065,1e-05,0.00021,0.00026,0
sin-luz,Sin luz,1,0.00016,0.0,1e-05,0.00013,1
sin-nombre,Sin Nombre,5,0.00081,0.00109,0.00052,0.00044,4
sin-semilla,Sin Semilla,4,0.00065,0.00112,0.00227,0.00024,0
sin-suerte,Sin suerte,0,0.0,0,0.0,4e-05,2723
sinapsis,Sinapsis,0,0.0,0,0.0,4e-05,2724
sinatras,Sinatras,0,0.0,0,0.0,4e-05,2725
sindicato-argentino-del-hip-hop,Sindicato Argentino del Hip Hop,2,0.00032,0.0001,0.00224,0.00014,3
sindicato-de-asesinos-seriales,Sindicato de asesinos seriales,0,0.0,0,0.0,4e-05,2726
singapur,Singapur,0,0.0,0,0.0,4e-05,2727
singlar,Singlar,0,0.0,0,0.0,4e-05,2728
sinsemina,Sinsemina,0,0.0,0,0.0,4e-05,2729
sintesis,Síntesis,0,0.0,0,0.0,4e-05,2730
siquem,Siquem,0,0.0,0,0.0,4e-05,2731
sirio,Sirio,0,0.0,0,0.0,4e-05,2732
sirius,Sirius,1,0.00016,0.0,0.00023,9e-05,4
sirmagma,Sirmagma,0,0.0,0,0.0,4e-05,2733
sirte-tircco,Sirte Tircco,0,0.0,0,0.0,4e-05,2734
sistematica,Sistemática,4,0.00065,0.00133,0.01146,0.00024,12
sister,Sister,0,0.0,0,0.0,4e-05,2735
sister-psicosis,Sister psicosis,2,0.00032,0.00031,0.01531,0.00012,0
sistole,Sístole,0,0.0,0,0.0,4e-05,2736
skabaru,Skabaru,0,0.0,0,0.0,4e-05,2737
skabio,Skabio!,0,0.0,0,0.0,4e-05,2738
skamas,Skamas,4,0.00065,0.00012,0.01167,0.00019,3
skunk-dojo,Skunk Dojo,0,0.0,0,0.0,4e-05,2739
slick,Slick,0,0.0,0,0.0,4e-05,2740
slogan,Slogan,0,0.0,0,0.0,4e-05,2741
smilodon,Smilodon,0,0.0,0,0.0,4e-05,2742
smitten,Smitten,5,0.00081,0.00313,0.00288,0.00035,10
smocking-flamingo,Smocking Flamingo,4,0.00065,0.00128,0.00105,0.00024,0
smoke-sellers,Smoke Sellers,0,0.0,0,0.0,4e-05,2743
snake,Snake,1,0.00016,0.0,0.00059,9e-05,2
snif,Snif,0,0.0,0,0.0,4e-05,2744
so-abra,So Abra,1,0.00016,0.0,0.00249,8e-05,1
sobre-heroes-y-tumbas,Sobre Héroes y Tumbas,0,0.0,0,0.0,4e-05,2745
sobretodo-en-invierno,Sobretodo en Invierno,1,0.00016,0.0,0.01476,8e-05,1
sobreviento,Sobreviento,0,0.0,0,0.0,4e-05,2746
sobrevuelo,Sobrevuelo,1,0.00016,0.0,0.00102,8e-05,6
sobrinos-de-gianni,Sobrinos de Gianni,0,0.0,0,0.0,4e-05,2747
sociedad-anonima,Sociedad Anónima,0,0.0,0,0.0,4e-05,2748
socio,Socio,7,0.00113,0.00428,0.00337,0.0006,3
socios-de-nadie,Socios de nadie,0,0.0,0,0.0,4e-05,2749
socios-de-tijuana,Socios de Tijuana,0,0.0,0,0.0,4e-05,2750
soda-stereo,Soda Stereo,84,0.01358,0.04883,0.17867,0.00407,2
sofia-y-los-fantasmas-del-espacio,Sofía y Los Fantasmas del Espacio,0,0.0,0,0.0,4e-05,2751
solaris,Solaris,0,0.0,0,0.0,4e-05,2752
soldadores,Soldadores,0,0.0,0,0.0,4e-05,2753
soldados-en-rio,Soldados en río,0,0.0,0,0.0,4e-05,2754
soluna,Soluna,6,0.00097,0.00041,0.01909,0.00031,1
soma,Soma,0,0.0,0,0.0,4e-05,2755
sombrero,Sombrero,0,0.0,0,0.0,4e-05,2756
sombrero-club,Sombrero Club,0,0.0,0,0.0,4e-05,2757
sombrio,Sombrío,0,0.0,0,0.0,4e-05,2758
sometidos-por-morgan,Sometidos por Morgan,3,0.00048,0.00017,0.00603,0.00018,17
somnaluba,Somnaluba,4,0.00065,0.00058,0.0067,0.00021,8
somnia,Somnia,0,0.0,0,0.0,4e-05,2759
somos,Somos,0,0.0,0,0.0,4e-05,2760
somos-jardin,Somos Jardín,1,0.00016,0.0,0.00081,9e-05,2
somos-la-vanguardia,Somos La Vanguardia,0,0.0,0,0.0,4e-05,2761
somos-una-triste,Somos Una Triste,0,0.0,0,0.0,4e-05,2762
sonadores,Soñadores,2,0.00032,0.0,0.00514,0.00012,0
sonar,Sonar,0,0.0,0,0.0,4e-05,2763
sonar-eliptico,Sonar Elíptico,1,0.00016,0.0,0.00023,9e-05,4
songolongo,Songolongo,0,0.0,0,0.0,4e-05,2764
sonic-revolt,Sonic Revolt,1,0.00016,0,0.0,0.00028,124
sonora-insurgente,Sonora Insurgente,0,0.0,0,0.0,4e-05,2765
sonotipo,Sonotipo,1,0.00016,0.0,0.00272,8e-05,2
sonrei,Sonreí,0,0.0,0,0.0,4e-05,2766
sophie-sobral-y-factor-paracaidas,Sophie Sobral & Factor paracaídas,1,0.00016,0.0,0.01035,8e-05,1
soplo-el-fantasma,Sopló el fantasma,5,0.00081,0.00129,0.01273,0.00029,3
sordos,Sordos,0,0.0,0,0.0,4e-05,2767
sorpresa,Sorpresa!,0,0.0,0,0.0,4e-05,2768
sortie,Sortie,4,0.00065,0.00216,0.01233,0.00021,10
sotamanga,Sotamanga,0,0.0,0,0.0,4e-05,2769
sotavento-big-band,Sotavento Big Band,0,0.0,0,0.0,4e-05,2770
soul,Soul,0,0.0,0,0.0,4e-05,2771
soul-freedom-band,Soul Freedom Band,0,0.0,0,0.0,4e-05,2772
soul-to-soul,Soul to Soul,5,0.00081,0.00034,0.00524,0.00025,4
soultouch,Soultouch,0,0.0,0,0.0,4e-05,2773
soundblazter,Soundblazter,0,0.0,0,0.0,4e-05,2774
soundshine,Soundshine,0,0.0,0,0.0,4e-05,2775
southern-wilde,Southern Wilde,0,0.0,0,0.0,4e-05,2776
sowflap,Sowflap,0,0.0,0,0.0,4e-05,2777
speranthas,Speranthas,1,0.00016,0.0,2e-05,0.0001,8
spina-dorsal,Spina dorsal,0,0.0,0,0.0,4e-05,2778
spinetta-jade,Spinetta Jade,19,0.00307,0.00241,0.07132,0.00089,1
spinetta-paez,Spinetta-Páez,3,0.00048,0.0,0.02214,0.00015,1
spiritual-rebel,Spiritual Rebel,0,0.0,0,0.0,4e-05,2779
spiritual-reggae-band,Spiritual Reggae Band,0,0.0,0,0.0,4e-05,2780
spleen,Spleen,2,0.00032,0.00271,0.00273,0.00019,2
sponsors,Sponsors,5,0.00081,0.00042,0.00742,0.00028,0
spooks,Spooks,2,0.00032,2e-05,0.00028,0.00015,0
sr-tenga-reggae,Sr Tenga Reggae,1,0.00016,0.0,0.00026,0.0001,0
sr-tomate,Sr Tomate,1,0.00016,0,0.0,0.00028,125
sr-brass,Sr. Brass,0,0.0,0,0.0,4e-05,2781
sr-g,Sr. G,0,0.0,0,0.0,4e-05,2782
sr-lopez,Sr. López,1,0.00016,0.0,0.00082,0.0001,13
sr-valdez,Sr. Valdez,8,0.00129,0.00192,0.00495,0.00055,16
srnegro,SrNegro,0,0.0,0,0.0,4e-05,2783
srta-trueno-negro,Srta. Trueno Negro,0,0.0,0,0.0,4e-05,2784
starpunks,Starpunks,0,0.0,0,0.0,4e-05,2785
staya-staya,Staya Staya,0,0.0,0,0.0,4e-05,2786
steinein,SteinEin,6,0.00097,0.00079,0.00584,0.0003,15
stereopop,Stereopop,0,0.0,0,0.0,4e-05,2787
stereosonica,Stereosónica,0,0.0,0,0.0,4e-05,2788
stilo85,Stilo85,0,0.0,0,0.0,4e-05,2789
stokers,Stoker’s,0,0.0,0,0.0,4e-05,2790
stonerwitch,Stonerwitch,0,0.0,0,0.0,4e-05,2791
stop,Stop!,0,0.0,0,0.0,4e-05,2792
strega,Strega,0,0.0,0,0.0,4e-05,2793
striner,Striner,0,0.0,0,0.0,4e-05,2794
strumrock,StrumRock,0,0.0,0,0.0,4e-05,2795
stukapil,Stuk@pil,4,0.00065,3e-05,0.00248,0.00026,15
stuka,Stuka,3,0.00048,0.00041,0.00204,0.00027,15
stukas-en-vuelo,Stukas en Vuelo,5,0.00081,0.00065,0.00388,0.00031,15
suarez,Suárez,1,0.00016,0.0,0.00012,0.00014,12
suavestar,Suavestar,1,0.00016,0.0,0.00148,8e-05,2
sub,Sub,0,0.0,0,0.0,4e-05,2796
subcielo,Subcielo,0,0.0,0,0.0,4e-05,2797
subconciente,Subconciente,0,0.0,0,0.0,4e-05,2798
sublow,Sublow,0,0.0,0,0.0,4e-05,2799
submarino-pirata,Submarino pirata,2,0.00032,4e-05,0.00045,0.00016,10
submision,Submisión,0,0.0,0,0.0,4e-05,2800
subsuelo,Subsuelo,0,0.0,0,0.0,4e-05,2801
subsuelo-2,SubSuelo,0,0.0,0,0.0,4e-05,2802
suburband,Suburband,2,0.00032,4e-05,0.00144,0.00012,2
suburbano,Suburbano,0,0.0,0,0.0,4e-05,2803
subzero,Subzero,1,0.00016,0.0,0.00016,0.00011,0
sucesores,Sucesores,0,0.0,0,0.0,4e-05,2804
sucias-rockas,Sucias rockas,0,0.0,0,0.0,4e-05,2805
sucio-dengue,Sucio Dengue,1,0.00016,0.0,0.00259,9e-05,0
suculento-blues,Suculento blues,0,0.0,0,0.0,4e-05,2806
sudaka-roots,Sudaka Roots,0,0.0,0,0.0,4e-05,2807
sudarshana,Sudarshana,0,0.0,0,0.0,4e-05,2808
sue-mon-mont,Sue Mon Mont,2,0.00032,0.0,0.00012,0.0002,12
suena-supernova,Suena Supernova,0,0.0,0,0.0,4e-05,2809
suenaconpaz,Suenaconpaz,0,0.0,0,0.0,4e-05,2810
sueno-chaman,Sueño Chamán,0,0.0,0,0.0,4e-05,2811
sueno-de-pescado,Sueño de Pescado,0,0.0,0,0.0,4e-05,2812
sueno-inmoral,Sueño inmoral,0,0.0,0,0.0,4e-05,2813
suenos-de-fuego,Sueños De Fuego,0,0.0,0,0.0,4e-05,2814
suenos-de-libertad,Sueños de Libertad,1,0.00016,0.0,0.00044,9e-05,0
suenos-en-el-aire,Sueños en el aire,1,0.00016,0.0,1e-05,0.00015,3
suenos-punk-rock,Sueños Punk Rock,0,0.0,0,0.0,4e-05,2815
sueter,Suéter,15,0.00242,0.0021,0.05033,0.00072,1
suffi,Suffí,0,0.0,0,0.0,4e-05,2816
sugar-tampaxxx,Sugar Tampaxxx,1,0.00016,0.0,0.00081,9e-05,2
sui-generis,Sui Generis,33,0.00533,0.00497,0.08618,0.00139,1
suite-19,Suite 19,3,0.00048,0.00271,0.00408,0.0003,0
suite-solar,Suite solar,0,0.0,0,0.0,4e-05,2817
sujeto-tacito,Sujeto Tácito,0,0.0,0,0.0,4e-05,2818
sujetos,Sujetos,1,0.00016,0.0,0.00363,8e-05,1
sujetos-deseantes,Sujetos deseantes,0,0.0,0,0.0,4e-05,2819
sumaia-o,Sumaia O,0,0.0,0,0.0,4e-05,2820
sumergible,Sumergible,0,0.0,0,0.0,4e-05,2821
sumidera,Sumidera,0,0.0,0,0.0,4e-05,2822
summerhouse,Summerhouse,3,0.00048,1e-05,0.01051,0.00016,2
sumo,Sumo,35,0.00566,0.02224,0.05897,0.00163,0
sunny-days,Sunny Days,0,0.0,0,0.0,4e-05,2823
sunrise,Sunrise,0,0.0,0,0.0,4e-05,2824
super-bass,Super Bass,0,0.0,0,0.0,4e-05,2825
super-radio,Super Radio,0,0.0,0,0.0,4e-05,2826
super-yo,Super Yo,5,0.00081,0.0017,0.00549,0.00026,4
super-yo-yo,Súper Yo Yo,2,0.00032,1e-05,0.00037,0.00013,4
super,Súper!,0,0.0,0,0.0,4e-05,2827
super8,Super8,0,0.0,0,0.0,4e-05,2828
superchango,Superchango,1,0.00016,0.0,2e-05,0.00013,6
supercheria,Superchería,5,0.00081,0.00096,0.0013,0.00034,14
superextra,Superextra,3,0.00048,0.00031,0.01592,0.00015,1
superfan-del-reino-regio,Superfan del Reino Regio,0,0.0,0,0.0,4e-05,2829
superflan,Superflan,0,0.0,0,0.0,4e-05,2830
superfluo,Superfluo,1,0.00016,0.0,0.00012,9e-05,4
superheroes,Superhéroes,0,0.0,0,0.0,4e-05,2831
superjet,SuperJet,0,0.0,0,0.0,4e-05,2832
superlancha,Superlancha,0,0.0,0,0.0,4e-05,2833
superlasciva,Superlasciva,5,0.00081,0.00162,0.00957,0.00027,0
superlogico,Superlógico,1,0.00016,0.0,0.00207,8e-05,1
supermartir,Supermartir,0,0.0,0,0.0,4e-05,2834
supernadie,Supernadie,0,0.0,0,0.0,4e-05,2835
supernova,Supernova,0,0.0,0,0.0,4e-05,2836
superrojo,Superrojo,0,0.0,0,0.0,4e-05,2837
supersivo,Supersivo,0,0.0,0,0.0,4e-05,2838
supersonic-finestra,Supersonic Finestra,0,0.0,0,0.0,4e-05,2839
superuva,Superuva,6,0.00097,0.0011,0.00177,0.00039,0
supervinilos,Supervinilos,0,0.0,0,0.0,4e-05,2840
sur,Sur,1,0.00016,0.0,0.01035,8e-05,1
sur-banda,Sur Banda,2,0.00032,5e-05,0.00085,0.00016,24
sur-candela,Sur Candela,0,0.0,0,0.0,4e-05,2841
sur-candela-2,Sur Candela,0,0.0,0,0.0,4e-05,2842
sur-du-monde,Sur Du Monde,5,0.00081,0.00285,0.00745,0.00028,3
sur-en-llamas,Sur en llamas,0,0.0,0,0.0,4e-05,2843
sur-oculto,Sur oculto,2,0.00032,0.00179,0.0,0.00028,11
surfing-maradonas,Surfing Maradonas,0,0.0,0,0.0,4e-05,2844
surfistas-del-sistema,Surfistas del Sistema,5,0.00081,0.00071,0.00695,0.00026,0
surikata-ki,Surikata Ki,0,0.0,0,0.0,4e-05,2845
surinam,Surinam,0,0.0,0,0.0,4e-05,2846
surpluss,Surpluss,0,0.0,0,0.0,4e-05,2847
surreal,SurReal,0,0.0,0,0.0,4e-05,2848
surrebire,Surrebire,2,0.00032,0.00021,0.00228,0.00013,4
sursaidaz,Sursaidaz,0,0.0,0,0.0,4e-05,2849
suruba,Suruba,2,0.00032,0.00034,0.01505,0.00012,0
suspension,Suspensión,0,0.0,0,0.0,4e-05,2850
suspensivos-inflamables,Suspensivos Inflamables,0,0.0,0,0.0,4e-05,2851
sutil-stock,Sutil Stock,3,0.00048,0.00057,0.00091,0.0002,8
suvetar,Suvetar,0,0.0,0,0.0,4e-05,2852
swank,Swank,0,0.0,0,0.0,4e-05,2853
sygma,Sygma,1,0.00016,0.0,1e-05,0.00013,16
symbelmyne,Symbelmyne,0,0.0,0,0.0,4e-05,2854
sync-filmico,Sync Filmico,0,0.0,0,0.0,4e-05,2855
tomas-stagnaro,Tomás Stagnaro,1,0.00016,0,0.0,0.00028,126
turu-saez,Turu Sáez,3,0.00048,0.0004,0.00027,0.00026,8
vera-spinetta,Vera Spinetta,1,0.00016,0,0.0,0.00028,127
viviana-scaliza,Viviana Scaliza,2,0.00032,2e-05,0.00051,0.00022,5
toto,Adrián Toto Nievas,2,0.00032,0.0,0.00074,0.00015,2
ariel-tenenbaum,Ariel Tenenbaum,2,0.00032,0.00036,0.00033,0.0002,0
diego-torres,Diego Torres,8,0.00129,0.0009,0.01066,0.00043,4
el-tano-y-los-san-titos-desvelados,El Tano y los san Titos desvelados,0,0.0,0,0.0,4e-05,2856
el-tio-pastaflora-y-los-hermanos-vicario,El Tío Pastaflora y los Hermanos Vicario,0,0.0,0,0.0,4e-05,2857
el-tranvia,El Tranvía,0,0.0,0,0.0,4e-05,2858
el-triangulo,El Triángulo,3,0.00048,0.0006,9e-05,0.00031,8
el-tronador,El Tronador,2,0.00032,4e-05,0.0001,0.00015,9
facu-tobogan,Facu Tobogán,2,0.00032,0,0.0,0.00027,23
ismael-torres,Ismael Torres,2,0.00032,3e-05,0.00333,0.00013,17
jose-alberto-iglesias-tanguito,"José Alberto Iglesias, Tanguito",24,0.00388,0.00571,0.04744,0.00107,1
juan-mariano-taboada,Juan Mariano Taboada,2,0.00032,1e-05,0.00125,0.00014,6
juan-tarsia,Juan Tarsia,0,0.0,0,0.0,4e-05,2859
la-tabare,La Tabaré,0,0.0,0,0.0,4e-05,2860
la-tanguera-violenta,La Tanguera Violenta,1,0.00016,0,0.0,0.00028,142
la-tapera,La Tapera,1,0.00016,0.0,0.00284,8e-05,0
la-teoria-del-caos,La Teoría del caos,0,0.0,0,0.0,4e-05,2861
la-terminal,La Terminal,1,0.00016,0.0,0.00015,0.00016,3
la-todo-mal-orquesta,La Todo mal orquesta,3,0.00048,0.00022,0.00284,0.00017,9
la-tolva,La Tolva,2,0.00032,0.00236,0.00012,0.00022,1
la-torre,La Torre,22,0.00356,0.0135,0.03285,0.00129,7
la-tos-de-una-senora-alemana,La Tos de una señora alemana,0,0.0,0,0.0,4e-05,2862
la-toscano,La Toscano,0,0.0,0,0.0,4e-05,2863
la-traktora,La Traktora,5,0.00081,0.00041,0.00138,0.00029,0
la-tramoya,La Tramoya,0,0.0,0,0.0,4e-05,2864
la-trampa,La Trampa,6,0.00097,0.00182,0.00312,0.00042,3
la-tregua,La Tregua,3,0.00048,0.00015,0.02111,0.00015,1
la-trifasica,La Trifásica,5,0.00081,0.00266,0.00606,0.00028,5
la-trifulca,La Trifulca,1,0.00016,0.0,0.00197,7e-05,1
la-tripera,La Tripera,1,0.00016,0.0,0.00139,9e-05,10
la-triple-nelson,La Triple Nelson,2,0.00032,3e-05,0.00252,0.00014,4
la-tropilla-rea,La Tropilla Rea,0,0.0,0,0.0,4e-05,2865
la-tukura,La Tukura,0,0.0,0,0.0,4e-05,2866
la-tumba-del-alca,La Tumba del Alca,1,0.00016,0,0.0,0.00028,128
la-tupaca,La Tupaca,0,0.0,0,0.0,4e-05,2867
la-turca,La Turca,1,0.00016,0.0,0.00016,0.00011,0
las-taradas,Las Taradas,5,0.00081,0.00165,0.00118,0.00039,9
las-terminales,Las Terminales,0,0.0,0,0.0,4e-05,2868
las-trampas-de-falopio,Las Trampas de Falopio,0,0.0,0,0.0,4e-05,2869
las-trampas-de-lily,Las Trampas de Lily,1,0.00016,0.0,0.00274,8e-05,2
las-tussi,Las Tussi,0,0.0,0,0.0,4e-05,2870
leandro-tornello,Leandro Tornello,0,0.0,0,0.0,4e-05,2871
los-tabaleros,Los Tabaleros,1,0.00016,0.0,0.00103,8e-05,15
los-tancredos,Los Tancredos,1,0.00016,0.0,0.00167,8e-05,2
los-teddy-boys,Los Teddy Boys,4,0.00065,0.00065,0.01061,0.00023,5
los-tekis,Los Tekis,8,0.00129,0.00202,0.00757,0.0004,3
los-telepatas,Los Telépatas,5,0.00081,0.00034,0.01389,0.00025,2
los-tipitos,Los Tipitos,36,0.00582,0.01672,0.05823,0.00177,3
los-tiros,Los Tiros,0,0.0,0,0.0,4e-05,2872
los-todopantalla,Los Todopantalla,0,0.0,0,0.0,4e-05,2873
los-tolchocos,Los Tolchocos,1,0.00016,0.0,0.00021,9e-05,6
los-tonicos,Los Tónicos,2,0.00032,2e-05,0.00254,0.00012,10
los-traidores,Los Traidores,2,0.00032,0.0,1e-05,0.00019,3
los-tremendos,Los Tremendos,2,0.00032,0,0.0,0.0004,56
los-triciclosclos,Los TriciclosClos,0,0.0,0,0.0,4e-05,2874
los-tupix,Los Tupix,0,0.0,0,0.0,4e-05,2875
los-twist,Los Twist,25,0.00404,0.00337,0.06649,0.00118,1
lucia-tacchetti,Lucía Tacchetti,1,0.00016,0.0,0.00103,8e-05,2
luciana-tagliapietra,Luciana Tagliapietra,2,0.00032,0.00382,0.00543,0.00015,13
marcelo-torres,Marcelo Torres,6,0.00097,0.00062,0.0163,0.00036,1
mariano-toziano,Mariano Toziano,1,0.00016,0.0,4e-05,0.00011,26
maxi-trusso,Maxi Trusso,5,0.00081,0.00071,0.00311,0.00029,7
tabaquito-marroqui,Tabaquito Marroquí,1,0.00016,0.0,0.00998,8e-05,1
tabu,Tabú,0,0.0,0,0.0,4e-05,2876
tabule,Tabulé,2,0.00032,0.00012,0.00192,0.00015,3
tachangou,Tachangou,0,0.0,0,0.0,4e-05,2877
taija-rae,Taija Rae,0,0.0,0,0.0,4e-05,2878
tal-banda,Tal Banda,0,0.0,0,0.0,4e-05,2879
tales,Tales,0,0.0,0,0.0,4e-05,2880
talles-espaciales,Talles espaciales,2,0.00032,0.00036,0.01479,0.00018,1
talvgtal,Talvgtal,2,0.00032,0.00062,0.00297,0.00015,0
tamadre,Tamadre,0,0.0,0,0.0,4e-05,2881
tamarisco,Tamarisco,1,0.00016,0.0,0.00167,9e-05,9
tamboor,Tamboor,1,0.00016,0,0.0,0.00028,129
tamesis,Támesis,1,0.00016,0.0,0.00013,0.00011,22
tan-bionica,Tan Biónica,29,0.00469,0.02001,0.06653,0.00142,4
tan-frio-el-verano,Tan frío el verano,0,0.0,0,0.0,4e-05,2882
tancredo,Tancredo,0,0.0,0,0.0,4e-05,2883
tanghetto,Tanghetto,1,0.00016,0,0.0,0.00028,130
tango-party,Tango Party,4,0.00065,0.00045,0.004,0.00022,3
tanta-trampa,Tanta Trampa,0,0.0,0,0.0,4e-05,2884
tantor,Tantor,7,0.00113,0.00243,0.00704,0.00033,1
tantra,Tantra,0,0.0,0,0.0,4e-05,2885
tao-de-king,Tao de King,1,0.00016,0.0,0.00069,8e-05,5
tape-out,Tape Out,0,0.0,0,0.0,4e-05,2886
tapones-de-punta,Tapones de punta,0,0.0,0,0.0,4e-05,2887
tarzen,Tarzen,4,0.00065,0.00036,0.00412,0.00024,15
tatadio,Tatadio,1,0.00016,0.0,0.00107,9e-05,0
tatamama,Tatamama,0,0.0,0,0.0,4e-05,2888
taura,Taura,0,0.0,0,0.0,4e-05,2889
tauro,Tauro,1,0.00016,0.0,9e-05,0.00012,20
te-de-brujas,Té de Brujas,1,0.00016,0.0,6e-05,0.00011,5
te-traje-flores,Te traje flores,2,0.00032,3e-05,0.00097,0.00014,8
teddy-krueguer,Teddy Krueguer,0,0.0,0,0.0,4e-05,2890
telefryzer,Telefryzer,0,0.0,0,0.0,4e-05,2891
telekinesis,Telekinesis,0,0.0,0,0.0,4e-05,2892
telepaticos,Telepáticos,0,0.0,0,0.0,4e-05,2893
telepod,Telepod,2,0.00032,0.00038,0.00302,0.00013,10
telescopios,Telescopios,0,0.0,0,0.0,4e-05,2894
telesistema,Telesistema,0,0.0,0,0.0,4e-05,2895
televador,Televador,0,0.0,0,0.0,4e-05,2896
telexx,Telexx,6,0.00097,0.00319,0.00578,0.00031,10
temper,Temper,0,0.0,0,0.0,4e-05,2897
tempestad,Tempestad,0,0.0,0,0.0,4e-05,2898
tempestar,Tempestar,0,0.0,0,0.0,4e-05,2899
temporada-de-tormentas,Temporada de tormentas,1,0.00016,0,0.0,0.00022,57
tengwar,Tengwar,0,0.0,0,0.0,4e-05,2900
tennis-blues-band,Tennis Blues Band,0,0.0,0,0.0,4e-05,2901
terapia,Terapia,0,0.0,0,0.0,4e-05,2902
tercer-dia,Tercer día,2,0.00032,0.00029,0.00094,0.00015,14
tercer-modulo-ska,Tercer Módulo Ska,4,0.00065,0.00037,0.00398,0.00021,0
tercer-ojo,Tercer ojo,1,0.00016,0.0,0.0,0.00014,36
tercer-riel,Tercer riel,0,0.0,0,0.0,4e-05,2903
terrapio,Terrapio,4,0.00065,0.00028,0.00472,0.00023,0
terraplen,Terraplén,2,0.00032,0.00078,0.00193,0.00017,12
terribles-enfants,Terribles Enfants,1,0.00016,0.0,0.0,0.00014,2
terrores-nocturnos,Terrores nocturnos,0,0.0,0,0.0,4e-05,2904
tess,Tess,0,0.0,0,0.0,4e-05,2905
testigos-de-garcia,Testigos de García,0,0.0,0,0.0,4e-05,2906
tete,Tete,0,0.0,0,0.0,4e-05,2907
tetris,Tetris,0,0.0,0,0.0,4e-05,2908
texitez,Texitez,0,0.0,0,0.0,4e-05,2909
thanatos,Thanatos,0,0.0,0,0.0,4e-05,2910
thc,THC,4,0.00065,0.00033,0.00268,0.00023,0
thc-syrah,Thc Syrah,0,0.0,0,0.0,4e-05,2911
the-aberdeens,The Aberdeens,0,0.0,0,0.0,4e-05,2912
the-acoustic-blues,The Acoustic Blues,1,0.00016,0.0,0.0,0.00022,25
the-alvears,The Alvears,0,0.0,0,0.0,4e-05,2913
the-beladies,The Beladies,4,0.00065,0.00099,0.00822,0.00024,22
the-boffes,The Boffes,0,0.0,0,0.0,4e-05,2914
the-broken-toys,The Broken Toys,0,0.0,0,0.0,4e-05,2915
the-diablitos-angelicales,The Diablitos Angelicales,0,0.0,0,0.0,4e-05,2916
the-falcons,The Falcons,1,0.00016,0,0.0,0.00022,58
the-fear-of-being-offline,The Fear Of Being Offline,0,0.0,0,0.0,4e-05,2917
the-flowers-orchestra,The Flowers Orchestra,0,0.0,0,0.0,4e-05,2918
the-gay-gay-guys,The Gay Gay Guys,3,0.00048,0.00105,0.00265,0.00018,11
the-gelmans,The Gelmans,0,0.0,0,0.0,4e-05,2919
the-hojas-secas,The Hojas Secas,2,0.00032,0,0.0,0.0004,58
the-indecentes,The Indecentes,0,0.0,0,0.0,4e-05,2920
the-jackpots,The Jackpots,2,0.00032,0.00236,7e-05,0.00021,5
the-jaqueline-trash,The Jaqueline Trash,0,0.0,0,0.0,4e-05,2921
the-johns,The Johns,3,0.00048,0.00052,0.01886,0.0002,0
the-kavanaghs,The Kavanaghs,0,0.0,0,0.0,4e-05,2922
the-keruza,The Keruza,4,0.00065,0.00061,0.00551,0.00024,9
the-knacks,The Knacks,0,0.0,0,0.0,4e-05,2923
the-koalas,The Koalas,0,0.0,0,0.0,4e-05,2924
the-kyoto-connection,The Kyoto Connection,0,0.0,0,0.0,4e-05,2925
the-leatles,The Leatles,0,0.0,0,0.0,4e-05,2926
the-maleducates,The Maleducates,0,0.0,0,0.0,4e-05,2927
the-manta-raya,The Manta Raya,0,0.0,0,0.0,4e-05,2928
the-monchos,The Monchos,0,0.0,0,0.0,4e-05,2929
the-ocean,The Ocean,0,0.0,0,0.0,4e-05,2930
the-omelettes,The Omelettes,0,0.0,0,0.0,4e-05,2931
the-plasticos,The Plasticos,1,0.00016,0.0,0.00081,9e-05,2
the-plugin,The Plugin,0,0.0,0,0.0,4e-05,2932
the-raccoons,The Raccoons,1,0.00016,0.0,0.0,0.00015,14
the-rayos,The Rayos,0,0.0,0,0.0,4e-05,2933
the-richards-tex-tex,The Richard’s Tex Tex,0,0.0,0,0.0,4e-05,2934
the-rollands,The Rollands,1,0.00016,0,0.0,0.00028,131
the-rooster,The Rooster,0,0.0,0,0.0,4e-05,2935
the-sacados,The Sacados,0,0.0,0,0.0,4e-05,2936
the-seasons,The Seasons,4,0.00065,9e-05,0.00542,0.00024,1
the-shamrocks,The Shamrocks,0,0.0,0,0.0,4e-05,2937
the-tandooris,The Tandooris,0,0.0,0,0.0,4e-05,2938
the-terror,The Terror,0,0.0,0,0.0,4e-05,2939
the-tormentos,The Tormentos,1,0.00016,0.0,7e-05,0.00011,0
the-tristes,The Tristes,0,0.0,0,0.0,4e-05,2940
the-truman-show-band,The Truman Show Band,0,0.0,0,0.0,4e-05,2941
the-unborn,The Unborn,0,0.0,0,0.0,4e-05,2942
the-vostok,The Vostok,0,0.0,0,0.0,4e-05,2943
the-walkers,The Walkers,4,0.00065,0.00014,0.01188,0.00018,1
the-zalchichos,The Zalchichos,0,0.0,0,0.0,4e-05,2944
the1060s,The1060s,0,0.0,0,0.0,4e-05,2945
thelefon,Thelefon,0,0.0,0,0.0,4e-05,2946
thelema,Thelema,0,0.0,0,0.0,4e-05,2947
thes-siniestros,Thes Siniestros,0,0.0,0,0.0,4e-05,2948
thesurenos,TheSureños,0,0.0,0,0.0,4e-05,2949
thor,Thor,0,0.0,0,0.0,4e-05,2950
thor-tilla,Thör Tilla,0,0.0,0,0.0,4e-05,2951
tia-marta,Tía Marta,0,0.0,0,0.0,4e-05,2952
tiago-y-los-pajaros,Tiago & Los Pájaros,0,0.0,0,0.0,4e-05,2953
tiatrementina,Tiatrementina,0,0.0,0,0.0,4e-05,2954
tick-toper,Tick Toper,0,0.0,0,0.0,4e-05,2955
tiempo-lunar,Tiempo lunar,0,0.0,0,0.0,4e-05,2956
tiempo-perdido,Tiempo Perdido,3,0.00048,0.00061,0.00645,0.00019,7
tiempos-de-gloria,Tiempos de gloria,0,0.0,0,0.0,4e-05,2957
tiempos-duros,Tiempos duros,1,0.00016,0.0,2e-05,0.00013,21
tienda-de-rarezas,Tienda de Rarezas,2,0.00032,0.00036,0.00027,0.00021,0
tierra,Tierra,0,0.0,0,0.0,4e-05,2958
tierra-de-fuego,Tierra de Fuego,0,0.0,0,0.0,4e-05,2959
tifosis-del-rey,Tifosis del Rey,1,0.00016,0.0,7e-05,0.00012,1
tiger-mood,Tiger Mood,0,0.0,0,0.0,4e-05,2960
tijuanablusbang,TijuanaBlusBang!,0,0.0,0,0.0,4e-05,2961
timaias,Timaias,0,0.0,0,0.0,4e-05,2962
timmy-otool,Timmy O’Tool,2,0.00032,1e-05,0.00094,0.00013,0
tintoreros,Tintoreros,3,0.00048,0.0003,0.00537,0.00017,0
tiny-terrorist,Tiny Terrorist,0,0.0,0,0.0,4e-05,2963
tio-roman,Tío Román,2,0.00032,0.0,0.00132,0.00013,2
tio-tom,Tío Tom,0,0.0,0,0.0,4e-05,2964
tipsy,Tipsy,0,0.0,0,0.0,4e-05,2965
tires-de-trapo,Tires de trapo,0,0.0,0,0.0,4e-05,2966
tirman-kid,Tirman Kid,0,0.0,0,0.0,4e-05,2967
titan-flor,Titan Flor,2,0.00032,0.00036,0.00082,0.00019,2
tia-newton,Tí­a Newton,9,0.00145,0.00079,0.0125,0.0004,2
tobogan-andaluz,Tobogán Andaluz,2,0.00032,0,0.0,0.00027,23
tobogan-andaluz-2,Tobogán Andaluz,3,0.00048,0,0.0,0.00039,23
toboganes-a-marte,Toboganes a Marte,1,0.00016,0.0,3e-05,0.00012,10
tocamos-igual-blues-band,Tocamos Igual Blues Band,1,0.00016,0.0,2e-05,0.00011,1
toch,Toch,0,0.0,0,0.0,4e-05,2968
todo-aparenta-normal,Todo aparenta normal,5,0.00081,0.00105,0.00941,0.00026,0
todo-vuelve,Todo vuelve,0,0.0,0,0.0,4e-05,2969
todopoderoso-popular-marcial,Todopoderoso Popular Marcial,0,0.0,0,0.0,4e-05,2970
todos-al-obelisco,Todos al Obelisco,1,0.00016,0.0,0.00155,9e-05,0
todos-los-martes,Todos los martes,1,0.00016,0.0,0.0005,9e-05,0
todos-los-rayos,Todos Los Rayos,1,0.00016,0,0.0,0.00028,132
todos-tus-muertos,Todos Tus Muertos,30,0.00485,0.02888,0.06158,0.00172,0
todouno-band,Todouno Band,0,0.0,0,0.0,4e-05,2971
toke-de-queda,Toke de queda,0,0.0,0,0.0,4e-05,2972
tomalo,Tomalo,0,0.0,0,0.0,4e-05,2973
tomates-asesinos,Tomates asesinos,0,0.0,0,0.0,4e-05,2974
tonolec,Tonolec,1,0.00016,0,0.0,0.00028,133
tony-70,Tony 70,2,0.00032,3e-05,0.00042,0.00014,5
top-manta,Top Manta,0,0.0,0,0.0,4e-05,2975
toponauta,Toponauta,0,0.0,0,0.0,4e-05,2976
topos,Topos,1,0.00016,0.0,0.00027,0.0001,0
toque-de-queda,Toque de Queda,0,0.0,0,0.0,4e-05,2977
toquelau,Toquelau,0,0.0,0,0.0,4e-05,2978
torcaza,Torcaza,0,0.0,0,0.0,4e-05,2979
torch,Torch,0,0.0,0,0.0,4e-05,2980
torneo-de-verano,Torneo de Verano,0,0.0,0,0.0,4e-05,2981
toroloco-power-trio,Toroloco Power Trío,0,0.0,0,0.0,4e-05,2982
torque,Torque,0,0.0,0,0.0,4e-05,2983
torre-negra,Torre negra,1,0.00016,0.0,0.00139,9e-05,10
totem,Totem,1,0.00016,0.0,0.00128,9e-05,3
tototomas,Tototomás,1,0.00016,0.0,1e-05,0.00011,13
totus-toss,Totus Toss,3,0.00048,8e-05,0.00303,0.00017,2
toub-machen,Toub Machen,0,0.0,0,0.0,4e-05,2984
tourettes,Tourettes,0,0.0,0,0.0,4e-05,2985
toxi-pol,Toxi-pol,0,0.0,0,0.0,4e-05,2986
toys-in-the-attic,Toys in the Attic,0,0.0,0,0.0,4e-05,2987
tr3s,Tr3s,0,0.0,0,0.0,4e-05,2988
trabajo-sucio,Trabajo Sucio,1,0.00016,0.0,2e-05,0.00011,0
tractor,Tractor,0,0.0,0,0.0,4e-05,2989
tracy-lord,Tracy Lord,2,0.00032,1e-05,0.00083,0.00013,10
traetormenta,Traetormenta,0,0.0,0,0.0,4e-05,2990
traidores,Traidores,0,0.0,0,0.0,4e-05,2991
trailer,Trailer,0,0.0,0,0.0,4e-05,2992
trampolins,Trampolins,0,0.0,0,0.0,4e-05,2993
tranquiloenano,Tranquiloenano,0,0.0,0,0.0,4e-05,2994
translucido,Translúcido,0,0.0,0,0.0,4e-05,2995
transmundial,Transmundial,0,0.0,0,0.0,4e-05,2996
trapacero,Trapacero,0,0.0,0,0.0,4e-05,2997
trapalanda,Trapalanda,0,0.0,0,0.0,4e-05,2998
trapani-anden,Trapani Andén,3,0.00048,0.00036,0.002,0.00022,17
trauma,Trauma,0,0.0,0,0.0,4e-05,2999
travesti,Travesti,0,0.0,0,0.0,4e-05,3000
trazo-fino,Trazo fino,1,0.00016,0.0,0.00284,8e-05,0
trebian,Trebian,1,0.00016,0.0,0.00021,0.0001,9
trebolares,Trebolares,0,0.0,0,0.0,4e-05,3001
tremenda-sanata,Tremenda Sanata,1,0.00016,0.0,0.00019,9e-05,10
tremolo,Trémolo,0,0.0,0,0.0,4e-05,3002
tremor,Tremor,0,0.0,0,0.0,4e-05,3003
tren-fantama,Tren fantama,8,0.00129,0.00114,0.00491,0.00042,0
tren-loco,Tren Loco,9,0.00145,0.00521,0.00041,0.00063,8
trepanador,Trepanador,0,0.0,0,0.0,4e-05,3004
tres,Tres,0,0.0,0,0.0,4e-05,3005
tres-16,Tres 16,0,0.0,0,0.0,4e-05,3006
tres-cinicos,Tres Cínicos,1,0.00016,0.0,0.00118,9e-05,8
tres-cuervos,Tres Cuervos,2,0.00032,0.00061,0.0006,0.00019,9
tres-dibujos,Tres dibujos,0,0.0,0,0.0,4e-05,3007
tres-extranos,Tres Extraños,3,0.00048,0.00012,0.01044,0.00018,5
tres-orillas,Tres Orillas,1,0.00016,0.0,1e-05,0.00013,3
tres-tipos,Tres tipos,0,0.0,0,0.0,4e-05,3008
tria-mera,Tría Mera,0,0.0,0,0.0,4e-05,3009
tribal-zion,Tribal Zion,0,0.0,0,0.0,4e-05,3010
tribu-fandango,Tribu Fandango,0,0.0,0,0.0,4e-05,3011
triddana,Triddana,0,0.0,0,0.0,4e-05,3012
trifasico,Trifásico,0,0.0,0,0.0,4e-05,3013
trigger,Trigger,0,0.0,0,0.0,4e-05,3014
trigo,Trigo,0,0.0,0,0.0,4e-05,3015
trilce,TriLCe,0,0.0,0,0.0,4e-05,3016
trilicos,Trílicos,3,0.00048,0.00077,0.00074,0.00021,9
trilogia,Trilogía,0,0.0,0,0.0,4e-05,3017
trim,Trim,0,0.0,0,0.0,4e-05,3018
trio-argentino-de-bajos,Trío Argentino de Bajos,1,0.00016,0.0,0.00019,0.0001,1
trio-desatanudos,Trío Desatanudos,0,0.0,0,0.0,4e-05,3019
trio-fattoruso,Trío Fattoruso,1,0.00016,0.0,9e-05,9e-05,3
trio-galleta,Trío Galleta,0,0.0,0,0.0,4e-05,3020
trio-lluvia,Trío Lluvia,0,0.0,0,0.0,4e-05,3021
triple-cero,Triple Cero,2,0.00032,6e-05,0.00036,0.00015,0
triple-g,Triple G,0,0.0,0,0.0,4e-05,3022
tristemente-celebres,Tristemente célebres,5,0.00081,0.00086,0.00357,0.00031,8
trompos,Trompos,1,0.00016,0,0.0,0.00028,134
tropel,Tropel,0,0.0,0,0.0,4e-05,3023
tropelia,Tropelía,0,0.0,0,0.0,4e-05,3024
tropico-pampa,Trópico Pampa,0,0.0,0,0.0,4e-05,3025
trotsky-vengaran,Trotsky Vengaran,1,0.00016,0.0,0.00031,0.0001,0
trovanova,Trovanova,0,0.0,0,0.0,4e-05,3026
trujaman,Trujamán,5,0.00081,0.00099,0.00307,0.00033,14
tsunami,Tsunami,0,0.0,0,0.0,4e-05,3027
tsunami-project,Tsunami Project,0,0.0,0,0.0,4e-05,3028
tu-hermana,Tu Hermana,0,0.0,0,0.0,4e-05,3029
tu-kalavera,Tu Kalavera,0,0.0,0,0.0,4e-05,3030
tucson,Tucson,2,0.00032,0.00036,0.00021,0.00023,7
tuli-yanasa,Tuli Yanasa,0,0.0,0,0.0,4e-05,3031
tulus,Tulús,0,0.0,0,0.0,4e-05,3032
tuna-freaks,Tuna Freaks,0,0.0,0,0.0,4e-05,3033
tunante-bellaco,Tunante Bellaco,2,0.00032,1e-05,0.00462,0.00012,5
turbocoopers,Turbocoopers,0,0.0,0,0.0,4e-05,3034
turf,Turf,8,0.00129,0.0032,0.02264,0.00042,0
turvia,Turvia,0,0.0,0,0.0,4e-05,3035
tus-hermosos,Tus Hermosos,0,0.0,0,0.0,4e-05,3036
tux,Tux,0,0.0,0,0.0,4e-05,3037
dani-umpi,Dani Umpi,3,0.00048,0,0.0,0.00052,33
juan-manuel-ucros,Juan Manuel Ucrós,0,0.0,0,0.0,4e-05,3038
la-unica-ruta,La Única Ruta,3,0.00048,0.0002,0.00853,0.00017,1
la-usina,La Usina,4,0.00065,0.00044,0.00158,0.0003,2
los-umbanda,Los Umbanda,5,0.00081,0.00142,0.00293,0.00034,3
los-ustedes,Los Ustedes,1,0.00016,0.0,0.00203,8e-05,3
mex-urtizberea,Mex Urtizberea,9,0.00145,0.00303,0.00773,0.00047,5
mi-ultima-solucion,Mi Última Solución,0,0.0,0,0.0,4e-05,3039
ubika,Ubika,3,0.00048,0.00054,0.0009,0.00018,2
ubu,Ubú,0,0.0,0,0.0,4e-05,3040
ubuntu,Ubuntu,0,0.0,0,0.0,4e-05,3041
ucrion,UcrioN,0,0.0,0,0.0,4e-05,3042
uctureva,Uctureva,0,0.0,0,0.0,4e-05,3043
ule,Ule,0,0.0,0,0.0,4e-05,3044
ultima-cifra,Última cifra,0,0.0,0,0.0,4e-05,3045
ultima-marea,Ultima Marea,0,0.0,0,0.0,4e-05,3046
ultimo-deseo,Ultimo deseo,1,0.00016,0.0,0.00078,8e-05,1
ultimo-dia,Último día,0,0.0,0,0.0,4e-05,3047
ultimo-expresso,Último expresso,0,0.0,0,0.0,4e-05,3048
ultimo-sol,Último Sol,0,0.0,0,0.0,4e-05,3049
ultragalana,Ultragalana,0,0.0,0,0.0,4e-05,3050
ultraliviano,Ultraliviano,0,0.0,0,0.0,4e-05,3051
ultramandaco,Ultramandaco,3,0.00048,0.00033,0.00062,0.00024,4
ultranova,Ultranova,0,0.0,0,0.0,4e-05,3052
ultrasonido,Ultrasonido,0,0.0,0,0.0,4e-05,3053
ultravelocidad,Ultravelocidad,1,0.00016,0.0,0.0,0.00015,13
uma,Uma,0,0.0,0,0.0,4e-05,3054
uma-totoro,Uma Totoro,0,0.0,0,0.0,4e-05,3055
umbral,Umbral,0,0.0,0,0.0,4e-05,3056
ummagumma,UmmagummA,0,0.0,0,0.0,4e-05,3057
umo,Umo,0,0.0,0,0.0,4e-05,3058
un,UN,0,0.0,0,0.0,4e-05,3059
un-dia-de-lava,Un día de lava,0,0.0,0,0.0,4e-05,3060
un-dia-perfecto-para-el-pez-banana,Un día perfecto para el pez banana,1,0.00016,0,0.0,0.00028,135
un-kuartito,Un Kuartito,2,0.00032,0.0,0.00019,0.00014,0
un-monton-de-lugares,Un montón de lugares,0,0.0,0,0.0,4e-05,3061
un-planeta,Un Planeta,2,0.00032,0,0.0,0.00031,23
un-pueblito,Un Pueblito,0,0.0,0,0.0,4e-05,3062
una-fabrica,Una Fábrica,1,0.00016,0.0,8e-05,0.0001,8
under-my-feet,Under My Feet,1,0.00016,0.0,2e-05,0.00011,8
undermine,Undermine,0,0.0,0,0.0,4e-05,3063
undertaker,Undertaker,1,0.00016,0.0,0.00021,0.00011,7
unidive,Unidivé,0,0.0,0,0.0,4e-05,3064
uniendo-raices,Uniendo raíces,3,0.00048,0.00015,0.00057,0.00019,0
unisono,Unísono,2,0.00032,0.0,0.02326,0.00011,2
univerzoo,Univerzoo,0,0.0,0,0.0,4e-05,3065
uno-nunca-sabe,Uno nunca sabe,0,0.0,0,0.0,4e-05,3066
ur-vano,Ur-vano,0,0.0,0,0.0,4e-05,3067
urbhano,Urbhano,0,0.0,0,0.0,4e-05,3068
usted-senalemelo,Usted Señálemelo,8,0.00129,0.00616,0.01348,0.0005,2
ut-ut-ut,UT UT UT,1,0.00016,0.0,0.00016,0.00011,0
utah,Utah,1,0.00016,0,0.0,0.00028,139
utopians,Utopians,4,0.00065,0.00046,0.00018,0.00032,14
uv17,UV17,3,0.00048,0.00038,0.00272,0.00021,10
uvamotora,Uvamotora,0,0.0,0,0.0,4e-05,3069
ana-volena,Ana Volena,1,0.00016,0.0,0.00049,0.0001,2
carlos-vandera,Carlos Vandera,0,0.0,0,0.0,4e-05,3070
el-vagon,El Vagón,0,0.0,0,0.0,4e-05,3071
el-viejo-contrabando,El Viejo contrabando,0,0.0,0,0.0,4e-05,3072
el-viejo-puber,El Viejo Púber,3,0.00048,0.00023,0.00065,0.0002,3
el-violinista-del-amor-y-los-pibes-que-miraban,El Violinista del amor y los pibes que miraban,0,0.0,0,0.0,4e-05,3073
el-vuelo-de-la-grulla,El Vuelo de la Grulla,1,0.00016,0.0,0.00255,0.00012,0
el-vuelto-s-a,El Vuelto S.A.,4,0.00065,0.00054,0.0058,0.00026,0
guillermo-vadala,Guillermo Vadalá,16,0.00259,0.00326,0.03274,0.00078,1
guilo-villar,Guilo Villar,3,0.00048,0.00048,0.00224,0.00027,12
javier-vagnozzi,Javier Vagnozzi,4,0.00065,0.00072,0.00063,0.00036,3
jeronimo-verdun,Jerónimo Verdun,4,0.00065,0.00236,0.02903,0.00021,1
julian-venegas,Julián Venegas,8,0.00129,0.00881,0.0024,0.0005,18
karina-van-ron,Karina Van Ron,0,0.0,0,0.0,4e-05,3074
karina-vismara,Karina Vismara,1,0.00016,0.0,5e-05,0.0001,9
la-vaca-del-fondo,La vaca del fondo,3,0.00048,0.00037,0.00018,0.00026,9
la-vaina-de-shuan,La Vaina de Shuan,0,0.0,0,0.0,4e-05,3075
la-valvular,La Valvular,0,0.0,0,0.0,4e-05,3076
la-vela-puerca,La Vela Puerca,14,0.00226,0.00284,0.01061,0.0007,3
la-vena,La Vena,0,0.0,0,0.0,4e-05,3077
la-vendetta,La Vendetta,0,0.0,0,0.0,4e-05,3078
la-venganza-de-cheetara,La Venganza de Cheetara,0,0.0,0,0.0,4e-05,3079
la-verdolaga,La Verdolaga,0,0.0,0,0.0,4e-05,3080
la-vieja-ruta,La Vieja Ruta,2,0.00032,0.0,0.00078,0.00012,5
la-vigilia,La Vigilia,0,0.0,0,0.0,4e-05,3081
la-vigilia-de-los-profanos,La Vigilia de los Profanos,0,0.0,0,0.0,4e-05,3082
las-vacas-sagradas,Las Vacas Sagradas,7,0.00113,0.00138,0.02464,0.00029,1
las-vin-up,Las Vin Up,0,0.0,0,0.0,4e-05,3083
lea-vovchuk,Lea Vovchuk,0,0.0,0,0.0,4e-05,3084
leandro-viernes,Leandro Viernes,5,0.00081,0.00052,0.0034,0.00029,2
liliana-vitale,Liliana Vitale,8,0.00129,0.00109,0.02883,0.00041,1
lito-vitale,Lito Vitale,43,0.00695,0.02398,0.0523,0.00203,1
los-vandalos,Los Vándalos,4,0.00065,0.00132,0.00174,0.00031,5
los-vestigiosos-de-la-burda,Los Vestigiosos de la Burda,0,0.0,0,0.0,4e-05,3085
los-videos,Los Videos,2,0.00032,1e-05,0.00013,0.00019,12
los-vinitos-de-vincent,Los Vinitos de Vincent,0,0.0,0,0.0,4e-05,3086
los-violadores,Los Violadores,36,0.00582,0.01768,0.04184,0.00201,15
los-visitantes,Los Visitantes,14,0.00226,0.00234,0.018,0.00071,6
lucas-vanza,Lucas Vanza,1,0.00016,0,0.0,0.00028,136
luis-valenti,Luis Valenti,8,0.00129,0.00127,0.00813,0.00053,1
martin-van,Martín Van,3,0.00048,0.0004,0.00072,0.00028,10
martina-vior,Martina Vior,1,0.00016,0.0,0.00012,0.00012,20
romina-vitale,Romina Vitale,1,0.00016,0.0,0.00114,0.0001,15
sandra-vazquez,Sandra Vázquez,2,0.00032,0.0,0.01217,0.00011,1
santiago-vazquez,Santiago Vázquez,3,0.00048,4e-05,0.00308,0.00016,9
sebastian-volco,Sebastián Volco,7,0.00113,0.00102,0.0093,0.00043,2
sergio-verdinelli,Sergio Verdinelli,5,0.00081,0.00016,0.02384,0.00022,2
sofia-viola,Sofía Viola,5,0.00081,0.00036,0.00024,0.00041,9
v-a-g-o,V.A.G.O.,1,0.00016,0.0,0.00352,8e-05,1
v8,V8,12,0.00194,0.002,0.01391,0.00065,0
vacavasca,VACAVASCA,0,0.0,0,0.0,4e-05,3087
vade-retro,Vade Retro,3,0.00048,0.00016,0.00622,0.00017,1
vados,Vados,0,0.0,0,0.0,4e-05,3088
vagamundos,Vagamundos,0,0.0,0,0.0,4e-05,3089
vagantes-nocturnos,Vagantes nocturnos,2,0.00032,1e-05,0.00472,0.00012,4
vagazos,Vagazos,0,0.0,0,0.0,4e-05,3090
vainilla-x,Vainilla X,0,0.0,0,0.0,4e-05,3091
valbe-trio,Valbè trío,0,0.0,0,0.0,4e-05,3092
valdes,Valdes,1,0.00016,0.0,0.00023,9e-05,2
valentin-piu,Valentín Piú,0,0.0,0,0.0,4e-05,3093
valentin-y-los-volcanes,Valentín y Los Volcanes,3,0.00048,0.00012,0.00563,0.00017,2
valentina,Valentina,0,0.0,0,0.0,4e-05,3094
valeu,Valeu,0,0.0,0,0.0,4e-05,3095
valiants,Valiants,0,0.0,0,0.0,4e-05,3096
valle,Valle,0,0.0,0,0.0,4e-05,3097
valle-de-munecas,Valle de Muñecas,11,0.00178,0.00384,0.00056,0.00065,6
valor-primitivo,Valor Primitivo,0,0.0,0,0.0,4e-05,3098
valores-reggae,Valores Reggae,2,0.00032,8e-05,0.00114,0.00014,4
valter,Valter,0,0.0,0,0.0,4e-05,3099
valvular,Valvular,0,0.0,0,0.0,4e-05,3100
vamos-de-vuelta,Vamos de vuelta,2,0.00032,4e-05,0.00134,0.00015,14
vampires-punk-rock-academy,Vampires Punk Rock Academy,0,0.0,0,0.0,4e-05,3101
vanherval,Vanherval,0,0.0,0,0.0,4e-05,3102
vankina,Vankina,0,0.0,0,0.0,4e-05,3103
vanno,Vanno,0,0.0,0,0.0,4e-05,3104
vanthra,Vanthra,0,0.0,0,0.0,4e-05,3105
vaqueros-paganos,Vaqueros paganos,0,0.0,0,0.0,4e-05,3106
varias-artistas,Varias artistas,7,0.00113,0.00058,0.00284,0.00042,2
varones-en-ruinas,Varones en ruinas,0,0.0,0,0.0,4e-05,3107
varsovia,Varsovia,0,0.0,0,0.0,4e-05,3108
varsovia-2,Varsovia,0,0.0,0,0.0,4e-05,3109
vastagos,Vástagos,0,0.0,0,0.0,4e-05,3110
vayone,Vayone,0,0.0,0,0.0,4e-05,3111
vedette,Vedette,0,0.0,0,0.0,4e-05,3112
vedettes,Vedettes,0,0.0,0,0.0,4e-05,3113
velenio-funk,Velenio Funk,1,0.00016,0.0,0.00086,0.0001,1
velocidad-entre-vientos-feroces,Velocidad entre vientos feroces,0,0.0,0,0.0,4e-05,3114
venados,Venados,0,0.0,0,0.0,4e-05,3115
venaticos,Venáticos,2,0.00032,9e-05,0.00174,0.00012,5
venecia,Venecia,0,0.0,0,0.0,4e-05,3116
vento,Vento,5,0.00081,0.00033,0.01839,0.00023,5
ventousa-wins,Ventousa Wins,0,0.0,0,0.0,4e-05,3117
venus,Venus,0,0.0,0,0.0,4e-05,3118
venus-de-milo,Venus de Milo,1,0.00016,0,0.0,0.00028,143
vera-baxter,Vera Baxter,0,0.0,0,0.0,4e-05,3119
verba-aurelia,Verba Aurelia,0,0.0,0,0.0,4e-05,3120
verde,Verde,0,0.0,0,0.0,4e-05,3121
verde-reggae,Verde Reggae,3,0.00048,0.00025,0.00165,0.00021,0
verde-y-los-caballos-a-marte,Verde y los Caballos a Marte,0,0.0,0,0.0,4e-05,3122
verdeoscuro,Verdeoscuro,0,0.0,0,0.0,4e-05,3123
verne,Verne,2,0.00032,5e-05,0.001,0.00014,9
verona-stress,Verona Stress,0,0.0,0,0.0,4e-05,3124
verteramo-trio,Verteramo Trío,1,0.00016,0.0,0.00022,0.0001,2
vertigo-colectivo,Vértigo Colectivo,8,0.00129,0.00824,0.02815,0.00043,2
veta-madre,Veta Madre,2,0.00032,0.0,0.0004,0.00018,8
vetamadre,Vetamadre,7,0.00113,0.00118,0.00736,0.00046,8
via-varela,Vía Varela,3,0.00048,0.00014,0.00264,0.00017,7
viah-pandora,Viah Pandora,0,0.0,0,0.0,4e-05,3125
viajantes,Viajantes,8,0.00129,0.00075,0.02969,0.00038,2
viaje-a-ixtlan,Viaje a Ixtlan,0,0.0,0,0.0,4e-05,3126
viaje-a-venus,Viaje a Venus,0,0.0,0,0.0,4e-05,3127
viajeros,Viajeros,0,0.0,0,0.0,4e-05,3128
viajeros-2,Viajeros 3.14,0,0.0,0,0.0,4e-05,3129
viajes,Viajes,0,0.0,0,0.0,4e-05,3130
vibracion-reggae,Vibración Reggae,1,0.00016,0.0,0.00027,0.0001,3
vibrion,Vibrión,0,0.0,0,0.0,4e-05,3131
vicentico,Vicentico,8,0.00129,0.00035,0.0235,0.0004,1
vicho,Vicho,0,0.0,0,0.0,4e-05,3132
victoria,Victoria,0,0.0,0,0.0,4e-05,3133
victoria-y-los-del-sur,Victoria & Los Del Sur,2,0.00032,1e-05,0.00033,0.00018,24
victoria-en-el-mar,Victoria en el mar,0,0.0,0,0.0,4e-05,3134
victoria-mil,Victoria Mil,8,0.00129,0.00083,0.00732,0.0004,2
victoria-real,Victoria Real,0,0.0,0,0.0,4e-05,3135
vidafuego,VidaFuego,0,0.0,0,0.0,4e-05,3136
videoclub,Videoclub,0,0.0,0,0.0,4e-05,3137
vieja-cepa,Vieja cepa,0,0.0,0,0.0,4e-05,3138
vieja-estacion,Vieja Estación,1,0.00016,0.0,0.00024,9e-05,1
vieja-historia,Vieja Historia,1,0.00016,0.0,1e-05,0.00012,9
viejas-locas,Viejas Locas,20,0.00323,0.00811,0.01467,0.00115,0
viejo-empedrado,Viejo Empedrado,5,0.00081,0.00027,0.00162,0.00028,0
viejo-farol,Viejo farol,0,0.0,0,0.0,4e-05,3139
viejo-paranoico,Viejo Paranoico,6,0.00097,0.00268,0.0017,0.00034,0
viejo-puber,Viejo Púber,2,0.00032,3e-05,5e-05,0.00015,8
viejo-rastrero,Viejo Rastrero,0,0.0,0,0.0,4e-05,3140
viejo-smoking,Viejo Smoking,1,0.00016,0.0,0.0,0.00017,36
viejo-texier,Viejo Texier,0,0.0,0,0.0,4e-05,3141
viejos-lobos,Viejos Lobos,2,0.00032,0.0,0.00066,0.00017,5
viejos-manchados,Viejos manchados,0,0.0,0,0.0,4e-05,3142
viejos-trapos,Viejos Trapos,0,0.0,0,0.0,4e-05,3143
viejos-violines,Viejos Violines,0,0.0,0,0.0,4e-05,3144
viento,Viento,0,0.0,0,0.0,4e-05,3145
vigilante-margarita,Vigilante Margarita,0,0.0,0,0.0,4e-05,3146
vikingo,Vikingo,2,0.00032,0.00055,0.00089,0.00019,8
vikingos,Vikingos,2,0.00032,2e-05,0.00073,0.00015,5
vikosis,Vikosis,0,0.0,0,0.0,4e-05,3147
vilches,Vilches,0,0.0,0,0.0,4e-05,3148
villa-diamante,Villa Diamante,1,0.00016,0,0.0,0.00028,137
villanos,Villanos,3,0.00048,0.00022,0.00854,0.00016,2
villelisa,Villelisa,0,0.0,0,0.0,4e-05,3149
vilma-palma-e-vampiros,Vilma Palma e Vampiros,3,0.00048,0.00343,0.00056,0.0003,4
vincent-vega,Vincent Vega,0,0.0,0,0.0,4e-05,3150
vinilo,Vinilo,1,0.00016,0.0,0.01025,8e-05,1
viniloss-blues,Vinilos’s Blues,3,0.00048,0.0,0.005,0.00015,1
vino-de-melmac,Vino de Melmac,0,0.0,0,0.0,4e-05,3151
vinotinto,Vinotinto,0,0.0,0,0.0,4e-05,3152
vintage,Vintage,0,0.0,0,0.0,4e-05,3153
violentango,Violentango,0,0.0,0,0.0,4e-05,3154
virgem,Virgem,0,0.0,0,0.0,4e-05,3155
virgin-pancakes,Virgin Pancakes,0,0.0,0,0.0,4e-05,3156
virrey-del-pino,Virrey del Pino,0,0.0,0,0.0,4e-05,3157
virtual-frizz,Virtual Frizz,0,0.0,0,0.0,4e-05,3158
virus,Virus,43,0.00695,0.02425,0.13093,0.00187,2
visceral,Visceral,0,0.0,0,0.0,4e-05,3159
visigodos,Visigodos,2,0.00032,0.0,0.00023,0.00018,16
vitale-baraj-gonzalez-el-trio,"Vitale-Baraj-González, el Trío",2,0.00032,0.0,0.00372,0.00012,1
vitico,Vitico,8,0.00129,0.00051,0.0173,0.00042,1
viticus,Viticus,4,0.00065,0.00017,0.00238,0.00028,1
vito-martino-y-los-inolvidables,Vito Martino & Los Inolvidables,4,0.00065,0.00091,0.00219,0.00021,6
viuda-e-hijas-de-roque-enroll,Viuda e Hijas de Roque Enroll,9,0.00145,0.00049,0.01451,0.00044,2
viva-elastico,Viva Elástico,2,0.00032,0.0,0.00196,0.00015,1
viva-maria,Viva María!,0,0.0,0,0.0,4e-05,3160
viva-marte,Viva Marte,2,0.00032,0.0,4e-05,0.00016,6
viva-zapata,Viva Zapata,1,0.00016,0.0,4e-05,9e-05,9
vivencia,Vivencia,0,0.0,0,0.0,4e-05,3161
vizion,Vizion,0,0.0,0,0.0,4e-05,3162
vladimir,Vladimir,0,0.0,0,0.0,4e-05,3163
vodevil,Vodevil,0,0.0,0,0.0,4e-05,3164
volador-g,Volador G,8,0.00129,0.00188,0.01354,0.00038,2
volantines,Volantines,0,0.0,0,0.0,4e-05,3165
volcadores,Volcadores,3,0.00048,0.00048,0.0028,0.00025,3
volta,Volta,1,0.00016,0,0.0,0.0002,37
voltage,Voltage,1,0.00016,0.0,0.00019,0.00011,12
volton,Volton,0,0.0,0,0.0,4e-05,3166
voltura,Voltura,1,0.00016,0.0,0.0,0.00012,6
voluntad-cero,Voluntad Cero,3,0.00048,0.00071,0.00021,0.00032,6
volvox,Volvox,0,0.0,0,0.0,4e-05,3167
vondir,Vondir,0,0.0,0,0.0,4e-05,3168
vorax,Vorax,3,0.00048,0.00117,0.00129,0.00019,8
vorgrum,Vorgrum,0,0.0,0,0.0,4e-05,3169
vox-dei,Vox Dei,33,0.00533,0.00747,0.07624,0.00153,1
vozenoff,Vozenoff,0,0.0,0,0.0,4e-05,3170
vrede,Vrede,0,0.0,0,0.0,4e-05,3171
vruma-y-los-dinamos,Vruma y los dínamos,2,0.00032,0.0001,0.0038,0.00011,0
vs-clown,Vs. Clown,0,0.0,0,0.0,4e-05,3172
vudama,Vudama,0,0.0,0,0.0,4e-05,3173
vudu,Vudú,3,0.00048,0.00025,0.0025,0.00018,1
vuela-nandu-orquesta,Vuela Ñandú Orquesta,0,0.0,0,0.0,4e-05,3174
vuelo-de-cenizas,Vuelo de cenizas,0,0.0,0,0.0,4e-05,3175
vuelo-zero,Vuelo Zero,1,0.00016,0,0.0,0.00022,59
vuelta-en-falso,Vuelta en Falso,1,0.00016,0.0,0.00027,0.0001,0
vueltas,Vueltas,0,0.0,0,0.0,4e-05,3176
vulcanor,Vulcanor,0,0.0,0,0.0,4e-05,3177
vulv,Vulv,0,0.0,0,0.0,4e-05,3178
vumetro,Vúmetro,0,0.0,0,0.0,4e-05,3179
daniel-tuerto-wirzt,Daniel Tuerto Wirtz,11,0.00178,0.00213,0.03231,0.00059,1
el-waso-fuentes,El Waso Fuentes,0,0.0,0,0.0,4e-05,3180
federico-wiske,Federico Wiske,2,0.00032,0.00036,0.00029,0.00023,24
la-whillington,La Whillington,0,0.0,0,0.0,4e-05,3181
la-window,La Window,3,0.00048,0.00037,0.00359,0.00021,5
la-wiston,La Wiston,0,0.0,0,0.0,4e-05,3182
los-waffles,Los Waffles,0,0.0,0,0.0,4e-05,3183
lucas-white,Lucas White,1,0.00016,0,0.0,0.00028,138
manuel-wirzt,Manuel Wirzt,6,0.00097,0.0007,0.01381,0.00027,1
w40,W40,0,0.0,0,0.0,4e-05,3184
waframa,Waframa,0,0.0,0,0.0,4e-05,3185
walter-namur-y-theoneweekchicken,Walter Namur & TheoneWeekChicken,0,0.0,0,0.0,4e-05,3186
wanna-wanna,Wanna Wanna,0,0.0,0,0.0,4e-05,3187
wdk,WDK,4,0.00065,0.00077,0.00814,0.00021,0
we-die-young,We Die Young,0,0.0,0,0.0,4e-05,3188
weirdo,Weirdo,0,0.0,0,0.0,4e-05,3189
weste,Weste,0,0.0,0,0.0,4e-05,3190
wet-pic-nic,Wet Pic Nic,2,0.00032,6e-05,0.00311,0.00017,3
willem,Willem,0,0.0,0,0.0,4e-05,3191
william-gray,William Gray,0,0.0,0,0.0,4e-05,3192
willie-durden,Willie Durden,0,0.0,0,0.0,4e-05,3193
wind,Wind,0,0.0,0,0.0,4e-05,3194
winona-riders,Winona Riders,1,0.00016,0,0.0,0.00028,139
wonderpub,Wonderpub,0,0.0,0,0.0,4e-05,3195
wulfshon,Wulfshon,0,0.0,0,0.0,4e-05,3196
x-telefono,X-Teléfono,0,0.0,0,0.0,4e-05,3197
xaga,Xaga,0,0.0,0,0.0,4e-05,3198
xampari,Xámpari,0,0.0,0,0.0,4e-05,3199
xavia,Xavia,0,0.0,0,0.0,4e-05,3200
xenia,Xenia,0,0.0,0,0.0,4e-05,3201
xpiral,Xpiral,0,0.0,0,0.0,4e-05,3202
xvcuerpos,XVCuerpos,0,0.0,0,0.0,4e-05,3203
ema-yazurlo,Ema Yazurlo,1,0.00016,0.0,0.00027,0.00016,3
la-yegros,La Yegros,3,0.00048,0.00038,3e-05,0.00031,12
maria-rosa-yorio,María Rosa Yorio,20,0.00323,0.00598,0.07171,0.00096,1
mustafa-yoda,Mustafá Yoda,2,0.00032,4e-05,0.00083,0.00013,0
y-edward-platt-como-el-jefe,Y Edward Platt como el jefe,1,0.00016,0.0,0.00021,0.0001,13
yabor,Yábor,2,0.00032,0.0,0.01085,0.00012,3
yakuza,Yakuza,0,0.0,0,0.0,4e-05,3204
yalib,Yalib,0,0.0,0,0.0,4e-05,3205
yamentu,Yamentú,0,0.0,0,0.0,4e-05,3206
yang,Yang,2,0.00032,0.00036,0.00066,0.00019,17
yanimer,Yanimer,3,0.00048,3e-05,0.00234,0.00017,3
yarara-y-la-mandrilera,Yarará y La Mandrilera,0,0.0,0,0.0,4e-05,3207
yaria-brothers,Yaría Brothers,0,0.0,0,0.0,4e-05,3208
yataians,Yataians,0,0.0,0,0.0,4e-05,3209
yesfx,YES!FX,1,0.00016,0,0.0,0.00028,140
yicos,Yicos,2,0.00032,0.0,0.00027,0.00019,3
yira,Yira,0,0.0,0,0.0,4e-05,3210
yo,Yo,0,0.0,0,0.0,4e-05,3211
yo-tu-el-y-ella,"Yo, tú, él y ella",0,0.0,0,0.0,4e-05,3212
yocasta,Yocasta,2,0.00032,2e-05,0.00013,0.00018,14
york,York,0,0.0,0,0.0,4e-05,3213
andres-zamorano,Andrés Zamorano,3,0.00048,0.00036,0.01798,0.00019,1
candelaria-zamar,Candelaria Zamar,0,0.0,0,0.0,4e-05,3214
el-zar,El zar,2,0.00032,0.00042,0.00071,0.00016,6
el-zombie,El Zombie,5,0.00081,0.00074,0.00654,0.00025,0
federico-zypce,Federico Zypce,0,0.0,0,0.0,4e-05,3215
javier-zuppi,Javier Zuppi,4,0.00065,0.00041,0.00958,0.00021,2
la-zimbabwe,La Zimbabwe,7,0.00113,0.0035,0.00479,0.00048,15
la-zurda,La Zurda,6,0.00097,0.00347,0.00572,0.00046,3
larry-zavala,Larry Zavala,1,0.00016,0,0.0,0.00028,99
las-zariguellas,Las Zarigüellas,0,0.0,0,0.0,4e-05,3216
marcelo-zeoli,Marcelo Zeoli,2,0.00032,0.0,0.00026,0.00024,2
maria-luli-zamtlejfer,María Luli Zamtlejfer,1,0.00016,0.0,0.0,0.00015,13
mathias-zanga,Mathias Zanga,0,0.0,0,0.0,4e-05,3217
matias-zundel,Matías Zundel,1,0.00016,0.0,3e-05,0.00012,0
miguel-zavaleta,Miguel Zavaleta,9,0.00145,0.00056,0.0236,0.00043,1
walter-zeinal,Wálter Zeinal,0,0.0,0,0.0,4e-05,3218
za-za,Za-Za,2,0.00032,9e-05,0.00265,0.00013,7
zaico,Zaico,0,0.0,0,0.0,4e-05,3219
zaiph,Zaiph,1,0.00016,0.0,0.00062,9e-05,4
zake,Zake,0,0.0,0,0.0,4e-05,3220
zanahoria,Zanahoria,0,0.0,0,0.0,4e-05,3221
zarcos,Zarcos,0,0.0,0,0.0,4e-05,3222
zas,ZAS,9,0.00145,0.00159,0.01386,0.0005,17
ze-pequenho,Ze Pequenho,1,0.00016,0.0,0.01035,8e-05,1
zebra,Zebra,0,0.0,0,0.0,4e-05,3223
zecta-zepia,Zecta Zepia,0,0.0,0,0.0,4e-05,3224
zeid,Zeid,0,0.0,0,0.0,4e-05,3225
zelen,Zelen,8,0.00129,0.00311,0.03875,0.00035,3
zelio,Zelio,0,0.0,0,0.0,4e-05,3226
zellekin,Zellekin,2,0.00032,2e-05,0.00019,0.00015,8
zenk,Zenk,0,0.0,0,0.0,4e-05,3227
zepet,Zepet,0,0.0,0,0.0,4e-05,3228
zero-frio,Zero frío,0,0.0,0,0.0,4e-05,3229
zero-kelvin,Zero Kelvin,1,0.00016,0,0.0,0.00028,141
zero-kill,Zero Kill,1,0.00016,0.0,0.00073,0.00014,2
zeze-tribu,Zeze Tribu,0,0.0,0,0.0,4e-05,3230
zion-bless,Zion Bless,0,0.0,0,0.0,4e-05,3231
zion-reggae,Zion Reggae,1,0.00016,0.0,1e-05,0.00012,0
zoloka-trio,Zo’loka? Trío,0,0.0,0,0.0,4e-05,3232
zoah,Zoah,0,0.0,0,0.0,4e-05,3233
zoe-rock,Zoe Rock,0,0.0,0,0.0,4e-05,3234
zoilozaligna,ZoiloZaligna,0,0.0,0,0.0,4e-05,3235
zok,Zok,0,0.0,0,0.0,4e-05,3236
zolvein-vixon,Zolvein Vixon,0,0.0,0,0.0,4e-05,3237
zombienpraga,Zombienpraga,1,0.00016,0,0.0,0.00028,142
zona-84,Zona 84,1,0.00016,0.0,0.0,0.00013,0
zona-ganjah,Zona Ganjah,2,0.00032,0.00018,0.00077,0.00015,11
zona-muerta,Zona Muerta,0,0.0,0,0.0,4e-05,3238
zona-purpura,Zona Púrpura,4,0.00065,4e-05,0.01546,0.00018,2
zona-soul,Zona soul,0,0.0,0,0.0,4e-05,3239
zoonora,Zoonora,0,0.0,0,0.0,4e-05,3240
zoot,Zoot,1,0.00016,0,0.0,0.00028,143
zorra,Zorra,0,0.0,0,0.0,4e-05,3241
zorros-petardos-salvajes,Zorros petardos salvajes,1,0.00016,0.0,0.00026,9e-05,12
zulu,Zulu,0,0.0,0,0.0,4e-05,3242
zulu-hip-hop-jam,Zulu Hip Hop Jam,0,0.0,0,0.0,4e-05,3243
zumbadores,Zumbadores,4,0.00065,0.00028,0.01484,0.00019,3
zzz,Zzz,0,0.0,0,0.0,4e-05,3244
0-rouge,0 Rouge,0,0.0,0,0.0,4e-05,3245
1-segundo-es-demasiado,1 segundo es demasiado,4,0.00065,0.00018,0.00142,0.00027,0
100-negro,100% Negro,0,0.0,0,0.0,4e-05,3246
1000-grullas,1000 Grullas,0,0.0,0,0.0,4e-05,3247
1000-watts,1000 Watts,3,0.00048,0.00015,0.00092,0.00022,4
107-faunos,107 Faunos,3,0.00048,0.00271,0.0,0.00038,12
1114,1114,0,0.0,0,0.0,4e-05,3248
113-vicios,113 vicios,2,0.00032,0.00036,0.00081,0.00019,0
12-monos,12 monos,1,0.00016,0.0,0.00023,0.0001,0
127bis,127bis,0,0.0,0,0.0,4e-05,3249
13-vellocet,13 Vellocet,2,0.00032,6e-05,0.00513,0.00012,4
13h,13H,2,0.00032,0.00014,0.00109,0.00015,3
1619,1619,0,0.0,0,0.0,4e-05,3250
18-cicatrices,18 cicatrices,0,0.0,0,0.0,4e-05,3251
1915-musica,1915,3,0.00048,0.00013,0.00096,0.00017,8
unonuevetresuno,1931,0,0.0,0,0.0,4e-05,3252
1989-musica,1989,0,0.0,0,0.0,4e-05,3253
1999,1999,0,0.0,0,0.0,4e-05,3254
1x1,1×1,0,0.0,0,0.0,4e-05,3255
2-minutos,2 minutos,19,0.00307,0.01133,0.013,0.00096,0
doscientosdos,202,0,0.0,0,0.0,4e-05,3256
21-gramos,21 gramos,11,0.00178,0.00349,0.00197,0.00078,8
2112-veintiunodoce,2112,0,0.0,0,0.0,4e-05,3257
220,220,0,0.0,0,0.0,4e-05,3258
23-otonos,23 otoños,2,0.00032,0.0,0.00033,0.00014,10
dostrestres,233,0,0.0,0,0.0,4e-05,3259
250-centavos,250 Centavos,4,0.00065,0.00027,0.00515,0.00023,10
2d3,2d3,4,0.00065,0.00073,0.00324,0.00026,3
3-cilindros,3 Cilindros,0,0.0,0,0.0,4e-05,3260
3-estacas,3 Estacas,0,0.0,0,0.0,4e-05,3261
3-ventiladores,3 ventiladores,0,0.0,0,0.0,4e-05,3262
3intentos,3intentos,0,0.0,0,0.0,4e-05,3263
3-elemento,3° Elemento,0,0.0,0,0.0,4e-05,3264
3o-cielo,3º Cielo,2,0.00032,1e-05,0.00167,0.00013,8
4-mundos,4 mundos,1,0.00016,0.0,0.00012,9e-05,5
404-banda,404,0,0.0,0,0.0,4e-05,3265
448-banda,448,0,0.0,0,0.0,4e-05,3266
48-demonios,48 demonios,0,0.0,0,0.0,4e-05,3267
4aliens1no,4aliens1no,1,0.00016,0.0,0.00199,8e-05,15
4to-espacio,4º Espacio,1,0.00016,0.0,0.00015,0.00016,3
500k,500k,0,0.0,0,0.0,4e-05,3268
5ta-del-lobo,5ta del Lobo,2,0.00032,4e-05,0.00047,0.00015,0
7-bancadas-rock,7 Bancadas Rock,0,0.0,0,0.0,4e-05,3269
7-jefes,7 jefes,0,0.0,0,0.0,4e-05,3270
7-tipos,7 tipos,0,0.0,0,0.0,4e-05,3271
9-luigis,9 Luigis,0,0.0,0,0.0,4e-05,3272
9-menos-cuarto,9 Menos Cuarto,3,0.00048,0.00017,0.00425,0.00016,0
90-sapos,90 sapos,0,0.0,0,0.0,4e-05,3273
el-60,El 60,3,0.00048,2e-05,0.0117,0.00014,1
la-121-rock,La 121 Rock,0,0.0,0,0.0,4e-05,3274
la-22,La 22,1,0.00016,0.0,0.00259,9e-05,0
la-25,La 25,0,0.0,0,0.0,4e-05,3275
la-44-blues,La 44 Blues,0,0.0,0,0.0,4e-05,3276
la-66,La 66,2,0.00032,2e-05,0.00068,0.00013,7
221,221,1,0.00016,0.0,0.00047,9e-05,2
2600,2600,1,0.00016,0.0,0.00047,9e-05,2
944,944,1,0.00016,0.0,0.00047,9e-05,2
iorio-flavio,Iorio Flavio,1,0.00016,0.0,0.00099,8e-05,0
75,75,1,0.00016,0.0,0.00265,7e-05,1
2909,2909,1,0.00016,0,0.0,0.00028,61
11478,11478,1,0.00016,0.0,0.0,0.00014,4
viuda-e-hijas-de-roque-enrol,Viuda E Hijas De Roque Enrol,5,0.00081,0.00034,0.02125,0.00022,2
yenifer-y-su-auto-magico,Yenifer Y Su Auto Magico,1,0.00016,0,0.0,0.00028,144
4045,4045,2,0.00032,0.00036,0.00032,0.00022,2
4776,4776,1,0.00016,0.0,0.00032,0.0001,2
3937,3937,1,0.00016,0.0,0.00014,0.00012,0
3866,3866,1,0.00016,0.0,0.00061,9e-05,2
gaspar-benegas,Gaspar Benegas,1,0.00016,0.0,0.00017,0.0001,0
380,380,1,0.00016,0.0,0.0005,9e-05,3
mundo-kronhela,Mundo Kronhela,1,0.00016,0,0.0,0.00028,145
138,138,1,0.00016,0.0,0.00212,8e-05,1
242,242,2,0.00032,9e-05,0.00244,0.00012,0
la-pesada-del-rocanrol,La Pesada Del Rocanrol,12,0.00194,0.0004,0.01485,0.00046,1
4968,4968,1,0.00016,0.0,0.0001,0.00012,3
tanguito,Tanguito,7,0.00113,0.00065,0.01084,0.00035,1
las-beladies,Las Beladies,1,0.00016,0.0,2e-05,0.00012,22
15487,15487,1,0.00016,0.0,0.0005,8e-05,2
7787,7787,1,0.00016,0.0,0.0005,8e-05,2
860,860,1,0.00016,0.0,0.00357,8e-05,1
159,159,1,0.00016,0.0,0.0019,8e-05,2
6076,6076,1,0.00016,0.0,0.00061,9e-05,2
408,408,1,0.00016,0.0,1e-05,0.00014,4
7040,7040,1,0.00016,0.0,1e-05,0.00014,4
12156,12156,1,0.00016,0.0,0.00075,9e-05,3
165,165,1,0.00016,0.0,0.00075,9e-05,3
209,209,5,0.00081,0.00077,0.00176,0.00036,9
21132,21132,1,0.00016,0.0,0.0,0.00013,8
8543,8543,1,0.00016,0.0,0.0,0.00013,8
3048,3048,1,0.00016,0.0,0.00071,0.00011,7
1139,1139,1,0.00016,0.0,0.00013,0.00011,14
422,422,1,0.00016,0.0,0.00013,0.00011,14
ale-kurz,Ale Kurz,1,0.00016,0.0,0.00044,9e-05,0
16626,16626,1,0.00016,0.0,8e-05,9e-05,9
8930,8930,1,0.00016,0.0,3e-05,9e-05,0
8164,8164,1,0.00016,0.0,0.00167,9e-05,9
daniel-wirzt,Daniel Wirzt,1,0.00016,0.0,0.00345,7e-05,1
mississippi-blues-band,Mississippi Blues Band,1,0.00016,0.0,0.00048,8e-05,5
139,139,2,0.00032,0.0,0.00197,0.00013,1
1580,1580,1,0.00016,0.0,0.00084,9e-05,1
10137,10137,1,0.00016,0.0,0.0,0.00017,19
309,309,2,0.00032,0.0013,0.01001,0.00014,7
449,449,1,0.00016,0.0,0.00998,8e-05,1
61,61,2,0.00032,1e-05,0.00141,0.00012,2
1155,1155,2,0.00032,0.0,0.00309,0.00012,1
233,233,1,0.00016,0.0,0.00268,8e-05,1
2950,2950,2,0.00032,0.0,0.00086,0.00017,13
219,219,3,0.00048,0.00012,0.0004,0.0002,5
gustsavo-cerati,Gustsavo Cerati,1,0.00016,0.0,0.00095,8e-05,2
1815,1815,1,0.00016,0.0,8e-05,9e-05,2
7826,7826,1,0.00016,0.0,0.0,0.00014,9
626,626,1,0.00016,0.0,1e-05,0.00012,6
1883,1883,1,0.00016,0.0,0.00073,9e-05,1
3660,3660,1,0.00016,0.0,0.00073,9e-05,1
9255,9255,1,0.00016,0.0,0.0,0.00018,11
1590,1590,1,0.00016,0.0,0.00121,9e-05,1
247,247,1,0.00016,0.0,2e-05,0.00011,5
227,227,3,0.00048,1e-05,0.00036,0.00024,3
3326,3326,1,0.00016,0,0.0,0.00022,39
3518,3518,1,0.00016,0,0.0,0.00022,39
mariano-esain,Mariano Esain,1,0.00016,0,0.0,0.00022,60
6127,6127,1,0.00016,0.0,0.00013,0.00011,1
los-perros-calientes,Los Perros Calientes,1,0.00016,0.0,0.00759,8e-05,1
ratones-paranoicos,Ratones Paranoicos,1,0.00016,0.0,0.00147,8e-05,1
329,329,1,0.00016,0.0,9e-05,0.00013,6
368,368,2,0.00032,0.00036,4e-05,0.00024,3
6108,6108,1,0.00016,0.0,4e-05,0.00011,3
8960,8960,3,0.00048,0.00032,7e-05,0.00024,3
9615,9615,1,0.00016,0.0,4e-05,0.00011,3
7272,7272,1,0.00016,0.0,9e-05,9e-05,9
la-zimbabwe-reggae-band,La Zimbabwe Reggae Band,1,0.00016,0.0,0.00155,9e-05,0
sergio-colombo,Sergio Colombo,1,0.00016,0.0,0.00155,9e-05,0
349,349,1,0.00016,0.0,0.00102,9e-05,1
228,228,2,0.00032,0.0,0.00077,0.00013,2
16304,16304,1,0.00016,0.0,0.00044,9e-05,1
341,341,1,0.00016,0.0,0.00076,8e-05,2
illya-kuryaki-and-the-valderramas,Illya Kuryaki And The Valderramas,9,0.00145,0.00015,0.0121,0.00039,2
4555,4555,1,0.00016,0.0,0.00084,9e-05,4
9271,9271,1,0.00016,0.0,2e-05,0.00012,17
1349,1349,1,0.00016,0.0,0.0006,0.0001,2
1356,1356,1,0.00016,0.0,0.0006,0.0001,2
311,311,1,0.00016,0.0,0.0006,0.0001,2
320,320,2,0.00032,0.00236,3e-05,0.00023,2
336,336,2,0.00032,0.0,1e-05,0.00019,0
17411,17411,4,0.00065,0.00212,0.00033,0.00028,3
253,253,1,0.00016,0.0,0.00017,0.0001,4
393,393,1,0.00016,0.0,0.00022,0.0001,4
11554,11554,6,0.00097,0.00108,0.00013,0.00045,13
2969,2969,1,0.00016,0.0,2e-05,0.00011,10
3315,3315,1,0.00016,0.0,2e-05,0.00011,10
405,405,3,0.00048,0.00028,0.00016,0.00025,10
los-abejorros,Los Abejorros,1,0.00016,0.0,3e-05,0.00013,1
15387,15387,1,0.00016,0.0,0.0,0.00014,31
2035,2035,1,0.00016,0.0,1e-05,0.0001,2
chycle,Chycle,1,0.00016,0.0,6e-05,0.00011,8
fontova-trio,Fontova Trio,2,0.00032,0.0,0.00321,0.00012,1
2143,2143,2,0.00032,0.00107,0.00156,0.00019,28
360,360,1,0.00016,0.0,0.0,0.00016,28
9349,9349,1,0.00016,0.0,1e-05,0.00011,15
la-orquesta-de-salon,La Orquesta De Salon,1,0.00016,0.0,0.0009,8e-05,2
the-killer-burritos,The Killer Burritos,1,0.00016,0.0,0.0009,8e-05,2
5006,5006,1,0.00016,0,0.0,0.00022,40
5707,5707,1,0.00016,0.0,1e-05,0.00013,7
3108,3108,5,0.00081,0.00017,0.00283,0.00026,3
1658,1658,1,0.00016,0.0,0.00014,0.0001,6
2536,2536,4,0.00065,9e-05,0.0004,0.00028,0
915,915,1,0.00016,0.0,5e-05,0.00013,1
6357,6357,1,0.00016,0.0,0.00024,0.0001,11
machi-rufino,Machi Rufino,2,0.00032,0.0,0.0033,0.00011,1
450,450,1,0.00016,0.0,0.00032,8e-05,0
2016,2016,1,0.00016,0.0,0.00036,0.00011,17
618,618,1,0.00016,0,0.0,0.00028,69
mono-fontana,Mono Fontana,1,0.00016,0.0,0.00226,8e-05,1
12425,12425,1,0.00016,0.0,1e-05,0.00013,3
turco-chiodi,Turco Chiodi,1,0.00016,0.0,0.0,0.00015,6
180,180,1,0.00016,0.0,0.00032,0.0001,3
19155,19155,1,0.00016,0,0.0,0.00028,70
4787,4787,1,0.00016,0.0,0.00027,0.0001,0
ricky-espinoza,Ricky Espinoza,1,0.00016,0.0,0.00027,0.0001,0
16188,16188,1,0.00016,0.0,2e-05,0.00012,2
1939,1939,1,0.00016,0.0,0.00014,9e-05,9
ariel-minimal-sanzo,Ariel Minimal Sanzo,2,0.00032,0.0,0.00432,0.00012,0
1039,1039,1,0.00016,0.0,0.00095,9e-05,1
14084,14084,1,0.00016,0.0,0.00095,9e-05,1
383,383,1,0.00016,0.0,0.00095,9e-05,1
17816,17816,1,0.00016,0.0,7e-05,0.0001,9
741,741,1,0.00016,0.0,7e-05,0.0001,9
la-garcia-lopez-band,La Garcia Lopez Band,1,0.00016,0.0,0.00152,8e-05,17
307,307,3,0.00048,0.00042,0.01535,0.00016,2
garcia-lopez-band,Garcia Lopez Band,1,0.00016,0.0,0.01476,8e-05,1
illya-kuryaki,Illya Kuryaki,2,0.00032,0.0,0.02501,0.00011,1
3139,3139,1,0.00016,0.0,0.00114,0.0001,15
3710,3710,1,0.00016,0.0,0.00114,0.0001,15
291,291,1,0.00016,0.0,0.00258,8e-05,1
1141,1141,1,0.00016,0.0,1e-05,0.00011,14
346,346,1,0.00016,0.0,0.00032,9e-05,14
10083,10083,1,0.00016,0,0.0,0.00022,41
6694,6694,1,0.00016,0,0.0,0.00022,41
226,226,2,0.00032,0.0,0.00257,0.00012,1
caballeros-de-la-quema,Caballeros De La Quema,1,0.00016,0.0,0.00063,8e-05,4
1438,1438,1,0.00016,0.0,6e-05,0.00014,29
5505,5505,1,0.00016,0.0,6e-05,0.00014,29
3332,3332,1,0.00016,0,0.0,0.00028,73
385,385,1,0.00016,0.0,0.00023,9e-05,2
570,570,1,0.00016,0.0,0.00091,8e-05,2
11660,11660,1,0.00016,0.0,3e-05,0.0001,13
11503,11503,1,0.00016,0,0.0,0.00022,42
6027,6027,1,0.00016,0,0.0,0.00022,42
246,246,1,0.00016,0,0.0,0.00028,75
1561,1561,1,0.00016,0.0,0.00017,0.0001,8
2112,2112,2,0.00032,5e-05,0.00129,0.00015,54
1749,1749,1,0.00016,0.0,0.00016,9e-05,15
8903,8903,1,0.00016,0,0.0,0.00028,77
4943,4943,1,0.00016,0.0,0.00171,8e-05,1
4706,4706,3,0.00048,4e-05,0.00078,0.00018,3
354,354,1,0.00016,0.0,0.00023,9e-05,7
3253,3253,1,0.00016,0.0,0.0,0.00013,8
122,122,1,0.00016,0.0,0.00044,9e-05,0
10898,10898,1,0.00016,0,0.0,0.00028,78
12452,12452,2,0.00032,0.00236,1e-05,0.00028,18
17119,17119,1,0.00016,0.0,0.0,0.00015,14
392,392,2,0.00032,3e-05,0.00087,0.00014,15
225,225,1,0.00016,0.0,0.0,0.00014,4
264,264,5,0.00081,0.00354,0.00066,0.00038,16
23862,23862,1,0.00016,0,0.0,0.00028,80
carlos-machi-rufino,Carlos Machi Rufino,3,0.00048,5e-05,0.01361,0.00014,1
23601,23601,1,0.00016,0.0,3e-05,0.00013,43
24054,24054,1,0.00016,0.0,3e-05,0.00013,43
880,880,2,0.00032,1e-05,0.0005,0.00013,4
12456,12456,1,0.00016,0.0,8e-05,0.00012,7
2688,2688,1,0.00016,0.0,0.00014,0.00012,1
19574,19574,3,0.00048,0.00038,0.00049,0.00024,3
5612,5612,1,0.00016,0.0,3e-05,0.0001,3
1922,1922,1,0.00016,0,0.0,0.00028,85
3542,3542,1,0.00016,0.0,0.0001,0.0001,0
18945,18945,1,0.00016,0.0,9e-05,0.0001,7
55,55,1,0.00016,0.0,9e-05,0.0001,7
2130,2130,1,0.00016,0,0.0,0.00016,30
4033,4033,3,0.00048,0.0,0.0,0.00029,6
1728,1728,1,0.00016,0.0,0.00051,0.0001,1
la-pesada-del-rock-and-roll,La Pesada Del Rock And Roll,2,0.00032,0.0,0.01204,0.0001,1
7885,7885,1,0.00016,0.0,0.00049,9e-05,2
5912,5912,1,0.00016,0.0,1e-05,0.00013,11
418,418,2,0.00032,0.00036,0.00159,0.00019,0
8432,8432,1,0.00016,0,0.0,0.00022,38
327,327,4,0.00065,0.00014,0.00453,0.00019,1
11455,11455,1,0.00016,0.0,1e-05,0.00015,3
6465,6465,1,0.00016,0.0,0.0,0.00013,6
1893,1893,2,0.00032,0.0,0.00018,0.00016,0
14499,14499,1,0.00016,0.0,5e-05,0.00013,0
3170,3170,1,0.00016,0.0,0.0006,9e-05,9
7959,7959,1,0.00016,0.0,0.0006,9e-05,9
12837,12837,2,0.00032,0.0,0.00102,0.00014,0
241,241,1,0.00016,0.0,0.00188,8e-05,1
398,398,1,0.00016,0.0,0.00188,8e-05,1
1324,1324,1,0.00016,0.0,0.00022,8e-05,1
1612,1612,1,0.00016,0,0.0,0.00028,89
2254,2254,1,0.00016,0.0,7e-05,0.00012,1
328,328,1,0.00016,0.0,7e-05,0.00012,1
415,415,1,0.00016,0.0,7e-05,0.00012,1
4820,4820,1,0.00016,0,0.0,0.00028,90
15984,15984,1,0.00016,0.0,0.00176,8e-05,5
410,410,2,0.00032,3e-05,0.00075,0.00014,0
1217,1217,1,0.00016,0.0,2e-05,0.00014,6
739,739,1,0.00016,0.0,0.00052,9e-05,1
claidio-oconnor,Claidio Oconnor,1,0.00016,0.0,0.00022,9e-05,0
claudio-o-connor,Claudio O Connor,1,0.00016,0.0,0.00022,9e-05,0
334,334,2,0.00032,1e-05,0.00063,0.00013,6
11057,11057,1,0.00016,0,0.0,0.00028,92
391,391,1,0.00016,0.0,0.00021,9e-05,7
3574,3574,1,0.00016,0.0,0.00116,8e-05,5
409,409,2,0.00032,5e-05,0.00044,0.00016,15
23367,23367,1,0.00016,0.0,4e-05,0.0001,3
4861,4861,1,0.00016,0,0.0,0.00028,94
10487,10487,1,0.00016,0.0,0.00064,9e-05,8
aaaaa,Aaaaa,1,0.00016,0.0,0.00148,8e-05,2
284,284,1,0.00016,0.0,0.00082,8e-05,9
572,572,1,0.00016,0.0,0.0003,8e-05,2
6718,6718,1,0.00016,0.0,0.00015,8e-05,6
4298,4298,1,0.00016,0.0,0.0005,9e-05,2
7979,7979,3,0.00048,0.00085,0.00065,0.00025,3
no-ta-va-gustar,No Ta Va Gustar,3,0.00048,5e-05,0.0004,0.00024,3
11752,11752,1,0.00016,0.0,0.00018,0.0001,8
237,237,1,0.00016,0.0,0.00461,7e-05,1
0,0,1,0.00016,0.0,0.00124,9e-05,1
8635,8635,1,0.00016,0.0,1e-05,0.00012,0
9891,9891,1,0.00016,0.0,0.0006,9e-05,6
315,315,1,0.00016,0.0,0.0054,8e-05,1
9217,9217,1,0.00016,0.0,0.0,0.00014,13
1514,1514,1,0.00016,0.0,0.0,0.00017,26
9856,9856,1,0.00016,0.0,1e-05,0.00012,11
12147,12147,2,0.00032,0.0,6e-05,0.00018,11
12150,12150,1,0.00016,0.0,5e-05,0.00011,11
6998,6998,1,0.00016,0.0,0.0,0.00012,11
1132,1132,3,0.00048,0.00011,0.00027,0.00021,10
peyote-asesino,Peyote Asesino,2,0.00032,2e-05,0.00318,0.00013,3
56,56,1,0.00016,0.0,0.00014,0.00012,0
2122,2122,1,0.00016,0.0,0.00031,9e-05,3
895,895,1,0.00016,0.0,0.00031,9e-05,3
mate-cocido,Mate Cocido,1,0.00016,0.0,0.00155,8e-05,0
6310,6310,1,0.00016,0.0,1e-05,0.00013,11
8003,8003,1,0.00016,0.0,0.00036,9e-05,0
23257,23257,1,0.00016,0.0,0.00105,9e-05,11
6356,6356,1,0.00016,0.0,0.00105,9e-05,11
roma-pagana,Roma Pagana,1,0.00016,0.0,0.00041,9e-05,0
882,882,1,0.00016,0.0,0.0,0.00015,47
12049,12049,1,0.00016,0.0,0.00203,8e-05,7
1283,1283,1,0.00016,0.0,0.00203,8e-05,7
1747,1747,1,0.00016,0.0,0.00203,8e-05,7
322,322,1,0.00016,0.0,0.00132,8e-05,1
82,82,1,0.00016,0.0,0.00132,8e-05,1
270,270,1,0.00016,0.0,8e-05,0.00011,0
451,451,1,0.00016,0.0,8e-05,0.00011,0
11151,11151,1,0.00016,0,0.0,0.00028,104
89,89,1,0.00016,0.0,0.00218,8e-05,0
698,698,1,0.00016,0.0,0.00072,9e-05,1
8473,8473,1,0.00016,0.0,0.00072,9e-05,1
25080,25080,1,0.00016,0.0,4e-05,9e-05,9
25903,25903,1,0.00016,0.0,0.0,0.00015,8
13733,13733,1,0.00016,0.0,0.0,0.00014,0
22353,22353,1,0.00016,0.0,0.0,0.00014,3
1684,1684,2,0.00032,1e-05,0.00035,0.00014,1
la-barra-del-chocolate,La Barra Del Chocolate,1,0.00016,0.0,0.00099,8e-05,5
la-blues-banda,La Blues Banda,1,0.00016,0.0,0.00099,8e-05,5
6240,6240,2,0.00032,6e-05,0.00033,0.00017,0
3871,3871,1,0.00016,0,0.0,0.00022,59
150,150,2,0.00032,0.0,0.00312,0.00011,1
166,166,1,0.00016,0.0,0.00159,8e-05,0
jua-ravioli,Jua Ravioli,1,0.00016,0.0,0.00125,8e-05,0
36,36,1,0.00016,0.0,4e-05,0.00011,17
37,37,1,0.00016,0.0,4e-05,0.00011,17
2103,2103,1,0.00016,0.0,8e-05,0.00012,7
18136,18136,1,0.00016,0.0,0.00015,0.00011,12
3233,3233,2,0.00032,3e-05,0.00025,0.00016,16
1131,1131,1,0.00016,0.0,0.00079,9e-05,2
6472,6472,1,0.00016,0.0,0.0,0.00017,6
7657,7657,1,0.00016,0.0,4e-05,0.0001,9
2880,2880,1,0.00016,0.0,0.0,0.00017,11
5178,5178,1,0.00016,0.0,0.0,0.00017,11
375,375,1,0.00016,0.0,0.00061,9e-05,2
6569,6569,1,0.00016,0.0,0.0,0.00012,10
4496,4496,1,0.00016,0,0.0,0.00028,110
23478,23478,1,0.00016,0,0.0,0.00022,57
2173,2173,1,0.00016,0.0,0.00043,8e-05,0
2469,2469,1,0.00016,0.0,0.00043,8e-05,0
11395,11395,1,0.00016,0.0,0.00058,0.0001,12
23884,23884,1,0.00016,0.0,0.00058,0.0001,12
2461,2461,1,0.00016,0.0,0.00012,0.0001,0
1142,1142,1,0.00016,0.0,0.00019,9e-05,7
21897,21897,1,0.00016,0.0,0.0,0.00017,13
266,266,3,0.00048,0.00107,7e-05,0.00035,35
407,407,1,0.00016,0.0,7e-05,0.00011,0
1959,1959,1,0.00016,0,0.0,0.00028,112
692,692,1,0.00016,0.0,0.00086,8e-05,1
234,234,1,0.00016,0,0.0,0.00028,113
1439,1439,1,0.00016,0.0,6e-05,0.0001,0
13784,13784,1,0.00016,0.0,5e-05,0.00012,14
21878,21878,1,0.00016,0.0,5e-05,0.00012,14
1137,1137,1,0.00016,0.0,0.00023,8e-05,7
13729,13729,1,0.00016,0.0,0.00034,9e-05,0
86,86,1,0.00016,0.0,0.00043,9e-05,6
5968,5968,1,0.00016,0.0,0.00063,8e-05,5
535,535,1,0.00016,0.0,6e-05,0.0001,10
2821,2821,1,0.00016,0.0,0.00036,8e-05,1
1710,1710,2,0.00032,3e-05,0.00021,0.00015,16
12937,12937,1,0.00016,0,0.0,0.0002,37
3225,3225,1,0.00016,0.0,2e-05,0.00011,7
9240,9240,1,0.00016,0.0,0.00013,0.00012,2
18985,18985,1,0.00016,0.0,1e-05,0.00012,0
resistencia,Resistencia,1,0.00016,0.0,0.00022,9e-05,0
7656,7656,1,0.00016,0.0,0.00021,0.0001,3
10024,10024,1,0.00016,0,0.0,0.00022,52
300,300,1,0.00016,0.0,0.00023,9e-05,2
13072,13072,1,0.00016,0.0,0.00128,9e-05,3
6463,6463,1,0.00016,0.0,0.0,0.00013,13
8317,8317,1,0.00016,0.0,1e-05,0.00014,16
448,448,1,0.00016,0.0,0.00159,8e-05,4
5702,5702,1,0.00016,0.0,0.00159,8e-05,4
12217,12217,1,0.00016,0,0.0,0.00028,118
812,812,1,0.00016,0.0,0.00076,8e-05,2
hal9000,Hal9000,1,0.00016,0.0,0.00327,8e-05,2
10700,10700,1,0.00016,0.0,0.0019,9e-05,3
117,117,1,0.00016,0.0,0.0019,9e-05,3
177,177,1,0.00016,0.0,0.0019,9e-05,3
200,200,1,0.00016,0.0,0.0019,9e-05,3
278,278,1,0.00016,0.0,0.0019,9e-05,3
283,283,1,0.00016,0.0,0.0019,9e-05,3
389,389,1,0.00016,0.0,0.0019,9e-05,3
401,401,1,0.00016,0.0,0.0019,9e-05,3
8797,8797,1,0.00016,0.0,0.0019,9e-05,3
90,90,1,0.00016,0.0,0.0019,9e-05,3
1892,1892,1,0.00016,0,0.0,0.00028,120
303,303,2,0.00032,0.00011,0.00037,0.00015,3
dani-perez,Dani Perez,1,0.00016,0.0,0.0,0.00014,4
2414,2414,2,0.00032,0.0,0.00165,0.00013,4
valentino-spinetta,Valentino Spinetta,1,0.00016,0.0,0.01035,8e-05,1
la-fernandez-4,La Fernandez 4,1,0.00016,0.0,2e-05,0.00011,8
8529,8529,1,0.00016,0.0,0.00032,0.0001,6
24432,24432,1,0.00016,0.0,0.00029,9e-05,0
23128,23128,1,0.00016,0,0.0,0.00022,53
15749,15749,1,0.00016,0.0,0.0,0.00016,11
24141,24141,1,0.00016,0.0,0.0,0.00016,11
377,377,1,0.00016,0.0,7e-05,0.00011,54
413,413,1,0.00016,0.0,0.0,0.00014,0
351,351,1,0.00016,0.0,0.0,0.00016,35
3462,3462,1,0.00016,0,0.0,0.00022,55
4515,4515,1,0.00016,0,0.0,0.00022,55
4225,4225,1,0.00016,0,0.0,0.00028,123
169,169,1,0.00016,0.0,0.0011,9e-05,4
208,208,1,0.00016,0.0,0.0011,9e-05,4
2204,2204,1,0.00016,0.0,0.0,0.00014,16
296,296,1,0.00016,0.0,0.0,0.00014,16
21848,21848,1,0.00016,0.0,1e-05,0.00013,19
11897,11897,1,0.00016,0.0,0.00013,0.00012,19
sherman,Sherman,1,0.00016,0.0,0.00012,0.0001,2
12076,12076,1,0.00016,0.0,7e-05,0.0001,2
el-ajenjo-rosario,El Ajenjo Rosario,1,0.00016,0.0,6e-05,0.00014,4
11032,11032,1,0.00016,0.0,0.00046,0.0001,1
7920,7920,1,0.00016,0.0,0.00014,0.0001,10
11465,11465,1,0.00016,0.0,0.00016,0.00012,3
294,294,1,0.00016,0.0,0.0085,8e-05,2
957,957,1,0.00016,0.0,0.0085,8e-05,2
charly-alberti,Charly Alberti,1,0.00016,0.0,0.0085,8e-05,2
4466,4466,1,0.00016,0,0.0,0.00028,124
electrica-rioplatense,Electrica Rioplatense,1,0.00016,0.0,0.00339,7e-05,1
134,134,1,0.00016,0.0,0.00035,9e-05,0
4047,4047,1,0.00016,0.0,0.00024,0.0001,16
428,428,1,0.00016,0.0,0.00024,0.0001,16
15766,15766,1,0.00016,0.0,0.0001,0.0001,15
1891,1891,1,0.00016,0.0,0.00019,0.00013,0
5171,5171,1,0.00016,0.0,0.00019,0.00013,0
4173,4173,1,0.00016,0.0,6e-05,0.0001,14
1319,1319,2,0.00032,0.0,0.00252,0.00012,1
los-seasons,Los Seasons,1,0.00016,0.0,0.00226,8e-05,1
pick-ups,Pick Ups,1,0.00016,0.0,0.00226,8e-05,1
sandro-y-los-de-fuego,Sandro Y Los De Fuego,1,0.00016,0.0,0.00226,8e-05,1
manuel-wirtz,Manuel Wirtz,2,0.00032,1e-05,0.0031,0.00012,7
374,374,1,0.00016,0.0,0.00029,9e-05,5
22139,22139,1,0.00016,0,0.0,0.00022,56
8874,8874,1,0.00016,0,0.0,0.00028,129
bambi,Bambi,1,0.00016,0.0,0.00317,8e-05,4
chano,Chano,1,0.00016,0.0,0.00317,8e-05,4
12978,12978,1,0.00016,0,0.0,0.00028,130
gady-pampillion,Gady Pampillion,1,0.00016,0.0,0.0002,9e-05,15
6723,6723,2,0.00032,5e-05,0.00027,0.00017,9
3749,3749,1,0.00016,0,0.0,0.00028,131
1050,1050,1,0.00016,0.0,9e-05,0.00011,17
10505,10505,1,0.00016,0.0,0.00015,0.0001,14
andres-ciro,Andres Ciro,1,0.00016,0.0,0.00037,9e-05,5
juan-saieg,Juan Saieg,1,0.00016,0.0,0.00064,0.0001,2
14359,14359,1,0.00016,0.0,0.00028,0.0001,0
11975,11975,1,0.00016,0.0,0.00156,8e-05,1
319,319,1,0.00016,0.0,3e-05,0.00012,3
9704,9704,1,0.00016,0.0,3e-05,0.00012,3
20302,20302,1,0.00016,0,0.0,0.00028,136
381,381,1,0.00016,0.0,0.00039,9e-05,1
la-orquesta-metafisica,La Orquesta Metafisica,1,0.00016,0.0,0.00044,9e-05,2
gauchos-alemanes,Gauchos Alemanes,1,0.00016,0.0,0.00134,9e-05,2
navi-diaz,Navi Diaz,1,0.00016,0.0,0.00069,8e-05,2
1594,1594,1,0.00016,0.0,0.00013,0.00011,3
2068,2068,1,0.00016,0.0,0.00154,8e-05,1
4565,4565,1,0.00016,0.0,0.00017,0.0001,5
6757,6757,1,0.00016,0,0.0,0.00028,138
1427,1427,1,0.00016,0,0.0,0.00028,141
